namespace DigitoyEditor;

// Editor UI fontu (font.ttf, 79800 bayt) byte[] olarak gomulu.
static class EmbeddedFont
{
    public static readonly byte[] Data =
    {
        0x00,0x01,0x00,0x00,0x00,0x0F,0x00,0x80,0x00,0x03,0x00,0x70,0x46,0x46,0x54,0x4D,0xA3,0x32,0x46,0x10,0x00,0x01,0x37,0x9C,0x00,0x00,0x00,0x1C,0x47,0x44,0x45,0x46,
        0x38,0xFE,0x39,0x90,0x00,0x00,0xCD,0x6C,0x00,0x00,0x01,0x12,0x47,0x50,0x4F,0x53,0xD3,0x9A,0xF0,0xD1,0x00,0x00,0xD6,0xAC,0x00,0x00,0x60,0xEE,0x47,0x53,0x55,0x42,
        0x48,0x4D,0xF9,0xA6,0x00,0x00,0xCE,0x80,0x00,0x00,0x08,0x2C,0x4F,0x53,0x2F,0x32,0x88,0xDB,0x92,0x1A,0x00,0x00,0x01,0x78,0x00,0x00,0x00,0x60,0x63,0x6D,0x61,0x70,
        0xBC,0xFC,0x57,0xE2,0x00,0x00,0x0A,0xA8,0x00,0x00,0x04,0xFE,0x67,0x61,0x73,0x70,0xFF,0xFF,0x00,0x03,0x00,0x00,0xCD,0x64,0x00,0x00,0x00,0x08,0x67,0x6C,0x79,0x66,
        0xA3,0x48,0xB4,0xE3,0x00,0x00,0x14,0x24,0x00,0x00,0xA8,0x18,0x68,0x65,0x61,0x64,0x1F,0x94,0xD2,0x20,0x00,0x00,0x00,0xFC,0x00,0x00,0x00,0x36,0x68,0x68,0x65,0x61,
        0x05,0xE2,0x03,0xC8,0x00,0x00,0x01,0x34,0x00,0x00,0x00,0x24,0x68,0x6D,0x74,0x78,0x1A,0x76,0x45,0x05,0x00,0x00,0x01,0xD8,0x00,0x00,0x08,0xCE,0x6C,0x6F,0x63,0x61,
        0x93,0x3B,0xBE,0x86,0x00,0x00,0x0F,0xA8,0x00,0x00,0x04,0x7C,0x6D,0x61,0x78,0x70,0x02,0xB2,0x01,0x8B,0x00,0x00,0x01,0x58,0x00,0x00,0x00,0x20,0x6E,0x61,0x6D,0x65,
        0x6C,0x10,0x21,0x54,0x00,0x00,0xBC,0x3C,0x00,0x00,0x01,0xFE,0x70,0x6F,0x73,0x74,0x2B,0x02,0xAD,0x10,0x00,0x00,0xBE,0x3C,0x00,0x00,0x0F,0x28,0x00,0x01,0x00,0x00,
        0x00,0x01,0x00,0x00,0x85,0xAF,0x38,0x81,0x5F,0x0F,0x3C,0xF5,0x00,0x0B,0x03,0xE8,0x00,0x00,0x00,0x00,0xD8,0x92,0x0E,0xBB,0x00,0x00,0x00,0x00,0xE5,0x92,0x7F,0xC1,
        0xFF,0x35,0xFF,0x31,0x03,0x1C,0x03,0x8E,0x00,0x00,0x00,0x08,0x00,0x02,0x00,0x00,0x00,0x00,0x00,0x00,0x00,0x01,0x00,0x00,0x03,0x8E,0xFF,0x31,0x00,0x00,0x03,0x37,
        0xFF,0x35,0xFF,0x35,0x03,0x1C,0x00,0x01,0x00,0x00,0x00,0x00,0x00,0x00,0x00,0x00,0x00,0x00,0x00,0x00,0x00,0x00,0x02,0x2A,0x00,0x01,0x00,0x00,0x02,0x3D,0x01,0x88,
        0x00,0x33,0x00,0x00,0x00,0x00,0x00,0x02,0x00,0x00,0x00,0x01,0x00,0x01,0x00,0x00,0x00,0x40,0x00,0x00,0x00,0x00,0x00,0x00,0x00,0x03,0x01,0x7D,0x01,0x90,0x00,0x05,
        0x00,0x00,0x02,0x8A,0x02,0x58,0x00,0x00,0x00,0x4B,0x02,0x8A,0x02,0x58,0x00,0x00,0x01,0x5E,0x00,0x3C,0x01,0x2D,0x00,0x00,0x02,0x0B,0x05,0x06,0x02,0x02,0x02,0x05,
        0x02,0x01,0x00,0x00,0x00,0x07,0x00,0x00,0x00,0x01,0x00,0x00,0x00,0x00,0x00,0x00,0x00,0x00,0x64,0x68,0x72,0x6D,0x00,0x40,0x00,0x0D,0xFB,0x02,0x02,0xEE,0xFF,0x06,
        0x00,0x00,0x03,0x8E,0x00,0xCF,0x20,0x00,0x00,0x97,0x00,0x00,0x00,0x00,0x01,0xF7,0x02,0xBC,0x00,0x00,0x00,0x20,0x00,0x08,0x02,0xE2,0x00,0x36,0x00,0x00,0x00,0x00,
        0x01,0x4D,0x00,0x00,0x00,0xA3,0x00,0x00,0x00,0xA3,0x00,0x00,0x00,0xC6,0x00,0x3C,0x01,0x22,0x00,0x2B,0x01,0x90,0x00,0x16,0x01,0x90,0x00,0x2B,0x02,0x39,0x00,0x1C,
        0x01,0x9C,0x00,0x28,0x00,0xA5,0x00,0x2B,0x01,0x08,0x00,0x3B,0x01,0x08,0x00,0x23,0x01,0x97,0x00,0x17,0x01,0x90,0x00,0x1E,0x00,0xB7,0x00,0x2E,0x01,0x09,0x00,0x1E,
        0x00,0xB7,0x00,0x34,0x01,0x75,0x00,0x0F,0x01,0x90,0x00,0x28,0x01,0x15,0x00,0x18,0x01,0x71,0x00,0x1D,0x01,0x78,0x00,0x1A,0x01,0x8E,0x00,0x13,0x01,0x7D,0x00,0x21,
        0x01,0x88,0x00,0x27,0x01,0x64,0x00,0x11,0x01,0x8C,0x00,0x21,0x01,0x89,0x00,0x20,0x00,0xB7,0x00,0x34,0x00,0xB7,0x00,0x2E,0x01,0x90,0x00,0x2F,0x01,0x90,0x00,0x28,
        0x01,0x90,0x00,0x36,0x01,0x6A,0x00,0x19,0x02,0xB8,0x00,0x20,0x01,0x90,0x00,0x11,0x01,0x92,0x00,0x30,0x01,0x7E,0x00,0x28,0x01,0x96,0x00,0x30,0x01,0x64,0x00,0x30,
        0x01,0x56,0x00,0x30,0x01,0x89,0x00,0x28,0x01,0xA2,0x00,0x30,0x00,0xAD,0x00,0x30,0x01,0x03,0x00,0x11,0x01,0x98,0x00,0x30,0x01,0x56,0x00,0x30,0x02,0x0F,0x00,0x30,
        0x01,0xA9,0x00,0x30,0x01,0x90,0x00,0x28,0x01,0x7F,0x00,0x30,0x01,0x90,0x00,0x28,0x01,0x91,0x00,0x30,0x01,0x71,0x00,0x1C,0x01,0x67,0x00,0x11,0x01,0x93,0x00,0x2C,
        0x01,0x84,0x00,0x12,0x02,0x2E,0x00,0x14,0x01,0x90,0x00,0x10,0x01,0x85,0x00,0x0F,0x01,0x63,0x00,0x15,0x01,0x08,0x00,0x40,0x01,0x75,0x00,0x0F,0x01,0x08,0x00,0x22,
        0x01,0x90,0x00,0x1D,0x01,0x2C,0x00,0x00,0x01,0xF4,0x00,0x8E,0x01,0x6F,0x00,0x1A,0x01,0x80,0x00,0x30,0x01,0x67,0x00,0x26,0x01,0x80,0x00,0x28,0x01,0x72,0x00,0x26,
        0x01,0x06,0x00,0x11,0x01,0x7E,0x00,0x27,0x01,0x81,0x00,0x30,0x00,0xAB,0x00,0x30,0x00,0xAB,0xFF,0xEE,0x01,0x7F,0x00,0x30,0x00,0xAB,0x00,0x30,0x02,0x4E,0x00,0x30,
        0x01,0x81,0x00,0x30,0x01,0x73,0x00,0x26,0x01,0x80,0x00,0x30,0x01,0x80,0x00,0x28,0x01,0x08,0x00,0x30,0x01,0x53,0x00,0x1B,0x01,0x09,0x00,0x10,0x01,0x81,0x00,0x2C,
        0x01,0x65,0x00,0x12,0x02,0x16,0x00,0x14,0x01,0x6F,0x00,0x11,0x01,0x63,0x00,0x11,0x01,0x48,0x00,0x18,0x01,0x08,0x00,0x19,0x01,0x2C,0x00,0x75,0x01,0x08,0x00,0x1C,
        0x01,0x90,0x00,0x11,0x00,0xA3,0x00,0x00,0x00,0xC6,0x00,0x3C,0x01,0x90,0x00,0x31,0x01,0x90,0x00,0x29,0x01,0x90,0x00,0x2B,0x01,0x90,0x00,0x14,0x01,0x2C,0x00,0x75,
        0x01,0x9F,0x00,0x21,0x01,0xF4,0x00,0x98,0x02,0xF2,0x00,0x1D,0x01,0x19,0x00,0x1A,0x01,0x31,0x00,0x1B,0x01,0x90,0x00,0x13,0x01,0x09,0x00,0x1E,0x02,0xF2,0x00,0x1D,
        0x01,0xF4,0x00,0x90,0x01,0x90,0x00,0x54,0x01,0x90,0x00,0x28,0x01,0x1B,0x00,0x2B,0x01,0x1B,0x00,0x25,0x01,0xF4,0x00,0xC9,0x01,0x84,0x00,0x30,0x01,0xC0,0x00,0x24,
        0x00,0xB7,0x00,0x34,0x01,0xF4,0x00,0xA1,0x01,0x1B,0x00,0x3E,0x01,0x19,0x00,0x23,0x01,0x31,0x00,0x1E,0x02,0x8D,0x00,0x3E,0x02,0x8D,0x00,0x3E,0x02,0x8D,0x00,0x25,
        0x01,0x6A,0x00,0x19,0x01,0x90,0x00,0x11,0x01,0x90,0x00,0x11,0x01,0x90,0x00,0x11,0x01,0x90,0x00,0x11,0x01,0x90,0x00,0x11,0x01,0x90,0x00,0x11,0x02,0x45,0x00,0x0F,
        0x01,0x7E,0x00,0x28,0x01,0x64,0x00,0x30,0x01,0x64,0x00,0x30,0x01,0x64,0x00,0x30,0x01,0x64,0x00,0x30,0x00,0xAD,0xFF,0xEA,0x00,0xAD,0x00,0x26,0x00,0xAD,0xFF,0xE2,
        0x00,0xAD,0xFF,0xF5,0x01,0xA5,0x00,0x11,0x01,0xA9,0x00,0x30,0x01,0x90,0x00,0x28,0x01,0x90,0x00,0x28,0x01,0x90,0x00,0x28,0x01,0x90,0x00,0x28,0x01,0x90,0x00,0x28,
        0x01,0x90,0x00,0x2E,0x01,0x90,0x00,0x21,0x01,0x93,0x00,0x2C,0x01,0x93,0x00,0x2C,0x01,0x93,0x00,0x2C,0x01,0x93,0x00,0x2C,0x01,0x85,0x00,0x0F,0x01,0x7F,0x00,0x30,
        0x01,0x89,0x00,0x30,0x01,0x6F,0x00,0x1A,0x01,0x6F,0x00,0x1A,0x01,0x6F,0x00,0x1A,0x01,0x6F,0x00,0x1A,0x01,0x6F,0x00,0x1A,0x01,0x6F,0x00,0x1A,0x02,0x42,0x00,0x1A,
        0x01,0x67,0x00,0x26,0x01,0x72,0x00,0x26,0x01,0x72,0x00,0x26,0x01,0x72,0x00,0x26,0x01,0x72,0x00,0x26,0x00,0xAB,0xFF,0xE8,0x00,0xAB,0x00,0x24,0x00,0xAB,0xFF,0xE0,
        0x00,0xAB,0xFF,0xF3,0x01,0x76,0x00,0x25,0x01,0x81,0x00,0x30,0x01,0x73,0x00,0x26,0x01,0x73,0x00,0x26,0x01,0x73,0x00,0x26,0x01,0x73,0x00,0x26,0x01,0x73,0x00,0x26,
        0x01,0x90,0x00,0x1D,0x01,0x73,0x00,0x26,0x01,0x81,0x00,0x2C,0x01,0x81,0x00,0x2C,0x01,0x81,0x00,0x2C,0x01,0x81,0x00,0x2C,0x01,0x63,0x00,0x11,0x01,0x80,0x00,0x30,
        0x01,0x63,0x00,0x11,0x01,0x90,0x00,0x11,0x01,0x6F,0x00,0x1A,0x01,0x90,0x00,0x11,0x01,0x6F,0x00,0x1A,0x01,0x90,0x00,0x11,0x01,0x6F,0x00,0x1A,0x01,0x7E,0x00,0x28,
        0x01,0x67,0x00,0x26,0x01,0x7E,0x00,0x28,0x01,0x67,0x00,0x26,0x01,0x7E,0x00,0x28,0x01,0x67,0x00,0x26,0x01,0x7E,0x00,0x28,0x01,0x67,0x00,0x26,0x01,0x96,0x00,0x30,
        0x01,0xB8,0x00,0x28,0x01,0xA5,0x00,0x11,0x01,0x80,0x00,0x28,0x01,0x64,0x00,0x30,0x01,0x72,0x00,0x26,0x01,0x64,0x00,0x30,0x01,0x72,0x00,0x26,0x01,0x64,0x00,0x30,
        0x01,0x72,0x00,0x26,0x01,0x64,0x00,0x30,0x01,0x72,0x00,0x26,0x01,0x64,0x00,0x30,0x01,0x72,0x00,0x26,0x01,0x89,0x00,0x28,0x01,0x7E,0x00,0x27,0x01,0x89,0x00,0x28,
        0x01,0x7E,0x00,0x27,0x01,0x89,0x00,0x28,0x01,0x7E,0x00,0x27,0x01,0x89,0x00,0x28,0x01,0x7E,0x00,0x27,0x01,0xA2,0x00,0x30,0x01,0x81,0xFF,0xE0,0x01,0xB6,0x00,0x10,
        0x01,0x81,0x00,0x00,0x00,0xAD,0xFF,0xDD,0x00,0xAB,0xFF,0xDB,0x00,0xAD,0xFF,0xED,0x00,0xAB,0xFF,0xEB,0x00,0xAD,0xFF,0xEE,0x00,0xAB,0xFF,0xEC,0x00,0xAD,0x00,0x0D,
        0x00,0xAB,0x00,0x0C,0x00,0xAD,0x00,0x30,0x00,0xAB,0x00,0x30,0x01,0xB0,0x00,0x30,0x01,0x56,0x00,0x30,0x01,0x03,0x00,0x11,0x00,0xAB,0xFF,0xE0,0x01,0x98,0x00,0x30,
        0x01,0x7F,0x00,0x30,0x01,0x7E,0x00,0x2F,0x01,0x56,0x00,0x30,0x00,0xAB,0x00,0x24,0x01,0x56,0x00,0x30,0x00,0xAB,0x00,0x30,0x01,0x56,0x00,0x30,0x00,0xE3,0x00,0x30,
        0x01,0x55,0x00,0x30,0x00,0xFC,0x00,0x30,0x01,0x70,0x00,0x12,0x00,0xD9,0x00,0x13,0x01,0xA9,0x00,0x30,0x01,0x81,0x00,0x30,0x01,0xA9,0x00,0x30,0x01,0x81,0x00,0x30,
        0x01,0xA9,0x00,0x30,0x01,0x81,0x00,0x30,0x01,0x81,0xFF,0xE4,0x01,0xA9,0x00,0x30,0x01,0x82,0x00,0x30,0x01,0x90,0x00,0x28,0x01,0x73,0x00,0x26,0x01,0x90,0x00,0x28,
        0x01,0x73,0x00,0x26,0x01,0x90,0x00,0x28,0x01,0x73,0x00,0x26,0x02,0x4C,0x00,0x28,0x02,0x50,0x00,0x26,0x01,0x91,0x00,0x30,0x01,0x08,0x00,0x30,0x01,0x91,0x00,0x30,
        0x01,0x08,0x00,0x30,0x01,0x91,0x00,0x30,0x01,0x08,0x00,0x19,0x01,0x71,0x00,0x1C,0x01,0x53,0x00,0x1B,0x01,0x71,0x00,0x1C,0x01,0x53,0x00,0x1B,0x01,0x71,0x00,0x1C,
        0x01,0x53,0x00,0x1B,0x01,0x71,0x00,0x1C,0x01,0x53,0x00,0x1B,0x01,0x67,0x00,0x11,0x01,0x09,0x00,0x10,0x01,0x67,0x00,0x11,0x01,0x14,0x00,0x10,0x01,0x67,0x00,0x11,
        0x01,0x09,0x00,0x10,0x01,0x93,0x00,0x2C,0x01,0x81,0x00,0x2C,0x01,0x93,0x00,0x2C,0x01,0x81,0x00,0x2C,0x01,0x93,0x00,0x2C,0x01,0x81,0x00,0x2C,0x01,0x93,0x00,0x2C,
        0x01,0x81,0x00,0x2C,0x01,0x93,0x00,0x2C,0x01,0x81,0x00,0x2C,0x01,0x93,0x00,0x2C,0x01,0x81,0x00,0x2C,0x02,0x2E,0x00,0x14,0x02,0x16,0x00,0x14,0x01,0x85,0x00,0x0F,
        0x01,0x63,0x00,0x11,0x01,0x85,0x00,0x0F,0x01,0x63,0x00,0x15,0x01,0x48,0x00,0x18,0x01,0x63,0x00,0x15,0x01,0x48,0x00,0x18,0x01,0x63,0x00,0x15,0x01,0x48,0x00,0x18,
        0x01,0x90,0x00,0x18,0x02,0x45,0x00,0x0F,0x02,0x42,0x00,0x1A,0x01,0x90,0x00,0x21,0x01,0x73,0x00,0x26,0x01,0x71,0x00,0x1C,0x01,0x53,0x00,0x1B,0x01,0x67,0x00,0x11,
        0x01,0x09,0x00,0x10,0x00,0xAB,0xFF,0xEE,0x00,0x00,0xFF,0xDA,0x01,0xF4,0x00,0x85,0x01,0xF4,0x00,0x85,0x01,0xF4,0x00,0x90,0x01,0xF4,0x00,0x91,0x01,0xF4,0x00,0xD5,
        0x01,0xF4,0x00,0xAA,0x01,0xF4,0x00,0xB4,0x01,0xF4,0x00,0x81,0x01,0xF4,0x00,0x8A,0x00,0x00,0xFF,0x93,0x00,0x00,0xFF,0xCF,0x00,0x00,0xFF,0x8B,0x00,0x00,0xFF,0x86,
        0x00,0x00,0xFF,0x96,0x00,0x00,0xFF,0x97,0x00,0x00,0xFF,0xDA,0x00,0x00,0xFF,0x9E,0x00,0x00,0xFF,0xB0,0x00,0x00,0xFF,0x90,0x00,0x00,0xFF,0x8B,0x00,0x00,0xFF,0xDA,
        0x00,0x00,0xFF,0xDA,0x00,0x00,0xFF,0xA2,0x00,0x00,0xFF,0xB9,0x00,0x00,0xFF,0x9B,0x00,0x00,0xFF,0x35,0x00,0x00,0xFF,0x6E,0x00,0x00,0xFF,0x59,0x01,0x90,0x00,0x11,
        0x01,0x8D,0x00,0x26,0x01,0x84,0x00,0x30,0x01,0xB6,0x00,0x12,0x01,0x64,0x00,0x30,0x01,0x7F,0x00,0x28,0x00,0xAD,0x00,0x30,0x00,0xAD,0xFF,0xF5,0x01,0x90,0x00,0x11,
        0x01,0x88,0x00,0x30,0x01,0x92,0x00,0x30,0x01,0x4C,0x00,0x30,0x01,0xD7,0x00,0x11,0x01,0x64,0x00,0x30,0x02,0x66,0x00,0x10,0x01,0x78,0x00,0x1A,0x01,0xA9,0x00,0x30,
        0x01,0xA9,0x00,0x30,0x01,0x98,0x00,0x30,0x01,0xC7,0x00,0x11,0x02,0x0F,0x00,0x30,0x01,0xA2,0x00,0x30,0x01,0x90,0x00,0x28,0x01,0xA2,0x00,0x30,0x01,0x7F,0x00,0x30,
        0x01,0x7E,0x00,0x28,0x01,0x67,0x00,0x11,0x01,0x85,0x00,0x14,0x02,0x25,0x00,0x1E,0x01,0x90,0x00,0x10,0x01,0xBD,0x00,0x30,0x01,0x94,0x00,0x1F,0x02,0x4C,0x00,0x30,
        0x02,0x68,0x00,0x30,0x01,0xB8,0x00,0x11,0x02,0x2D,0x00,0x30,0x01,0x80,0x00,0x30,0x01,0x7F,0x00,0x1B,0x02,0x44,0x00,0x30,0x01,0x91,0x00,0x1F,0x01,0x6F,0x00,0x1A,
        0x01,0x79,0x00,0x2B,0x01,0x82,0x00,0x30,0x01,0x26,0x00,0x30,0x01,0xB6,0x00,0x12,0x01,0x72,0x00,0x26,0x02,0x37,0x00,0x11,0x01,0x6B,0x00,0x1B,0x01,0x8B,0x00,0x30,
        0x01,0x8B,0x00,0x30,0x01,0x7E,0x00,0x2F,0x01,0xA8,0x00,0x12,0x02,0x0E,0x00,0x30,0x01,0x89,0x00,0x30,0x01,0x73,0x00,0x26,0x01,0x84,0x00,0x30,0x01,0x80,0x00,0x30,
        0x01,0x67,0x00,0x26,0x01,0x5E,0x00,0x12,0x01,0x63,0x00,0x11,0x01,0xF5,0x00,0x25,0x01,0x6F,0x00,0x11,0x01,0x9E,0x00,0x30,0x01,0x73,0x00,0x1E,0x02,0x41,0x00,0x30,
        0x02,0x5B,0x00,0x30,0x01,0xB7,0x00,0x12,0x02,0x26,0x00,0x30,0x01,0x7B,0x00,0x30,0x01,0x6A,0x00,0x1B,0x02,0x2C,0x00,0x30,0x01,0x8B,0x00,0x1E,0x01,0x72,0x00,0x26,
        0x01,0x6A,0x00,0x26,0x00,0xAB,0x00,0x30,0x00,0xAB,0xFF,0xF3,0x01,0x4C,0x00,0x30,0x01,0x26,0x00,0x30,0x01,0x92,0x00,0x30,0x01,0x80,0x00,0x30,0x01,0x96,0x00,0x30,
        0x01,0x80,0x00,0x28,0x01,0x56,0x00,0x30,0x01,0x06,0x00,0x11,0x02,0x0F,0x00,0x30,0x02,0x4E,0x00,0x30,0x01,0x7F,0x00,0x30,0x01,0x80,0x00,0x30,0x01,0x71,0x00,0x1C,
        0x01,0x53,0x00,0x1B,0x01,0x67,0x00,0x11,0x01,0x09,0x00,0x10,0x02,0x2E,0x00,0x14,0x02,0x16,0x00,0x14,0x02,0x2E,0x00,0x14,0x02,0x16,0x00,0x14,0x02,0x2E,0x00,0x14,
        0x02,0x16,0x00,0x14,0x01,0x98,0x00,0x30,0x01,0x85,0x00,0x0F,0x01,0x63,0x00,0x11,0x01,0x2C,0x00,0x00,0x01,0xF4,0x00,0x00,0x01,0x90,0x00,0x00,0x00,0xB7,0x00,0x00,
        0x00,0x00,0x00,0x00,0x01,0x90,0x00,0x00,0x01,0x2C,0x00,0x00,0x01,0xF4,0x00,0x00,0x00,0xB7,0x00,0x34,0x00,0xB7,0x00,0x2E,0x00,0xB7,0x00,0x2E,0x01,0x35,0x00,0x34,
        0x01,0x35,0x00,0x2E,0x01,0x35,0x00,0x2E,0x01,0x9B,0x00,0x1D,0x01,0xA4,0x00,0x21,0x01,0x2C,0x00,0x57,0x01,0xF4,0x00,0x2C,0x03,0x37,0x00,0x1C,0x00,0xB3,0x00,0x1B,
        0x00,0xB3,0x00,0x1D,0x00,0x57,0xFF,0x88,0x01,0x1B,0x00,0x27,0x01,0x1B,0x00,0x1B,0x01,0x1B,0x00,0x2A,0x01,0x1B,0x00,0x2A,0x01,0x1B,0x00,0x26,0x01,0x1B,0x00,0x22,
        0x01,0x1B,0x00,0x23,0x01,0x1B,0x00,0x27,0x01,0x1B,0x00,0x3E,0x01,0x1B,0x00,0x2B,0x01,0x1B,0x00,0x25,0x01,0x1B,0x00,0x1B,0x01,0x1B,0x00,0x2A,0x01,0x1B,0x00,0x2A,
        0x01,0x1B,0x00,0x26,0x01,0x1B,0x00,0x22,0x01,0x1B,0x00,0x23,0x01,0x90,0x00,0x1A,0x01,0x90,0x00,0x21,0x02,0x8C,0x00,0x56,0x01,0x90,0x00,0x16,0x01,0x90,0x00,0x18,
        0x00,0xE8,0x00,0x2F,0x02,0x93,0x00,0x30,0x02,0xF2,0x00,0x1D,0x02,0x55,0x00,0x1B,0x02,0x57,0x00,0x0E,0x01,0x8D,0x00,0x26,0x03,0x35,0x00,0x21,0x02,0x8D,0x00,0x3E,
        0x02,0x8D,0x00,0x2B,0x02,0x8D,0x00,0x3E,0x02,0x8D,0x00,0x25,0x02,0x8D,0x00,0x2A,0x02,0x8D,0x00,0x26,0x01,0x9D,0x00,0x1E,0x02,0xAD,0x00,0x1E,0x01,0x90,0x00,0x11,
        0x01,0xD1,0x00,0x39,0x01,0x9A,0x00,0x1E,0x01,0x90,0x00,0x1E,0x01,0x90,0x00,0x15,0x00,0xBA,0x00,0x2B,0x01,0xD2,0x00,0x16,0x02,0x7D,0x00,0x21,0x01,0x90,0x00,0x3C,
        0x01,0x90,0x00,0x11,0x01,0x90,0x00,0x28,0x01,0x90,0x00,0x2E,0x01,0x90,0x00,0x36,0x01,0x90,0x00,0x18,0x02,0x14,0x00,0x00,0x02,0x14,0x00,0x00,0x02,0x14,0x00,0x00,
        0x02,0x7A,0x00,0x17,0x01,0xB1,0x00,0x11,0x01,0xB1,0x00,0x11,0x01,0x03,0x00,0x11,0x00,0xAB,0x00,0x30,0x01,0x90,0x00,0x28,0x01,0x90,0x00,0x5B,0x01,0x90,0x00,0x2D,
        0x01,0x90,0x00,0x26,0x01,0x90,0x00,0x15,0x01,0x90,0x00,0x2B,0x01,0x90,0x00,0x2B,0x01,0x90,0x00,0x27,0x01,0x90,0x00,0x23,0x01,0x90,0x00,0x24,0x01,0x1B,0x00,0x27,
        0x00,0x3E,0x00,0x2B,0x00,0x25,0x00,0x1B,0x00,0x2A,0x00,0x2A,0x00,0x26,0x00,0x22,0x00,0x23,0x00,0x27,0x00,0x3E,0x00,0x2B,0x00,0x25,0x00,0x1B,0x00,0x2A,0x00,0x2A,
        0x00,0x26,0x00,0x22,0x00,0x23,0x00,0x00,0x00,0x00,0x00,0x03,0x00,0x00,0x00,0x03,0x00,0x00,0x00,0x1C,0x00,0x01,0x00,0x00,0x00,0x00,0x02,0xF4,0x00,0x03,0x00,0x01,
        0x00,0x00,0x00,0x1C,0x00,0x04,0x02,0xD8,0x00,0x00,0x00,0x76,0x00,0x40,0x00,0x05,0x00,0x36,0x00,0x0D,0x00,0x7E,0x01,0x7E,0x01,0x92,0x01,0xFF,0x02,0x1B,0x02,0x37,
        0x02,0xBC,0x02,0xC9,0x02,0xDD,0x03,0x04,0x03,0x0C,0x03,0x12,0x03,0x28,0x03,0x38,0x03,0x94,0x03,0xA9,0x03,0xC0,0x04,0x07,0x04,0x4F,0x04,0x57,0x04,0x91,0x1E,0x03,
        0x1E,0x0B,0x1E,0x1F,0x1E,0x41,0x1E,0x57,0x1E,0x61,0x1E,0x6B,0x1E,0x85,0x1E,0x9E,0x1E,0xF3,0x20,0x0B,0x20,0x26,0x20,0x30,0x20,0x3A,0x20,0x44,0x20,0x70,0x20,0x79,
        0x20,0x89,0x20,0xAC,0x20,0xBF,0x21,0x17,0x21,0x26,0x21,0x2E,0x21,0x54,0x21,0x5E,0x22,0x06,0x22,0x1E,0x22,0x2B,0x22,0x48,0x22,0x65,0x25,0xCA,0xE0,0x06,0xE0,0xFF,
        0xF0,0x00,0xF8,0xFF,0xFB,0x02,0xFF,0xFF,0x00,0x00,0x00,0x0D,0x00,0x20,0x00,0xA0,0x01,0x92,0x01,0xFC,0x02,0x18,0x02,0x37,0x02,0xBC,0x02,0xC6,0x02,0xD8,0x03,0x00,
        0x03,0x06,0x03,0x12,0x03,0x26,0x03,0x35,0x03,0x94,0x03,0xA9,0x03,0xBC,0x04,0x01,0x04,0x10,0x04,0x51,0x04,0x90,0x1E,0x02,0x1E,0x0A,0x1E,0x1E,0x1E,0x40,0x1E,0x56,
        0x1E,0x60,0x1E,0x6A,0x1E,0x80,0x1E,0x9E,0x1E,0xF2,0x20,0x02,0x20,0x12,0x20,0x30,0x20,0x39,0x20,0x44,0x20,0x70,0x20,0x74,0x20,0x80,0x20,0xAC,0x20,0xB9,0x21,0x13,
        0x21,0x20,0x21,0x2E,0x21,0x53,0x21,0x5B,0x22,0x02,0x22,0x0F,0x22,0x2B,0x22,0x48,0x22,0x60,0x25,0xCA,0xE0,0x00,0xE0,0xFF,0xEF,0xFD,0xF8,0xFF,0xFB,0x01,0xFF,0xFF,
        0xFF,0xF6,0xFF,0xE4,0xFF,0xC3,0xFF,0xB0,0xFF,0x47,0xFF,0x2F,0xFF,0x14,0xFE,0x90,0x00,0x00,0xFE,0x78,0xFE,0x56,0x00,0x00,0xFE,0x4F,0xFE,0x3C,0xFE,0x30,0xFD,0xD5,
        0xFD,0xC1,0x00,0x00,0x00,0x00,0xFD,0x61,0x00,0x00,0xFD,0x25,0xE3,0xB5,0xE3,0xAF,0xE3,0x9D,0xE3,0x7D,0xE3,0x69,0xE3,0x61,0xE3,0x59,0xE3,0x45,0xE3,0x2D,0xE2,0xDA,
        0x00,0x00,0x00,0x00,0xE1,0xB0,0xE1,0xA8,0xE1,0x9F,0xE1,0x74,0xE1,0x71,0xE1,0x6B,0xE1,0x49,0x00,0x00,0x00,0x00,0x00,0x00,0xE0,0xD2,0xE0,0xAE,0xE0,0xA8,0x00,0x00,
        0x00,0x00,0xDF,0xE6,0xDF,0xCA,0x00,0x00,0xDC,0x4C,0x00,0x00,0x21,0x18,0x00,0x00,0x09,0x1B,0x00,0x00,0x00,0x01,0x00,0x00,0x00,0x00,0x00,0x00,0x00,0x00,0x00,0x00,
        0x00,0x00,0x00,0x00,0x00,0x00,0x00,0x66,0x00,0x00,0x00,0x00,0x00,0x68,0x00,0x00,0x00,0x00,0x00,0x00,0x00,0x00,0x00,0x00,0x00,0x6A,0x00,0x72,0x00,0x00,0x00,0x7C,
        0x00,0x00,0x00,0x00,0x00,0x00,0x00,0x00,0x00,0x00,0x00,0x00,0x00,0x00,0x00,0x00,0x00,0x00,0x00,0x00,0x00,0x00,0x00,0x72,0x00,0x84,0x00,0x00,0x00,0x00,0x00,0x00,
        0x00,0x00,0x00,0x00,0x00,0x00,0x00,0x00,0x00,0x9E,0x00,0xAA,0x00,0xB2,0x00,0x00,0x00,0x00,0x00,0x00,0x00,0xB8,0x00,0xC0,0x00,0x00,0x00,0x00,0x00,0xDA,0x00,0x00,
        0x00,0xE2,0x00,0x00,0x00,0xEC,0x00,0x00,0x00,0xF0,0x00,0x00,0x01,0x4D,0x01,0x4E,0x00,0x00,0x01,0x4F,0x01,0x5B,0x01,0x5C,0x01,0x5D,0x00,0x00,0x01,0x5E,0x01,0x5F,
        0x01,0x60,0x01,0x6B,0x00,0x00,0x00,0x00,0x00,0x00,0x01,0x6C,0x01,0x6D,0x00,0x00,0x00,0x00,0x01,0x6E,0x00,0x00,0x01,0x6F,0x01,0x70,0x01,0xB1,0x00,0x00,0x00,0x00,
        0x01,0xB2,0x00,0x00,0x01,0xB3,0x01,0xB4,0x01,0xCE,0x01,0xCF,0x00,0x00,0x00,0x00,0x00,0x00,0x01,0xD0,0x01,0xD1,0x00,0x00,0x00,0x00,0x01,0xD2,0x01,0xD3,0x01,0xD4,
        0x01,0xD5,0x00,0x00,0x00,0x00,0x00,0x00,0x01,0xD6,0x01,0xD7,0x01,0xD8,0x00,0x00,0x01,0xD9,0x01,0xDA,0x01,0xDB,0x00,0x00,0x01,0xDC,0x01,0xDD,0x01,0xDE,0x00,0x00,
        0x00,0x00,0x00,0x00,0x01,0xDF,0x01,0xF6,0x01,0xF7,0x00,0x00,0x00,0x00,0x01,0xF8,0x00,0x00,0x01,0xF9,0x01,0xFA,0x00,0x00,0x00,0x00,0x01,0xFB,0x01,0xFC,0x01,0xFD,
        0x00,0x00,0x01,0xFE,0x00,0x00,0x00,0x00,0x00,0x00,0x01,0xFF,0x02,0x07,0x00,0x00,0x00,0x00,0x02,0x08,0x02,0x09,0x02,0x0A,0x00,0x00,0x02,0x0B,0x02,0x0C,0x00,0x00,
        0x00,0x00,0x02,0x0D,0x00,0x00,0x00,0x00,0x00,0x00,0x02,0x0E,0x02,0x0F,0x00,0x00,0x00,0x00,0x00,0x00,0x02,0x10,0x02,0x13,0x00,0x00,0x00,0x00,0x00,0x00,0x02,0x14,
        0x02,0x15,0x00,0x26,0x00,0x29,0x00,0x37,0x00,0x46,0x00,0x57,0x00,0x5B,0x00,0x5D,0x02,0x18,0x00,0x00,0x00,0x00,0x02,0x19,0x02,0x1B,0x02,0x1C,0x00,0x06,0x02,0x0A,
        0x00,0x00,0x00,0x00,0x01,0x00,0x00,0x01,0x00,0x00,0x00,0x00,0x00,0x00,0x00,0x00,0x00,0x00,0x00,0x00,0x00,0x00,0x00,0x01,0x00,0x02,0x00,0x00,0x00,0x00,0x00,0x00,
        0x00,0x03,0x00,0x00,0x00,0x00,0x00,0x00,0x00,0x00,0x00,0x00,0x00,0x00,0x00,0x00,0x00,0x00,0x00,0x00,0x00,0x00,0x00,0x00,0x00,0x00,0x00,0x00,0x00,0x00,0x00,0x00,
        0x00,0x01,0x00,0x00,0x00,0x00,0x00,0x04,0x00,0x05,0x00,0x06,0x00,0x07,0x00,0x08,0x00,0x09,0x00,0x0A,0x00,0x0B,0x00,0x0C,0x00,0x0D,0x00,0x0E,0x00,0x0F,0x00,0x10,
        0x00,0x11,0x00,0x12,0x00,0x13,0x00,0x14,0x00,0x15,0x00,0x16,0x00,0x17,0x00,0x18,0x00,0x19,0x00,0x1A,0x00,0x1B,0x00,0x1C,0x00,0x1D,0x00,0x1E,0x00,0x1F,0x00,0x20,
        0x00,0x21,0x00,0x22,0x00,0x23,0x00,0x24,0x00,0x25,0x00,0x26,0x00,0x27,0x00,0x28,0x00,0x29,0x00,0x2A,0x00,0x2B,0x00,0x2C,0x00,0x2D,0x00,0x2E,0x00,0x2F,0x00,0x30,
        0x00,0x31,0x00,0x32,0x00,0x33,0x00,0x34,0x00,0x35,0x00,0x36,0x00,0x37,0x00,0x38,0x00,0x39,0x00,0x3A,0x00,0x3B,0x00,0x3C,0x00,0x3D,0x00,0x3E,0x00,0x3F,0x00,0x40,
        0x00,0x41,0x00,0x42,0x00,0x43,0x00,0x44,0x00,0x45,0x00,0x46,0x00,0x47,0x00,0x48,0x00,0x49,0x00,0x4A,0x00,0x4B,0x00,0x4C,0x00,0x4D,0x00,0x4E,0x00,0x4F,0x00,0x50,
        0x00,0x51,0x00,0x52,0x00,0x53,0x00,0x54,0x00,0x55,0x00,0x56,0x00,0x57,0x00,0x58,0x00,0x59,0x00,0x5A,0x00,0x5B,0x00,0x5C,0x00,0x5D,0x00,0x5E,0x00,0x5F,0x00,0x60,
        0x00,0x61,0x00,0x62,0x00,0x00,0x00,0x87,0x00,0x88,0x00,0x8A,0x00,0x8C,0x00,0x94,0x00,0x99,0x00,0x9F,0x00,0xA4,0x00,0xA3,0x00,0xA5,0x00,0xA7,0x00,0xA6,0x00,0xA8,
        0x00,0xAA,0x00,0xAC,0x00,0xAB,0x00,0xAD,0x00,0xAE,0x00,0xB0,0x00,0xAF,0x00,0xB1,0x00,0xB2,0x00,0xB4,0x00,0xB6,0x00,0xB5,0x00,0xB7,0x00,0xB9,0x00,0xB8,0x00,0xBD,
        0x00,0xBC,0x00,0xBE,0x00,0xBF,0x01,0xDC,0x00,0x73,0x00,0x65,0x00,0x66,0x00,0x6A,0x01,0xDE,0x00,0x79,0x00,0xA2,0x00,0x71,0x00,0x6C,0x01,0xFE,0x00,0x77,0x00,0x6B,
        0x02,0x13,0x00,0x89,0x00,0x9B,0x02,0x10,0x00,0x74,0x02,0x14,0x02,0x15,0x00,0x68,0x00,0x78,0x02,0x07,0x02,0x0B,0x02,0x0A,0x01,0x6C,0x02,0x11,0x00,0x6D,0x00,0x7D,
        0x01,0x6A,0x00,0xA9,0x00,0xBB,0x00,0x82,0x00,0x64,0x00,0x6F,0x02,0x0F,0x01,0x42,0x02,0x12,0x02,0x09,0x00,0x6E,0x00,0x7E,0x01,0xDF,0x00,0x63,0x00,0x83,0x00,0x86,
        0x00,0x98,0x01,0x15,0x01,0x16,0x01,0xD4,0x01,0xD5,0x01,0xD9,0x01,0xDA,0x01,0xD6,0x01,0xD7,0x00,0xBA,0x02,0x16,0x00,0xC2,0x01,0x3B,0x01,0xE3,0x01,0xF5,0x01,0xE1,
        0x01,0xE2,0x02,0x1B,0x02,0x1C,0x01,0xDD,0x00,0x7A,0x01,0xD8,0x01,0xDB,0x01,0xE0,0x00,0x85,0x00,0x8D,0x00,0x84,0x00,0x8E,0x00,0x8B,0x00,0x90,0x00,0x91,0x00,0x92,
        0x00,0x8F,0x00,0x96,0x00,0x97,0x02,0x1A,0x00,0x95,0x00,0x9D,0x00,0x9E,0x00,0x9C,0x00,0xF4,0x01,0x4D,0x01,0x54,0x00,0x72,0x01,0x50,0x01,0x51,0x01,0x52,0x00,0x7B,
        0x01,0x55,0x01,0x53,0x01,0x4E,0x00,0x00,0x00,0x00,0x01,0xDC,0x01,0xDC,0x01,0xDC,0x01,0xDC,0x01,0xDC,0x01,0xF2,0x02,0x06,0x02,0x38,0x02,0x7A,0x02,0xC0,0x02,0xFC,
        0x03,0x0A,0x03,0x2A,0x03,0x4A,0x03,0x68,0x03,0x7C,0x03,0x8C,0x03,0x98,0x03,0xA4,0x03,0xB4,0x03,0xDA,0x03,0xF0,0x04,0x1A,0x04,0x50,0x04,0x6A,0x04,0x94,0x04,0xC4,
        0x04,0xD6,0x05,0x14,0x05,0x46,0x05,0x58,0x05,0x6E,0x05,0x80,0x05,0x94,0x05,0xA6,0x05,0xD2,0x06,0x30,0x06,0x48,0x06,0x7A,0x06,0xA4,0x06,0xC2,0x06,0xD8,0x06,0xEC,
        0x07,0x16,0x07,0x2C,0x07,0x38,0x07,0x52,0x07,0x6C,0x07,0x7A,0x07,0x94,0x07,0xAA,0x07,0xD0,0x07,0xF0,0x08,0x20,0x08,0x50,0x08,0x82,0x08,0x94,0x08,0xAE,0x08,0xC0,
        0x08,0xDC,0x08,0xF8,0x09,0x0E,0x09,0x22,0x09,0x34,0x09,0x44,0x09,0x56,0x09,0x68,0x09,0x74,0x09,0x82,0x09,0xBC,0x09,0xE4,0x0A,0x08,0x0A,0x32,0x0A,0x5A,0x0A,0x7A,
        0x0A,0xAE,0x0A,0xCA,0x0A,0xDE,0x0A,0xFC,0x0B,0x14,0x0B,0x20,0x0B,0x4C,0x0B,0x6A,0x0B,0x8E,0x0B,0xB6,0x0B,0xDE,0x0B,0xF8,0x0C,0x34,0x0C,0x54,0x0C,0x72,0x0C,0x84,
        0x0C,0xA0,0x0C,0xB8,0x0C,0xDA,0x0C,0xEE,0x0D,0x1C,0x0D,0x2A,0x0D,0x56,0x0D,0x7A,0x0D,0x7A,0x0D,0x90,0x0D,0xC6,0x0D,0xFC,0x0E,0x32,0x0E,0x56,0x0E,0x6A,0x0E,0xD0,
        0x0E,0xE2,0x0F,0x1E,0x0F,0x5C,0x0F,0x76,0x0F,0x86,0x0F,0x92,0x0F,0xDE,0x0F,0xEA,0x10,0x08,0x10,0x20,0x10,0x4C,0x10,0x7A,0x10,0x88,0x10,0xA8,0x10,0xC0,0x10,0xCC,
        0x10,0xE8,0x10,0xFE,0x11,0x28,0x11,0x42,0x11,0x74,0x11,0xB8,0x12,0x00,0x12,0x2C,0x12,0x4C,0x12,0x6C,0x12,0x90,0x12,0xC2,0x12,0xE6,0x13,0x16,0x13,0x38,0x13,0x76,
        0x13,0x94,0x13,0xB2,0x13,0xD4,0x13,0xF6,0x14,0x0A,0x14,0x1E,0x14,0x36,0x14,0x4E,0x14,0x76,0x14,0xA6,0x14,0xD4,0x15,0x02,0x15,0x34,0x15,0x72,0x15,0xA4,0x15,0xBE,
        0x15,0xF8,0x16,0x1A,0x16,0x3C,0x16,0x62,0x16,0x88,0x16,0xA6,0x16,0xC6,0x17,0x04,0x17,0x44,0x17,0x86,0x17,0xCA,0x18,0x1E,0x18,0x64,0x18,0xB4,0x19,0x06,0x19,0x3E,
        0x19,0x6C,0x19,0x9C,0x19,0xCE,0x1A,0x02,0x1A,0x16,0x1A,0x2A,0x1A,0x42,0x1A,0x5A,0x1A,0x92,0x1A,0xC8,0x1A,0xF4,0x1B,0x20,0x1B,0x50,0x1B,0x8C,0x1B,0xBC,0x1B,0xD4,
        0x1C,0x0C,0x1C,0x2E,0x1C,0x52,0x1C,0x78,0x1C,0xA0,0x1C,0xCA,0x1C,0xF2,0x1D,0x20,0x1D,0x40,0x1D,0x82,0x1D,0xAA,0x1D,0xF4,0x1E,0x1E,0x1E,0x68,0x1E,0x9A,0x1E,0xC6,
        0x1E,0xFC,0x1F,0x2C,0x1F,0x5C,0x1F,0x86,0x1F,0xBC,0x1F,0xEC,0x20,0x16,0x20,0x4C,0x20,0x74,0x20,0xA8,0x20,0xC4,0x20,0xF2,0x21,0x18,0x21,0x50,0x21,0x6C,0x21,0x9A,
        0x21,0xC2,0x21,0xFC,0x22,0x1E,0x22,0x50,0x22,0x84,0x22,0xC2,0x22,0xFC,0x23,0x40,0x23,0x70,0x23,0xAA,0x23,0xDC,0x24,0x1A,0x24,0x3C,0x24,0x64,0x24,0x88,0x24,0xAC,
        0x24,0xD2,0x24,0xF8,0x25,0x0C,0x25,0x20,0x25,0x3E,0x25,0x5C,0x25,0x7A,0x25,0x9E,0x25,0xB2,0x25,0xBE,0x25,0xDE,0x26,0x08,0x26,0x2C,0x26,0x4E,0x26,0x72,0x26,0x94,
        0x26,0xAC,0x26,0xC2,0x26,0xD6,0x26,0xEE,0x27,0x04,0x27,0x1C,0x27,0x32,0x27,0x46,0x27,0x58,0x27,0x72,0x27,0x8A,0x27,0xA8,0x27,0xCC,0x27,0xEC,0x28,0x14,0x28,0x36,
        0x28,0x5E,0x28,0x84,0x28,0xA8,0x28,0xD0,0x28,0xFC,0x29,0x26,0x29,0x5C,0x29,0x90,0x29,0xC4,0x29,0xF6,0x2A,0x1E,0x2A,0x5C,0x2A,0x94,0x2A,0xB4,0x2A,0xEE,0x2B,0x12,
        0x2B,0x4E,0x2B,0x72,0x2B,0xAA,0x2B,0xEE,0x2C,0x2A,0x2C,0x72,0x2C,0xB8,0x2D,0x08,0x2D,0x44,0x2D,0x8C,0x2D,0xB0,0x2D,0xE6,0x2E,0x04,0x2E,0x2E,0x2E,0x48,0x2E,0x70,
        0x2E,0xA4,0x2E,0xDA,0x2E,0xFA,0x2F,0x1C,0x2F,0x46,0x2F,0x72,0x2F,0xA4,0x2F,0xD6,0x2F,0xFE,0x30,0x28,0x30,0x52,0x30,0x7E,0x30,0xA6,0x30,0xCE,0x30,0xF0,0x31,0x1E,
        0x31,0x40,0x31,0x5C,0x31,0x78,0x31,0x94,0x31,0xB0,0x31,0xD0,0x31,0xF0,0x32,0x36,0x32,0x5E,0x32,0xB8,0x32,0xF8,0x33,0x36,0x33,0x72,0x33,0xB8,0x33,0xD2,0x33,0xFC,
        0x34,0x14,0x34,0x24,0x34,0x36,0x34,0x48,0x34,0x54,0x34,0x6A,0x34,0x76,0x34,0x94,0x34,0xAE,0x34,0xCE,0x34,0xE2,0x34,0xF0,0x34,0xFE,0x35,0x10,0x35,0x30,0x35,0x3C,
        0x35,0x52,0x35,0x5E,0x35,0x70,0x35,0x8E,0x35,0xA2,0x35,0xB4,0x35,0xC4,0x35,0xD4,0x35,0xF0,0x36,0x08,0x36,0x14,0x36,0x22,0x36,0x30,0x36,0x3E,0x36,0x52,0x36,0x80,
        0x36,0xA0,0x36,0xB6,0x36,0xD8,0x37,0x08,0x37,0x14,0x37,0x2C,0x37,0x44,0x37,0x66,0x37,0x98,0x37,0xA8,0x37,0xCC,0x37,0xE2,0x38,0x08,0x38,0x3E,0x38,0x54,0x38,0x7A,
        0x38,0x94,0x38,0xB4,0x38,0xCE,0x38,0xE4,0x39,0x0A,0x39,0x1C,0x39,0x3C,0x39,0x66,0x39,0x78,0x39,0x9A,0x39,0xCC,0x39,0xE8,0x3A,0x00,0x3A,0x1E,0x3A,0x34,0x3A,0x50,
        0x3A,0x72,0x3A,0x98,0x3A,0xB8,0x3A,0xE8,0x3B,0x18,0x3B,0x4A,0x3B,0x84,0x3B,0xBC,0x3B,0xEE,0x3B,0xFC,0x3C,0x20,0x3C,0x48,0x3C,0x6A,0x3C,0xA0,0x3C,0xB6,0x3C,0xDA,
        0x3C,0xF2,0x3D,0x12,0x3D,0x2E,0x3D,0x44,0x3D,0x68,0x3D,0x7C,0x3D,0xA4,0x3D,0xC8,0x3D,0xDA,0x3D,0xFC,0x3E,0x2E,0x3E,0x46,0x3E,0x5E,0x3E,0x7A,0x3E,0x90,0x3E,0xAC,
        0x3E,0xCA,0x3E,0xEE,0x3F,0x0C,0x3F,0x32,0x3F,0x60,0x3F,0x90,0x3F,0xC4,0x3F,0xEC,0x40,0x00,0x40,0x18,0x40,0x2A,0x40,0x3C,0x40,0x76,0x40,0xA4,0x40,0xC8,0x40,0xFA,
        0x41,0x14,0x41,0x3A,0x41,0x5C,0x41,0x8E,0x41,0xB4,0x41,0xE2,0x42,0x1A,0x42,0x5C,0x42,0x74,0x42,0x9A,0x42,0xC0,0x42,0xE6,0x43,0x0A,0x43,0x2E,0x43,0x58,0x43,0x82,
        0x43,0xAA,0x43,0xC8,0x43,0xF2,0x43,0xF2,0x43,0xF2,0x43,0xF2,0x43,0xF2,0x43,0xF2,0x43,0xFE,0x44,0x0A,0x44,0x16,0x44,0x26,0x44,0x36,0x44,0x46,0x44,0x60,0x44,0x7A,
        0x44,0x94,0x44,0xAA,0x44,0xC8,0x44,0xDE,0x44,0xF4,0x45,0x54,0x45,0x64,0x45,0x74,0x45,0x82,0x45,0xA4,0x45,0xBE,0x45,0xE6,0x46,0x16,0x46,0x28,0x46,0x60,0x46,0x90,
        0x46,0xB0,0x46,0xC6,0x46,0xF2,0x47,0x1E,0x47,0x38,0x47,0x60,0x47,0x90,0x47,0xA2,0x47,0xDA,0x48,0x0A,0x48,0x3C,0x48,0x66,0x48,0xDE,0x49,0x0A,0x49,0x50,0x49,0x68,
        0x49,0xA2,0x49,0xDE,0x4A,0x26,0x4A,0x4C,0x4A,0x7A,0x4A,0xB6,0x4A,0xFC,0x4B,0x58,0x4B,0xAA,0x4C,0x12,0x4C,0x74,0x4C,0xC0,0x4C,0xFE,0x4D,0x38,0x4D,0x4C,0x4D,0x5E,
        0x4D,0x78,0x4D,0x86,0x4D,0x94,0x4D,0xA0,0x4D,0xB6,0x4D,0xFA,0x4E,0x1C,0x4E,0x72,0x4E,0x92,0x4E,0xAC,0x4E,0xC4,0x4E,0xDE,0x4E,0xDE,0x4E,0xDE,0x4E,0xDE,0x4F,0x02,
        0x4F,0x2E,0x4F,0x54,0x4F,0x74,0x4F,0x88,0x4F,0xAE,0x4F,0xC4,0x4F,0xEE,0x50,0x24,0x50,0x3E,0x50,0x68,0x50,0x98,0x50,0xAA,0x50,0xE8,0x51,0x1A,0x51,0x3A,0x51,0x50,
        0x51,0x7A,0x51,0xA8,0x51,0xC0,0x51,0xE8,0x52,0x18,0x52,0x28,0x52,0x60,0x52,0x90,0x52,0xB0,0x52,0xC6,0x52,0xF2,0x53,0x20,0x53,0x3A,0x53,0x62,0x53,0x92,0x53,0xA4,
        0x53,0xDC,0x54,0x0C,0x00,0x33,0x00,0x36,0x00,0x00,0x02,0xAC,0x02,0xBC,0x00,0x03,0x00,0x07,0x00,0x0B,0x00,0x3B,0x00,0x3F,0x00,0x43,0x00,0x47,0x00,0x4B,0x00,0x4F,
        0x00,0x53,0x00,0x57,0x00,0x5B,0x00,0x65,0x00,0x6D,0x00,0x75,0x00,0x8B,0x00,0x91,0x00,0x97,0x00,0x9B,0x00,0x9F,0x00,0xA3,0x00,0xAB,0x00,0xAF,0x00,0xB3,0x00,0xB7,
        0x00,0xFF,0x01,0x0B,0x01,0x13,0x01,0x1F,0x01,0x2B,0x01,0x2F,0x01,0x33,0x01,0x37,0x01,0x3B,0x01,0x3F,0x01,0x43,0x01,0x47,0x01,0x4B,0x01,0x4F,0x01,0x57,0x01,0x5B,
        0x01,0x61,0x01,0x65,0x01,0x69,0x01,0x6D,0x01,0x71,0x01,0x75,0x01,0x79,0x01,0x7F,0x01,0x83,0x01,0x87,0x00,0x00,0x13,0x21,0x11,0x21,0x25,0x11,0x21,0x11,0x13,0x15,
        0x23,0x35,0x17,0x35,0x23,0x35,0x33,0x35,0x23,0x35,0x33,0x15,0x33,0x15,0x33,0x35,0x23,0x35,0x33,0x15,0x33,0x35,0x33,0x15,0x33,0x15,0x23,0x15,0x23,0x15,0x23,0x35,
        0x23,0x15,0x33,0x15,0x23,0x35,0x23,0x15,0x33,0x35,0x33,0x15,0x33,0x35,0x33,0x15,0x23,0x15,0x37,0x15,0x23,0x35,0x33,0x15,0x23,0x35,0x07,0x35,0x23,0x15,0x21,0x35,
        0x23,0x15,0x27,0x15,0x23,0x35,0x21,0x15,0x23,0x35,0x07,0x23,0x35,0x33,0x17,0x35,0x33,0x15,0x07,0x33,0x15,0x23,0x35,0x23,0x35,0x33,0x15,0x23,0x33,0x23,0x15,0x23,
        0x35,0x33,0x35,0x33,0x17,0x23,0x35,0x33,0x15,0x33,0x15,0x23,0x33,0x35,0x23,0x35,0x33,0x15,0x23,0x15,0x33,0x35,0x33,0x15,0x33,0x15,0x23,0x15,0x23,0x35,0x23,0x15,
        0x23,0x35,0x17,0x35,0x23,0x35,0x33,0x15,0x25,0x15,0x23,0x35,0x33,0x35,0x33,0x15,0x23,0x35,0x07,0x23,0x35,0x33,0x07,0x33,0x15,0x23,0x33,0x15,0x23,0x35,0x33,0x35,
        0x33,0x15,0x37,0x33,0x15,0x23,0x37,0x35,0x33,0x15,0x23,0x15,0x23,0x35,0x05,0x35,0x33,0x15,0x33,0x15,0x23,0x15,0x33,0x15,0x33,0x15,0x23,0x15,0x33,0x15,0x33,0x15,
        0x33,0x15,0x23,0x35,0x23,0x15,0x23,0x15,0x23,0x35,0x23,0x15,0x23,0x35,0x23,0x15,0x23,0x35,0x33,0x35,0x23,0x15,0x23,0x35,0x33,0x35,0x23,0x15,0x23,0x35,0x33,0x35,
        0x33,0x15,0x23,0x15,0x33,0x35,0x33,0x35,0x23,0x35,0x23,0x15,0x23,0x35,0x33,0x35,0x33,0x15,0x33,0x35,0x23,0x35,0x07,0x23,0x35,0x33,0x35,0x23,0x35,0x33,0x15,0x33,
        0x15,0x23,0x33,0x35,0x23,0x35,0x33,0x35,0x33,0x15,0x05,0x35,0x23,0x35,0x33,0x35,0x33,0x15,0x33,0x15,0x23,0x35,0x3B,0x01,0x15,0x23,0x35,0x23,0x35,0x33,0x35,0x23,
        0x35,0x3B,0x01,0x15,0x23,0x35,0x07,0x15,0x23,0x35,0x33,0x15,0x23,0x35,0x33,0x15,0x33,0x35,0x05,0x35,0x33,0x15,0x33,0x35,0x33,0x15,0x37,0x15,0x23,0x35,0x07,0x35,
        0x23,0x15,0x37,0x15,0x23,0x35,0x17,0x33,0x35,0x33,0x15,0x23,0x35,0x23,0x25,0x15,0x23,0x35,0x3B,0x01,0x15,0x23,0x35,0x3B,0x01,0x35,0x33,0x15,0x37,0x15,0x23,0x35,
        0x07,0x35,0x23,0x15,0x37,0x15,0x23,0x35,0x17,0x35,0x23,0x15,0x17,0x35,0x23,0x15,0x27,0x15,0x33,0x15,0x23,0x35,0x17,0x23,0x35,0x33,0x17,0x35,0x33,0x15,0x36,0x02,
        0x76,0xFD,0x8A,0x02,0x14,0xFE,0x4E,0x82,0x72,0x92,0x10,0x20,0x20,0x10,0x20,0x10,0x10,0x20,0x10,0x10,0x10,0x10,0x10,0x10,0x20,0x10,0x10,0x20,0x10,0x10,0x10,0x10,
        0x20,0x60,0x10,0x90,0x70,0xC0,0x52,0x01,0x72,0x50,0xE0,0x32,0x01,0x52,0x30,0x50,0x10,0x10,0x10,0x10,0xF2,0x11,0x21,0x10,0x31,0x11,0x52,0x10,0x20,0x10,0x20,0x90,
        0x10,0x10,0x10,0x10,0x20,0x10,0x40,0x10,0x10,0x10,0x10,0x10,0x20,0x20,0x10,0x70,0x10,0x20,0xFE,0xF0,0x20,0x10,0x70,0x10,0x10,0x10,0x10,0x91,0x11,0x11,0x51,0x40,
        0x10,0x10,0x30,0x10,0x10,0x50,0x10,0xE2,0x10,0x01,0x22,0x20,0x30,0x30,0x10,0x10,0x10,0x10,0x20,0x10,0x20,0x20,0x20,0x10,0x10,0x10,0x10,0x20,0x10,0x10,0x20,0x10,
        0x10,0x10,0x30,0x10,0x10,0x20,0x10,0x10,0x10,0x10,0x10,0x10,0x10,0x10,0x20,0x20,0x10,0x10,0x20,0x10,0x10,0xB0,0x10,0x10,0x10,0xFE,0x9F,0x11,0x11,0x11,0x10,0x10,
        0x40,0x10,0x10,0x20,0x10,0x20,0x30,0x30,0x10,0x82,0x20,0xA2,0x10,0x80,0x10,0xFE,0xFE,0x11,0x71,0x10,0xD0,0x10,0x30,0x30,0x60,0x10,0x10,0x10,0x10,0x10,0x10,0xFF,
        0x00,0x72,0x92,0x10,0x20,0x10,0x20,0x10,0x70,0x10,0xC0,0x52,0x42,0x32,0xF2,0x10,0x40,0x20,0x80,0x10,0x30,0xE0,0x10,0x10,0x20,0x10,0x02,0xBC,0xFD,0x44,0x86,0x01,
        0xB0,0xFE,0x50,0x01,0xA0,0x70,0x70,0xA0,0x10,0x50,0x20,0x20,0x10,0x10,0x10,0x10,0x10,0x10,0x20,0x10,0x20,0x10,0x30,0x10,0x20,0x10,0x30,0x20,0x10,0x10,0x20,0x20,
        0xA0,0x20,0x20,0x70,0x70,0x60,0x50,0x50,0x50,0x50,0x40,0x30,0x30,0x30,0x30,0x60,0x20,0x10,0x10,0x10,0x30,0x10,0x10,0x20,0x10,0x10,0x10,0x10,0x30,0x30,0x10,0x10,
        0x10,0x10,0x10,0x10,0x10,0x10,0x10,0x10,0x10,0x10,0x20,0x10,0x10,0x20,0x30,0x20,0x20,0x10,0x10,0x10,0x10,0x20,0x10,0x10,0x10,0x10,0x10,0x10,0x10,0x10,0x30,0x20,
        0x10,0x10,0x20,0x20,0x10,0x10,0x20,0x10,0x10,0x20,0x10,0x10,0x10,0x10,0x10,0x10,0x20,0x10,0x10,0x10,0x20,0x20,0x10,0x10,0x10,0x10,0x20,0x10,0x20,0x10,0x20,0x10,
        0x30,0x10,0x10,0x10,0x20,0x10,0x10,0x10,0x20,0x30,0x10,0x20,0x10,0x10,0x20,0x10,0x10,0x10,0x30,0x10,0x10,0x10,0x10,0x20,0x20,0x10,0x20,0x10,0x10,0x10,0x10,0x10,
        0x10,0x10,0x10,0x10,0x10,0x10,0x10,0x10,0x20,0x10,0x10,0x10,0x10,0x10,0x10,0x10,0x40,0x30,0x30,0x30,0x10,0x10,0x20,0x20,0x40,0x10,0x20,0x70,0x70,0x20,0x10,0x10,
        0x10,0x10,0x10,0x10,0x60,0x50,0x50,0x40,0x30,0x30,0x20,0x10,0x10,0x10,0x20,0x20,0x10,0x20,0x10,0x30,0x30,0x10,0x10,0x10,0x10,0x00,0x00,0x00,0x00,0x02,0x00,0x3C,
        0x00,0x00,0x00,0x8B,0x02,0xBD,0x00,0x05,0x00,0x09,0x00,0x00,0x37,0x27,0x11,0x33,0x11,0x0F,0x01,0x35,0x33,0x15,0x46,0x0A,0x4E,0x09,0x45,0x4F,0xB0,0xC4,0x01,0x49,
        0xFE,0xB7,0xC4,0xB0,0x65,0x65,0x00,0x00,0x00,0x02,0x00,0x2B,0x01,0xF1,0x00,0xF7,0x02,0xBC,0x00,0x03,0x00,0x07,0x00,0x00,0x13,0x27,0x33,0x07,0x33,0x27,0x33,0x07,
        0x3D,0x12,0x50,0x13,0x52,0x13,0x50,0x13,0x01,0xF1,0xCB,0xCB,0xCB,0xCB,0x00,0x00,0x00,0x02,0x00,0x16,0x00,0x00,0x01,0x7C,0x02,0xBD,0x00,0x1B,0x00,0x1F,0x00,0x00,
        0x33,0x37,0x23,0x37,0x33,0x37,0x23,0x37,0x33,0x37,0x33,0x07,0x33,0x37,0x33,0x07,0x33,0x07,0x23,0x07,0x33,0x07,0x23,0x07,0x23,0x37,0x23,0x07,0x13,0x33,0x37,0x23,
        0x38,0x17,0x39,0x05,0x39,0x15,0x3A,0x05,0x3B,0x11,0x3B,0x11,0x5F,0x12,0x3B,0x12,0x38,0x06,0x37,0x15,0x37,0x05,0x37,0x16,0x3B,0x15,0x5F,0x16,0x1B,0x60,0x14,0x5F,
        0xD5,0x35,0xD0,0x35,0xAE,0xAE,0xAE,0xAE,0x35,0xD0,0x35,0xD5,0xD5,0xD5,0x01,0x0A,0xD0,0x00,0x00,0x00,0x00,0x01,0x00,0x2B,0xFF,0xC9,0x01,0x66,0x02,0xE9,0x00,0x2E,
        0x00,0x00,0x25,0x14,0x06,0x07,0x15,0x23,0x35,0x2E,0x01,0x3D,0x01,0x33,0x15,0x14,0x16,0x33,0x32,0x36,0x35,0x34,0x26,0x27,0x2E,0x01,0x35,0x34,0x36,0x37,0x35,0x33,
        0x15,0x1E,0x01,0x1D,0x01,0x23,0x35,0x34,0x26,0x22,0x06,0x15,0x14,0x16,0x17,0x1E,0x01,0x01,0x66,0x40,0x3C,0x41,0x3E,0x40,0x4A,0x2B,0x27,0x26,0x2B,0x2D,0x3E,0x48,
        0x38,0x40,0x3C,0x41,0x3B,0x3F,0x4A,0x29,0x4C,0x2A,0x2D,0x3F,0x48,0x37,0xAE,0x43,0x54,0x09,0x45,0x44,0x08,0x54,0x44,0x2B,0x30,0x29,0x2C,0x2C,0x2A,0x2C,0x43,0x30,
        0x37,0x5A,0x39,0x41,0x52,0x0A,0x3A,0x3A,0x09,0x53,0x43,0x16,0x1B,0x29,0x2C,0x2B,0x28,0x29,0x42,0x30,0x38,0x59,0x00,0x00,0x00,0x05,0x00,0x1C,0xFF,0xF6,0x02,0x1E,
        0x02,0xC7,0x00,0x0C,0x00,0x10,0x00,0x18,0x00,0x25,0x00,0x2D,0x00,0x00,0x12,0x22,0x26,0x3D,0x01,0x34,0x36,0x33,0x32,0x16,0x1D,0x01,0x14,0x03,0x01,0x33,0x01,0x02,
        0x32,0x3D,0x01,0x34,0x22,0x1D,0x01,0x01,0x22,0x26,0x3D,0x01,0x34,0x36,0x32,0x16,0x1D,0x01,0x14,0x06,0x26,0x32,0x3D,0x01,0x34,0x22,0x1D,0x01,0xB5,0x64,0x35,0x35,
        0x32,0x31,0x36,0x71,0x01,0x11,0x35,0xFE,0xF0,0x5D,0x62,0x62,0x01,0x65,0x32,0x35,0x35,0x64,0x35,0x36,0x62,0x62,0x62,0x01,0x36,0x39,0x35,0xB4,0x35,0x3A,0x3A,0x35,
        0xB4,0x35,0xFE,0x91,0x02,0xBC,0xFD,0x44,0x01,0x66,0x3A,0xBC,0x3A,0x3A,0xBC,0xFE,0x56,0x3A,0x35,0xB4,0x35,0x39,0x39,0x35,0xB4,0x35,0x3A,0x31,0x3A,0xBC,0x3A,0x3A,
        0xBC,0x00,0x00,0x00,0x00,0x02,0x00,0x28,0xFF,0xF6,0x01,0x83,0x02,0xC6,0x00,0x22,0x00,0x2C,0x00,0x00,0x01,0x23,0x15,0x14,0x17,0x23,0x26,0x27,0x06,0x23,0x22,0x3D,
        0x01,0x34,0x37,0x35,0x26,0x3D,0x01,0x34,0x36,0x33,0x32,0x1D,0x01,0x23,0x35,0x34,0x23,0x22,0x1D,0x01,0x14,0x3B,0x01,0x07,0x35,0x23,0x22,0x1D,0x01,0x14,0x33,0x32,
        0x36,0x01,0x83,0x20,0x0C,0x46,0x05,0x04,0x23,0x58,0x7D,0x53,0x51,0x4F,0x4D,0x9D,0x49,0x51,0x53,0x59,0xB4,0x6B,0x4A,0x5A,0x49,0x28,0x33,0x01,0x44,0xBB,0x59,0x30,
        0x0B,0x38,0x4D,0x92,0x53,0x73,0x1B,0x02,0x1D,0x70,0x25,0x52,0x57,0xAA,0x16,0x1D,0x5D,0x61,0x37,0x5F,0xE0,0x9B,0x69,0x4D,0x54,0x3A,0x00,0x00,0x00,0x01,0x00,0x2B,
        0x01,0xF1,0x00,0x7B,0x02,0xBC,0x00,0x03,0x00,0x00,0x13,0x27,0x33,0x07,0x3D,0x12,0x50,0x13,0x01,0xF1,0xCB,0xCB,0x00,0x00,0x00,0x01,0x00,0x3B,0xFF,0x9C,0x00,0xE5,
        0x02,0xBC,0x00,0x13,0x00,0x00,0x17,0x22,0x26,0x35,0x11,0x34,0x36,0x3B,0x01,0x15,0x23,0x22,0x06,0x15,0x11,0x14,0x16,0x3B,0x01,0x15,0xC8,0x46,0x47,0x3E,0x4F,0x1D,
        0x18,0x24,0x25,0x21,0x28,0x18,0x64,0x3F,0x50,0x02,0x03,0x47,0x47,0x3C,0x23,0x2F,0xFD,0xFD,0x2A,0x29,0x3C,0x00,0x00,0x00,0x00,0x01,0x00,0x23,0xFF,0x9C,0x00,0xCD,
        0x02,0xBC,0x00,0x13,0x00,0x00,0x17,0x35,0x33,0x32,0x36,0x35,0x11,0x34,0x26,0x2B,0x01,0x35,0x33,0x32,0x16,0x15,0x11,0x14,0x06,0x23,0x23,0x18,0x25,0x25,0x21,0x29,
        0x18,0x1D,0x47,0x46,0x3E,0x4F,0x64,0x3C,0x24,0x2F,0x02,0x03,0x2A,0x28,0x3C,0x3F,0x4F,0xFD,0xFD,0x48,0x47,0x00,0x00,0x00,0x00,0x01,0x00,0x17,0x01,0x65,0x01,0x80,
        0x02,0xBC,0x00,0x0E,0x00,0x00,0x13,0x27,0x37,0x27,0x37,0x17,0x27,0x33,0x07,0x37,0x17,0x07,0x17,0x07,0x27,0x7D,0x34,0x63,0x95,0x14,0x8E,0x0E,0x41,0x0E,0x8E,0x14,
        0x95,0x63,0x34,0x4F,0x01,0x65,0x26,0x73,0x22,0x3D,0x3B,0x9A,0x9A,0x3A,0x3D,0x21,0x73,0x26,0x83,0x00,0x00,0x01,0x00,0x1E,0x00,0x80,0x01,0x72,0x01,0xD8,0x00,0x0B,
        0x00,0x00,0x37,0x35,0x23,0x35,0x33,0x35,0x33,0x15,0x33,0x15,0x23,0x15,0xAA,0x8C,0x8C,0x3C,0x8C,0x8C,0x80,0x8F,0x3C,0x8D,0x8D,0x3C,0x8F,0x00,0x00,0x01,0x00,0x2E,
        0xFF,0x94,0x00,0x83,0x00,0x65,0x00,0x06,0x00,0x00,0x17,0x37,0x23,0x35,0x33,0x15,0x07,0x2E,0x22,0x1C,0x4F,0x31,0x6C,0x6C,0x65,0x5D,0x74,0x00,0x00,0x01,0x00,0x1E,
        0x01,0x0C,0x00,0xEB,0x01,0x4C,0x00,0x03,0x00,0x00,0x13,0x35,0x33,0x15,0x1E,0xCD,0x01,0x0C,0x40,0x40,0x00,0x01,0x00,0x34,0x00,0x00,0x00,0x83,0x00,0x65,0x00,0x03,
        0x00,0x00,0x33,0x35,0x33,0x15,0x34,0x4F,0x65,0x65,0x00,0x00,0x00,0x01,0x00,0x0F,0xFF,0x9C,0x01,0x67,0x02,0xBC,0x00,0x03,0x00,0x00,0x17,0x01,0x33,0x01,0x0F,0x01,
        0x14,0x44,0xFE,0xEC,0x64,0x03,0x20,0xFC,0xE0,0x00,0x00,0x00,0x00,0x02,0x00,0x28,0xFF,0xF6,0x01,0x69,0x02,0xC6,0x00,0x0D,0x00,0x17,0x00,0x00,0x17,0x22,0x26,0x35,
        0x11,0x34,0x36,0x33,0x32,0x16,0x15,0x11,0x14,0x06,0x27,0x32,0x35,0x11,0x34,0x23,0x22,0x15,0x11,0x14,0xC8,0x4D,0x53,0x53,0x4D,0x4E,0x53,0x53,0x4E,0x53,0x53,0x52,
        0x0A,0x5A,0x53,0x01,0x77,0x53,0x59,0x59,0x53,0xFE,0x89,0x53,0x5A,0x47,0x61,0x01,0x81,0x60,0x60,0xFE,0x7F,0x61,0x00,0x00,0x00,0x01,0x00,0x18,0x00,0x00,0x00,0xDE,
        0x02,0xBD,0x00,0x09,0x00,0x00,0x33,0x11,0x06,0x07,0x35,0x3E,0x01,0x37,0x33,0x11,0x90,0x2B,0x4D,0x3D,0x42,0x11,0x36,0x02,0x3C,0x14,0x02,0x3A,0x01,0x2C,0x30,0xFD,
        0x43,0x00,0x00,0x00,0x00,0x01,0x00,0x1D,0x00,0x00,0x01,0x59,0x02,0xC6,0x00,0x1D,0x00,0x00,0x33,0x35,0x34,0x36,0x37,0x3E,0x01,0x35,0x34,0x23,0x22,0x1D,0x01,0x23,
        0x35,0x34,0x36,0x33,0x32,0x16,0x15,0x14,0x06,0x07,0x0E,0x01,0x1D,0x01,0x33,0x15,0x1D,0x3B,0x41,0x3E,0x34,0x51,0x53,0x4A,0x4E,0x51,0x4E,0x4F,0x3E,0x46,0x3A,0x31,
        0xE7,0x3C,0x52,0x76,0x44,0x41,0x59,0x35,0x68,0x60,0x3F,0x3A,0x50,0x5C,0x5C,0x50,0x40,0x73,0x49,0x3B,0x55,0x38,0x0F,0x47,0x00,0x01,0x00,0x1A,0xFF,0xF6,0x01,0x57,
        0x02,0xC6,0x00,0x2A,0x00,0x00,0x17,0x22,0x26,0x3D,0x01,0x33,0x15,0x14,0x33,0x32,0x3D,0x01,0x34,0x2B,0x01,0x35,0x33,0x32,0x36,0x3D,0x01,0x34,0x23,0x22,0x1D,0x01,
        0x23,0x35,0x34,0x36,0x33,0x32,0x16,0x1D,0x01,0x14,0x07,0x15,0x16,0x1D,0x01,0x14,0x06,0xB9,0x50,0x4F,0x4A,0x53,0x52,0x58,0x2A,0x2C,0x28,0x2C,0x50,0x4F,0x4A,0x4E,
        0x4E,0x4C,0x4F,0x52,0x54,0x4F,0x0A,0x5B,0x50,0x35,0x38,0x61,0x68,0x3D,0x68,0x47,0x30,0x2F,0x2E,0x61,0x5E,0x29,0x23,0x52,0x59,0x58,0x52,0x1C,0x73,0x1B,0x02,0x1B,
        0x73,0x41,0x52,0x59,0x00,0x02,0x00,0x13,0x00,0x00,0x01,0x7C,0x02,0xBC,0x00,0x0A,0x00,0x0D,0x00,0x00,0x33,0x35,0x23,0x35,0x13,0x33,0x11,0x33,0x15,0x23,0x15,0x27,
        0x33,0x11,0xF6,0xE3,0xDA,0x57,0x38,0x38,0xE8,0x9A,0x8D,0x48,0x01,0xE7,0xFE,0x18,0x47,0x8D,0xD4,0x01,0x5E,0x00,0x00,0x00,0x00,0x01,0x00,0x21,0xFF,0xF6,0x01,0x5E,
        0x02,0xBC,0x00,0x1D,0x00,0x00,0x17,0x22,0x26,0x3D,0x01,0x33,0x15,0x14,0x33,0x32,0x3D,0x01,0x34,0x23,0x22,0x07,0x15,0x23,0x13,0x21,0x15,0x23,0x07,0x36,0x33,0x32,
        0x1D,0x01,0x14,0x06,0xC0,0x50,0x4F,0x4A,0x53,0x52,0x4D,0x46,0x0F,0x4A,0x14,0x01,0x16,0xD1,0x0B,0x23,0x4B,0x7E,0x4F,0x0A,0x5C,0x51,0x2F,0x35,0x60,0x60,0x97,0x5E,
        0x4D,0x06,0x01,0x7D,0x47,0xD5,0x39,0x9F,0x97,0x52,0x5B,0x00,0x00,0x02,0x00,0x27,0xFF,0xF6,0x01,0x68,0x02,0xC6,0x00,0x18,0x00,0x23,0x00,0x00,0x17,0x22,0x26,0x35,
        0x11,0x34,0x33,0x32,0x16,0x1D,0x01,0x23,0x35,0x34,0x23,0x22,0x1D,0x01,0x36,0x33,0x32,0x1D,0x01,0x14,0x06,0x27,0x32,0x3D,0x01,0x34,0x23,0x22,0x06,0x1D,0x01,0x14,
        0xC8,0x4E,0x53,0xA1,0x4D,0x51,0x4A,0x52,0x55,0x22,0x51,0x80,0x53,0x4D,0x52,0x4F,0x28,0x2E,0x0A,0x5A,0x53,0x01,0x73,0xB0,0x59,0x53,0x0D,0x12,0x60,0x6C,0x9E,0x45,
        0xA1,0x76,0x53,0x5A,0x47,0x60,0x76,0x60,0x38,0x2F,0x6F,0x60,0x00,0x01,0x00,0x11,0x00,0x00,0x01,0x51,0x02,0xBC,0x00,0x06,0x00,0x00,0x33,0x13,0x23,0x35,0x21,0x15,
        0x03,0x40,0xC4,0xF3,0x01,0x40,0xC0,0x02,0x75,0x47,0x45,0xFD,0x89,0x00,0x00,0x00,0x00,0x03,0x00,0x21,0xFF,0xF6,0x01,0x6C,0x02,0xC6,0x00,0x17,0x00,0x22,0x00,0x2C,
        0x00,0x00,0x04,0x22,0x26,0x3D,0x01,0x34,0x37,0x35,0x26,0x3D,0x01,0x34,0x36,0x32,0x16,0x1D,0x01,0x14,0x07,0x15,0x16,0x1D,0x01,0x14,0x03,0x32,0x36,0x3D,0x01,0x34,
        0x23,0x22,0x1D,0x01,0x14,0x13,0x32,0x3D,0x01,0x34,0x23,0x22,0x1D,0x01,0x14,0x01,0x17,0xA2,0x54,0x4F,0x4B,0x52,0x9E,0x53,0x4C,0x50,0xA6,0x29,0x2B,0x54,0x53,0x53,
        0x58,0x58,0x57,0x0A,0x59,0x52,0x41,0x6E,0x20,0x01,0x22,0x69,0x22,0x52,0x56,0x56,0x52,0x22,0x69,0x22,0x01,0x20,0x6E,0x41,0x51,0x01,0x41,0x30,0x2C,0x33,0x5F,0x5F,
        0x33,0x5C,0xFE,0xAC,0x68,0x44,0x61,0x61,0x44,0x68,0x00,0x00,0x00,0x02,0x00,0x20,0xFF,0xF6,0x01,0x61,0x02,0xC6,0x00,0x19,0x00,0x24,0x00,0x00,0x17,0x22,0x26,0x3D,
        0x01,0x33,0x15,0x14,0x33,0x32,0x36,0x3D,0x01,0x06,0x23,0x22,0x3D,0x01,0x34,0x36,0x33,0x32,0x16,0x15,0x11,0x14,0x03,0x32,0x36,0x3D,0x01,0x34,0x23,0x22,0x1D,0x01,
        0x14,0xC1,0x4E,0x50,0x4A,0x52,0x2A,0x2A,0x22,0x50,0x81,0x53,0x4E,0x4D,0x53,0xA4,0x29,0x2D,0x52,0x53,0x0A,0x59,0x54,0x0C,0x11,0x61,0x33,0x3A,0x9E,0x46,0xA2,0x76,
        0x53,0x59,0x59,0x53,0xFE,0x8D,0xB1,0x01,0x53,0x38,0x2F,0x6F,0x60,0x60,0x75,0x61,0x00,0x02,0x00,0x34,0x00,0x00,0x00,0x83,0x01,0xE2,0x00,0x03,0x00,0x07,0x00,0x00,
        0x13,0x35,0x33,0x15,0x03,0x35,0x33,0x15,0x34,0x4F,0x4F,0x4F,0x01,0x7D,0x65,0x65,0xFE,0x83,0x65,0x65,0x00,0x02,0x00,0x2E,0xFF,0x94,0x00,0x83,0x01,0xE2,0x00,0x03,
        0x00,0x0A,0x00,0x00,0x13,0x35,0x33,0x15,0x03,0x37,0x23,0x35,0x33,0x15,0x07,0x34,0x4F,0x55,0x22,0x1C,0x4F,0x31,0x01,0x7D,0x65,0x65,0xFE,0x17,0x6C,0x65,0x5D,0x74,
        0x00,0x01,0x00,0x2F,0x00,0x86,0x01,0x5B,0x01,0xD2,0x00,0x06,0x00,0x00,0x2D,0x01,0x35,0x25,0x15,0x07,0x17,0x01,0x5B,0xFE,0xD4,0x01,0x2C,0xE4,0xE4,0x86,0x8A,0x39,
        0x89,0x3E,0x68,0x68,0x00,0x02,0x00,0x28,0x00,0xBD,0x01,0x68,0x01,0x9B,0x00,0x03,0x00,0x07,0x00,0x00,0x13,0x35,0x21,0x15,0x05,0x35,0x21,0x15,0x28,0x01,0x40,0xFE,
        0xC0,0x01,0x40,0x01,0x5F,0x3C,0x3C,0xA2,0x3C,0x3C,0x00,0x00,0x00,0x01,0x00,0x36,0x00,0x86,0x01,0x62,0x01,0xD2,0x00,0x06,0x00,0x00,0x37,0x35,0x37,0x27,0x35,0x05,
        0x15,0x36,0xE4,0xE4,0x01,0x2C,0x86,0x3E,0x68,0x68,0x3E,0x89,0x39,0x00,0x00,0x00,0x00,0x02,0x00,0x19,0x00,0x00,0x01,0x51,0x02,0xC6,0x00,0x18,0x00,0x1C,0x00,0x00,
        0x37,0x35,0x34,0x37,0x3E,0x01,0x35,0x34,0x22,0x1D,0x01,0x23,0x35,0x34,0x36,0x32,0x16,0x15,0x14,0x06,0x07,0x0E,0x01,0x1D,0x01,0x07,0x35,0x33,0x15,0x82,0x3F,0x24,
        0x1E,0xA0,0x4A,0x4E,0x9C,0x4E,0x23,0x27,0x22,0x1F,0x4A,0x4F,0xB0,0x28,0x4C,0x59,0x34,0x46,0x2B,0x5D,0x60,0x3F,0x3A,0x51,0x5B,0x59,0x50,0x30,0x54,0x33,0x2E,0x3F,
        0x23,0x26,0xB0,0x65,0x65,0x00,0x00,0x00,0x00,0x02,0x00,0x20,0xFF,0xA6,0x02,0x99,0x02,0xC6,0x00,0x33,0x00,0x42,0x00,0x00,0x01,0x03,0x06,0x15,0x14,0x33,0x32,0x3E,
        0x01,0x35,0x34,0x26,0x23,0x22,0x0E,0x01,0x15,0x14,0x16,0x33,0x32,0x37,0x07,0x06,0x23,0x22,0x26,0x35,0x34,0x36,0x33,0x32,0x16,0x15,0x14,0x0E,0x01,0x23,0x22,0x27,
        0x06,0x23,0x22,0x35,0x34,0x3F,0x01,0x36,0x33,0x32,0x17,0x37,0x03,0x32,0x36,0x3F,0x01,0x35,0x34,0x26,0x23,0x22,0x0F,0x01,0x06,0x15,0x14,0x01,0xFD,0x1E,0x02,0x24,
        0x1E,0x2B,0x12,0x7A,0x6D,0x5F,0x7E,0x34,0x8E,0x84,0x65,0x48,0x05,0x47,0x62,0xA4,0xB1,0xAD,0xA6,0x8D,0x99,0x1E,0x4F,0x3A,0x49,0x0B,0x24,0x44,0x66,0x01,0x0E,0x0D,
        0x64,0x45,0x1C,0x05,0x68,0x1E,0x2C,0x05,0x0A,0x24,0x20,0x37,0x07,0x0E,0x01,0x01,0xF3,0xFE,0xEE,0x10,0x02,0x29,0x52,0x6E,0x3B,0x6D,0x7A,0x6C,0xAD,0x75,0x86,0x90,
        0x37,0x48,0x2D,0xB5,0xA6,0xCD,0xF8,0x99,0x8E,0x4F,0x87,0x64,0x44,0x44,0x6F,0x12,0x09,0x8F,0x7F,0x3A,0x30,0xFE,0xB0,0x32,0x2E,0x60,0x06,0x27,0x2F,0x4A,0x83,0x06,
        0x0B,0x3E,0x00,0x00,0x00,0x02,0x00,0x11,0x00,0x00,0x01,0x7F,0x02,0xBC,0x00,0x07,0x00,0x0A,0x00,0x00,0x21,0x27,0x23,0x07,0x23,0x13,0x33,0x13,0x27,0x33,0x03,0x01,
        0x30,0x1A,0xA2,0x1A,0x49,0x82,0x69,0x83,0xFF,0x8A,0x46,0x95,0x95,0x02,0xBC,0xFD,0x44,0xD9,0x01,0x8A,0x00,0x03,0x00,0x30,0x00,0x00,0x01,0x75,0x02,0xBC,0x00,0x0E,
        0x00,0x18,0x00,0x22,0x00,0x00,0x33,0x11,0x33,0x32,0x16,0x1D,0x01,0x14,0x07,0x15,0x16,0x1D,0x01,0x14,0x23,0x03,0x33,0x32,0x36,0x3D,0x01,0x34,0x26,0x2B,0x01,0x11,
        0x33,0x32,0x36,0x3D,0x01,0x34,0x26,0x2B,0x01,0x30,0x9C,0x53,0x4B,0x4E,0x59,0xA1,0x56,0x42,0x2F,0x2D,0x26,0x2C,0x4C,0x56,0x2B,0x28,0x2D,0x36,0x46,0x02,0xBC,0x4D,
        0x52,0x1D,0x70,0x1C,0x02,0x19,0x7A,0x3C,0xA3,0x01,0x91,0x2D,0x33,0x24,0x33,0x2D,0xFD,0xD2,0x2C,0x32,0x3C,0x39,0x30,0x00,0x00,0x01,0x00,0x28,0xFF,0xF6,0x01,0x60,
        0x02,0xC6,0x00,0x1C,0x00,0x00,0x17,0x22,0x26,0x35,0x11,0x34,0x36,0x32,0x16,0x1D,0x01,0x23,0x35,0x34,0x26,0x22,0x06,0x15,0x11,0x14,0x16,0x32,0x36,0x3D,0x01,0x33,
        0x15,0x14,0x06,0xC4,0x4A,0x52,0x51,0x96,0x51,0x4A,0x2B,0x4A,0x2B,0x2B,0x4A,0x2B,0x4A,0x51,0x0A,0x58,0x4F,0x01,0x82,0x4F,0x58,0x58,0x4F,0x48,0x4D,0x2C,0x2F,0x2F,
        0x2C,0xFE,0x74,0x2C,0x2F,0x2F,0x2C,0x62,0x5D,0x4F,0x58,0x00,0x00,0x02,0x00,0x30,0x00,0x00,0x01,0x6E,0x02,0xBC,0x00,0x07,0x00,0x11,0x00,0x00,0x33,0x11,0x33,0x32,
        0x15,0x11,0x14,0x23,0x27,0x33,0x32,0x36,0x35,0x11,0x34,0x26,0x2B,0x01,0x30,0xA0,0x9E,0x9E,0x52,0x50,0x2A,0x28,0x28,0x2A,0x50,0x02,0xBC,0xAA,0xFE,0x98,0xAA,0x47,
        0x2D,0x33,0x01,0x6F,0x33,0x2C,0x00,0x00,0x00,0x01,0x00,0x30,0x00,0x00,0x01,0x4F,0x02,0xBC,0x00,0x0B,0x00,0x00,0x33,0x11,0x21,0x15,0x23,0x15,0x33,0x15,0x23,0x11,
        0x33,0x15,0x30,0x01,0x1F,0xD1,0xAA,0xAA,0xD1,0x02,0xBC,0x47,0xE4,0x47,0xFE,0xFD,0x47,0x00,0x00,0x00,0x00,0x01,0x00,0x30,0x00,0x00,0x01,0x46,0x02,0xBC,0x00,0x09,
        0x00,0x00,0x33,0x11,0x21,0x15,0x23,0x15,0x33,0x15,0x23,0x11,0x30,0x01,0x16,0xC8,0xA1,0xA1,0x02,0xBC,0x47,0xEE,0x47,0xFE,0xC0,0x00,0x00,0x00,0x00,0x01,0x00,0x28,
        0xFF,0xF6,0x01,0x65,0x02,0xC6,0x00,0x1D,0x00,0x00,0x17,0x22,0x26,0x35,0x11,0x34,0x36,0x33,0x32,0x16,0x1D,0x01,0x23,0x35,0x34,0x23,0x22,0x15,0x11,0x14,0x33,0x32,
        0x3D,0x01,0x23,0x35,0x33,0x15,0x14,0x06,0xC6,0x4D,0x51,0x51,0x4D,0x4E,0x51,0x4A,0x53,0x52,0x52,0x53,0x4D,0x97,0x51,0x0A,0x59,0x54,0x01,0x77,0x53,0x59,0x58,0x54,
        0x39,0x3E,0x60,0x60,0xFE,0x7E,0x60,0x60,0x9D,0x47,0xDE,0x54,0x59,0x00,0x00,0x00,0x00,0x01,0x00,0x30,0x00,0x00,0x01,0x72,0x02,0xBC,0x00,0x0B,0x00,0x00,0x33,0x11,
        0x33,0x11,0x33,0x11,0x33,0x11,0x23,0x11,0x23,0x11,0x30,0x4E,0xA6,0x4E,0x4E,0xA6,0x02,0xBC,0xFE,0xD5,0x01,0x2B,0xFD,0x44,0x01,0x4A,0xFE,0xB6,0x00,0x01,0x00,0x30,
        0x00,0x00,0x00,0x7E,0x02,0xBC,0x00,0x03,0x00,0x00,0x33,0x11,0x33,0x11,0x30,0x4E,0x02,0xBC,0xFD,0x44,0x00,0x01,0x00,0x11,0xFF,0xFC,0x00,0xD7,0x02,0xBC,0x00,0x0D,
        0x00,0x00,0x17,0x22,0x27,0x35,0x16,0x33,0x32,0x36,0x35,0x11,0x33,0x11,0x14,0x06,0x44,0x21,0x12,0x13,0x16,0x29,0x26,0x4E,0x48,0x04,0x06,0x47,0x06,0x2A,0x2E,0x02,
        0x21,0xFD,0xE1,0x52,0x4F,0x00,0x00,0x00,0x00,0x01,0x00,0x30,0x00,0x00,0x01,0x88,0x02,0xBC,0x00,0x0B,0x00,0x00,0x21,0x03,0x07,0x15,0x23,0x11,0x33,0x11,0x13,0x33,
        0x03,0x13,0x01,0x36,0x75,0x43,0x4E,0x4E,0xB7,0x51,0x91,0x93,0x01,0x5C,0x75,0xE7,0x02,0xBC,0xFE,0xA7,0x01,0x59,0xFE,0xF9,0xFE,0x4B,0x00,0x00,0x00,0x01,0x00,0x30,
        0x00,0x00,0x01,0x46,0x02,0xBC,0x00,0x05,0x00,0x00,0x33,0x11,0x33,0x11,0x33,0x15,0x30,0x4E,0xC8,0x02,0xBC,0xFD,0x8B,0x47,0x00,0x01,0x00,0x30,0x00,0x00,0x01,0xE0,
        0x02,0xBC,0x00,0x0C,0x00,0x00,0x33,0x11,0x33,0x1B,0x01,0x33,0x11,0x23,0x11,0x03,0x23,0x03,0x11,0x30,0x71,0x67,0x66,0x72,0x4B,0x6F,0x42,0x6F,0x02,0xBC,0xFD,0xD1,
        0x02,0x2F,0xFD,0x44,0x02,0x48,0xFD,0xB8,0x02,0x48,0xFD,0xB8,0x00,0x01,0x00,0x30,0x00,0x00,0x01,0x79,0x02,0xBC,0x00,0x09,0x00,0x00,0x33,0x11,0x33,0x13,0x11,0x33,
        0x11,0x23,0x03,0x11,0x30,0x64,0x9E,0x47,0x51,0xB1,0x02,0xBC,0xFE,0x0C,0x01,0xF4,0xFD,0x44,0x02,0x39,0xFD,0xC7,0x00,0x00,0x00,0x02,0x00,0x28,0xFF,0xF6,0x01,0x69,
        0x02,0xC6,0x00,0x0D,0x00,0x17,0x00,0x00,0x17,0x22,0x26,0x35,0x11,0x34,0x36,0x33,0x32,0x16,0x15,0x11,0x14,0x06,0x27,0x32,0x35,0x11,0x34,0x23,0x22,0x15,0x11,0x14,
        0xC8,0x4D,0x53,0x53,0x4D,0x4E,0x53,0x53,0x4E,0x53,0x53,0x52,0x0A,0x5A,0x53,0x01,0x77,0x53,0x59,0x59,0x53,0xFE,0x89,0x53,0x5A,0x47,0x61,0x01,0x81,0x60,0x60,0xFE,
        0x7F,0x61,0x00,0x00,0x00,0x02,0x00,0x30,0x00,0x00,0x01,0x67,0x02,0xBC,0x00,0x09,0x00,0x13,0x00,0x00,0x33,0x11,0x33,0x32,0x1D,0x01,0x14,0x2B,0x01,0x19,0x01,0x33,
        0x32,0x36,0x3D,0x01,0x34,0x26,0x2B,0x01,0x30,0x99,0x9E,0x9E,0x4B,0x4B,0x2A,0x26,0x26,0x2A,0x4B,0x02,0xBC,0xAA,0x3C,0xA9,0xFE,0xD3,0x01,0x74,0x2B,0x33,0x45,0x33,
        0x2B,0x00,0x00,0x00,0x00,0x02,0x00,0x28,0xFF,0xBF,0x01,0x83,0x02,0xC6,0x00,0x15,0x00,0x1F,0x00,0x00,0x25,0x33,0x15,0x23,0x22,0x27,0x06,0x23,0x22,0x26,0x35,0x11,
        0x34,0x36,0x33,0x32,0x16,0x15,0x11,0x14,0x07,0x16,0x27,0x32,0x35,0x11,0x34,0x23,0x22,0x15,0x11,0x14,0x01,0x74,0x0F,0x17,0x4A,0x14,0x1E,0x28,0x4D,0x53,0x53,0x4D,
        0x4E,0x53,0x2A,0x0C,0x83,0x53,0x53,0x52,0x06,0x47,0x43,0x0C,0x5A,0x53,0x01,0x77,0x53,0x59,0x59,0x53,0xFE,0x89,0x54,0x2D,0x1C,0x37,0x61,0x01,0x81,0x60,0x60,0xFE,
        0x7F,0x61,0x00,0x00,0x00,0x02,0x00,0x30,0x00,0x00,0x01,0x72,0x02,0xBC,0x00,0x17,0x00,0x21,0x00,0x00,0x33,0x11,0x33,0x32,0x16,0x1D,0x01,0x14,0x07,0x15,0x16,0x1D,
        0x01,0x14,0x17,0x23,0x26,0x3D,0x01,0x34,0x26,0x2B,0x01,0x19,0x01,0x33,0x32,0x36,0x3D,0x01,0x34,0x26,0x2B,0x01,0x30,0x99,0x53,0x4B,0x51,0x52,0x0A,0x4F,0x09,0x2B,
        0x32,0x3F,0x3F,0x2F,0x2D,0x26,0x2C,0x49,0x02,0xBC,0x4D,0x52,0x2B,0x73,0x1A,0x01,0x15,0x7D,0x7D,0x39,0x1C,0x1E,0x37,0x81,0x38,0x2E,0xFE,0xC4,0x01,0x83,0x2D,0x33,
        0x32,0x33,0x2D,0x00,0x00,0x01,0x00,0x1C,0xFF,0xF6,0x01,0x57,0x02,0xC6,0x00,0x22,0x00,0x00,0x04,0x22,0x26,0x3D,0x01,0x33,0x15,0x14,0x33,0x32,0x35,0x34,0x26,0x27,
        0x2E,0x01,0x35,0x34,0x36,0x32,0x16,0x1D,0x01,0x23,0x35,0x34,0x22,0x15,0x14,0x16,0x17,0x1E,0x01,0x15,0x14,0x01,0x04,0x98,0x50,0x4A,0x51,0x52,0x2F,0x3D,0x48,0x39,
        0x52,0x96,0x4F,0x4A,0xA0,0x30,0x3F,0x48,0x37,0x0A,0x58,0x52,0x27,0x2D,0x5D,0x5E,0x30,0x4A,0x33,0x3B,0x60,0x3C,0x4F,0x58,0x58,0x51,0x1C,0x21,0x5D,0x5B,0x2B,0x48,
        0x33,0x3C,0x61,0x40,0x52,0x00,0x00,0x00,0x00,0x01,0x00,0x11,0x00,0x00,0x01,0x57,0x02,0xBC,0x00,0x07,0x00,0x00,0x33,0x11,0x23,0x35,0x21,0x15,0x23,0x11,0x8D,0x7C,
        0x01,0x46,0x7C,0x02,0x75,0x47,0x47,0xFD,0x8B,0x00,0x00,0x00,0x00,0x01,0x00,0x2C,0xFF,0xF6,0x01,0x68,0x02,0xBC,0x00,0x0E,0x00,0x00,0x17,0x22,0x26,0x35,0x11,0x33,
        0x11,0x14,0x32,0x35,0x11,0x33,0x11,0x14,0x06,0xCA,0x4E,0x50,0x4E,0xA2,0x4C,0x51,0x0A,0x59,0x54,0x02,0x19,0xFD,0xE1,0x60,0x60,0x02,0x1F,0xFD,0xE7,0x54,0x59,0x00,
        0x00,0x01,0x00,0x12,0x00,0x00,0x01,0x73,0x02,0xBC,0x00,0x06,0x00,0x00,0x33,0x03,0x33,0x1B,0x01,0x33,0x03,0x8F,0x7D,0x4F,0x65,0x65,0x48,0x7C,0x02,0xBC,0xFD,0xAE,
        0x02,0x52,0xFD,0x44,0x00,0x01,0x00,0x14,0x00,0x00,0x02,0x1A,0x02,0xBC,0x00,0x0C,0x00,0x00,0x33,0x03,0x33,0x1B,0x01,0x33,0x1B,0x01,0x33,0x03,0x23,0x0B,0x01,0x6A,
        0x56,0x4C,0x46,0x48,0x58,0x49,0x46,0x45,0x56,0x64,0x46,0x47,0x02,0xBC,0xFD,0xB0,0x02,0x50,0xFD,0xB0,0x02,0x50,0xFD,0x44,0x02,0x22,0xFD,0xDE,0x00,0x01,0x00,0x10,
        0x00,0x00,0x01,0x80,0x02,0xBC,0x00,0x0B,0x00,0x00,0x33,0x13,0x03,0x33,0x1B,0x01,0x33,0x03,0x13,0x23,0x0B,0x01,0x10,0x8A,0x84,0x53,0x62,0x64,0x4B,0x84,0x8A,0x53,
        0x69,0x69,0x01,0x66,0x01,0x56,0xFE,0xFA,0x01,0x06,0xFE,0xAA,0xFE,0x9A,0x01,0x17,0xFE,0xE9,0x00,0x00,0x00,0x01,0x00,0x0F,0x00,0x00,0x01,0x77,0x02,0xBC,0x00,0x08,
        0x00,0x00,0x33,0x11,0x03,0x33,0x1B,0x01,0x33,0x03,0x11,0x9C,0x8D,0x53,0x64,0x64,0x4D,0x8D,0x01,0x33,0x01,0x89,0xFE,0xDC,0x01,0x24,0xFE,0x77,0xFE,0xCD,0x00,0x00,
        0x00,0x01,0x00,0x15,0x00,0x00,0x01,0x4C,0x02,0xBC,0x00,0x09,0x00,0x00,0x33,0x35,0x13,0x23,0x35,0x21,0x15,0x03,0x33,0x15,0x15,0xE3,0xD9,0x01,0x2D,0xE3,0xE3,0x46,
        0x02,0x2F,0x47,0x45,0xFD,0xD0,0x47,0x00,0x00,0x01,0x00,0x40,0xFF,0x9C,0x00,0xE7,0x02,0xBC,0x00,0x07,0x00,0x00,0x17,0x11,0x33,0x15,0x23,0x11,0x33,0x15,0x40,0xA7,
        0x5F,0x5F,0x64,0x03,0x20,0x3C,0xFD,0x58,0x3C,0x00,0x00,0x00,0x00,0x01,0x00,0x0F,0xFF,0x9C,0x01,0x66,0x02,0xBC,0x00,0x03,0x00,0x00,0x05,0x01,0x33,0x01,0x01,0x23,
        0xFE,0xEC,0x43,0x01,0x14,0x64,0x03,0x20,0xFC,0xE0,0x00,0x00,0x00,0x01,0x00,0x22,0xFF,0x9C,0x00,0xC9,0x02,0xBC,0x00,0x07,0x00,0x00,0x17,0x35,0x33,0x11,0x23,0x35,
        0x33,0x11,0x22,0x5F,0x5F,0xA7,0x64,0x3C,0x02,0xA8,0x3C,0xFC,0xE0,0x00,0x00,0x00,0x00,0x01,0x00,0x1D,0x01,0xAF,0x01,0x73,0x02,0xBC,0x00,0x06,0x00,0x00,0x1B,0x01,
        0x33,0x13,0x23,0x27,0x07,0x1D,0x8F,0x39,0x8E,0x44,0x67,0x66,0x01,0xAF,0x01,0x0D,0xFE,0xF3,0xC1,0xC1,0x00,0x01,0x00,0x00,0xFF,0x99,0x01,0x2C,0xFF,0xCC,0x00,0x03,
        0x00,0x00,0x15,0x35,0x21,0x15,0x01,0x2C,0x67,0x33,0x33,0x00,0x00,0x01,0x00,0x8E,0x02,0x35,0x01,0x2B,0x02,0xB5,0x00,0x03,0x00,0x00,0x13,0x27,0x33,0x17,0xEE,0x60,
        0x57,0x46,0x02,0x35,0x80,0x80,0x00,0x00,0x00,0x02,0x00,0x1A,0xFF,0xF6,0x01,0x4C,0x02,0x01,0x00,0x1E,0x00,0x28,0x00,0x00,0x21,0x23,0x26,0x27,0x06,0x23,0x22,0x26,
        0x35,0x34,0x36,0x37,0x3E,0x01,0x3D,0x01,0x34,0x23,0x22,0x06,0x1D,0x01,0x23,0x35,0x34,0x36,0x33,0x32,0x1D,0x01,0x14,0x27,0x32,0x36,0x3D,0x01,0x06,0x07,0x06,0x15,
        0x14,0x01,0x4C,0x45,0x05,0x03,0x1F,0x56,0x34,0x3C,0x39,0x44,0x3F,0x20,0x41,0x21,0x25,0x47,0x4A,0x44,0x8B,0x9D,0x26,0x2C,0x0C,0x3D,0x47,0x10,0x34,0x4E,0x43,0x39,
        0x3A,0x4B,0x20,0x1C,0x1C,0x1A,0x0C,0x4B,0x28,0x25,0x0F,0x0B,0x46,0x4C,0x98,0xE0,0x5B,0x0A,0x3C,0x36,0x65,0x10,0x1F,0x24,0x3F,0x45,0x00,0x00,0x00,0x02,0x00,0x30,
        0xFF,0xF6,0x01,0x58,0x02,0xBC,0x00,0x0D,0x00,0x19,0x00,0x00,0x13,0x32,0x1D,0x01,0x14,0x23,0x22,0x27,0x07,0x23,0x11,0x33,0x15,0x36,0x13,0x35,0x34,0x23,0x22,0x06,
        0x1D,0x01,0x14,0x16,0x33,0x32,0xE2,0x76,0x76,0x51,0x20,0x0A,0x37,0x4B,0x23,0x6F,0x41,0x24,0x2D,0x2D,0x24,0x41,0x02,0x01,0x91,0xE8,0x92,0x51,0x47,0x02,0xBC,0xF7,
        0x3C,0xFE,0x8D,0xDC,0x54,0x3A,0x36,0xA5,0x36,0x3A,0x00,0x00,0x00,0x01,0x00,0x26,0xFF,0xF6,0x01,0x49,0x02,0x01,0x00,0x19,0x00,0x00,0x17,0x22,0x26,0x3D,0x01,0x34,
        0x36,0x33,0x32,0x16,0x1D,0x01,0x23,0x35,0x34,0x22,0x1D,0x01,0x14,0x32,0x3D,0x01,0x33,0x15,0x14,0x06,0xB9,0x48,0x4B,0x4B,0x48,0x47,0x49,0x49,0x8E,0x8E,0x49,0x49,
        0x0A,0x53,0x4E,0xCA,0x4E,0x52,0x54,0x4C,0x16,0x1D,0x56,0x56,0xD8,0x57,0x57,0x27,0x20,0x4D,0x54,0x00,0x00,0x02,0x00,0x28,0xFF,0xF6,0x01,0x5B,0x02,0xBC,0x00,0x10,
        0x00,0x1C,0x00,0x00,0x21,0x23,0x26,0x27,0x06,0x23,0x22,0x3D,0x01,0x34,0x33,0x32,0x17,0x35,0x33,0x11,0x14,0x27,0x32,0x36,0x3D,0x01,0x34,0x26,0x23,0x22,0x1D,0x01,
        0x14,0x01,0x5B,0x45,0x06,0x02,0x21,0x50,0x75,0x75,0x45,0x23,0x4B,0x9C,0x24,0x2D,0x2D,0x24,0x40,0x12,0x32,0x4E,0x92,0xE8,0x91,0x3C,0xF7,0xFD,0xCD,0x5B,0x0B,0x3A,
        0x36,0xA5,0x36,0x3A,0x54,0xDC,0x55,0x00,0x00,0x02,0x00,0x26,0xFF,0xF6,0x01,0x50,0x02,0x01,0x00,0x15,0x00,0x1C,0x00,0x00,0x13,0x32,0x16,0x1D,0x01,0x23,0x15,0x14,
        0x33,0x32,0x3D,0x01,0x33,0x15,0x14,0x06,0x22,0x26,0x3D,0x01,0x34,0x36,0x15,0x33,0x35,0x34,0x23,0x22,0x15,0xBB,0x48,0x4D,0xDE,0x4A,0x4B,0x49,0x4D,0x90,0x4D,0x4C,
        0x94,0x4B,0x49,0x02,0x01,0x54,0x4E,0x6F,0x5E,0x59,0x59,0x0F,0x08,0x4E,0x55,0x55,0x4E,0xC6,0x4E,0x54,0xD3,0x38,0x58,0x58,0x00,0x01,0x00,0x11,0x00,0x00,0x00,0xF7,
        0x02,0xC6,0x00,0x14,0x00,0x00,0x13,0x22,0x06,0x1D,0x01,0x33,0x15,0x23,0x11,0x23,0x11,0x23,0x35,0x33,0x35,0x34,0x33,0x32,0x17,0x15,0x26,0xCD,0x1A,0x17,0x5B,0x5B,
        0x4B,0x40,0x40,0x6E,0x21,0x17,0x14,0x02,0x83,0x19,0x1F,0x54,0x40,0xFE,0x49,0x01,0xB7,0x40,0x5D,0x72,0x0A,0x41,0x08,0x00,0x00,0x02,0x00,0x27,0xFF,0x5B,0x01,0x4E,
        0x02,0x01,0x00,0x19,0x00,0x25,0x00,0x00,0x01,0x33,0x11,0x14,0x06,0x23,0x22,0x26,0x3D,0x01,0x33,0x15,0x14,0x33,0x32,0x3D,0x01,0x06,0x23,0x22,0x3D,0x01,0x34,0x33,
        0x32,0x17,0x03,0x32,0x36,0x3D,0x01,0x34,0x26,0x23,0x22,0x1D,0x01,0x14,0x01,0x0D,0x41,0x45,0x4E,0x47,0x49,0x48,0x47,0x49,0x23,0x44,0x75,0x75,0x51,0x1F,0x59,0x23,
        0x2D,0x2D,0x23,0x41,0x01,0xF7,0xFD,0xFA,0x4A,0x4C,0x42,0x3F,0x04,0x07,0x3F,0x52,0x5C,0x3C,0x92,0xD2,0x91,0x4D,0xFE,0x9B,0x3A,0x36,0x8F,0x36,0x3A,0x54,0xC6,0x55,
        0x00,0x01,0x00,0x30,0x00,0x00,0x01,0x55,0x02,0xBC,0x00,0x10,0x00,0x00,0x13,0x32,0x15,0x11,0x23,0x11,0x34,0x23,0x22,0x06,0x15,0x11,0x23,0x11,0x33,0x15,0x36,0xE1,
        0x74,0x4C,0x3F,0x23,0x2C,0x4B,0x4B,0x22,0x02,0x01,0x91,0xFE,0x90,0x01,0x66,0x58,0x3A,0x36,0xFE,0xB2,0x02,0xBC,0xF5,0x3A,0x00,0x02,0x00,0x30,0x00,0x00,0x00,0x7B,
        0x02,0xAB,0x00,0x03,0x00,0x07,0x00,0x00,0x13,0x35,0x33,0x15,0x03,0x11,0x33,0x11,0x30,0x4B,0x4B,0x4B,0x02,0x3F,0x6C,0x6C,0xFD,0xC1,0x01,0xF7,0xFE,0x09,0x00,0x00,
        0x00,0x02,0xFF,0xEE,0xFF,0x5B,0x00,0x7B,0x02,0xAB,0x00,0x03,0x00,0x10,0x00,0x00,0x13,0x35,0x33,0x15,0x03,0x22,0x27,0x35,0x16,0x33,0x32,0x36,0x35,0x11,0x33,0x11,
        0x14,0x30,0x4B,0x5D,0x1C,0x14,0x13,0x0F,0x11,0x0F,0x4B,0x02,0x3F,0x6C,0x6C,0xFD,0x1C,0x0A,0x40,0x07,0x11,0x15,0x02,0x33,0xFD,0xC7,0x63,0x00,0x00,0x01,0x00,0x30,
        0x00,0x00,0x01,0x6F,0x02,0xBC,0x00,0x0B,0x00,0x00,0x21,0x27,0x07,0x15,0x23,0x11,0x33,0x11,0x37,0x33,0x07,0x13,0x01,0x1D,0x66,0x3C,0x4B,0x4B,0x9D,0x51,0x7E,0x84,
        0xF1,0x59,0x98,0x02,0xBC,0xFE,0x46,0xF5,0xBD,0xFE,0xC6,0x00,0x00,0x01,0x00,0x30,0x00,0x00,0x00,0x7B,0x02,0xBC,0x00,0x03,0x00,0x00,0x33,0x11,0x33,0x11,0x30,0x4B,
        0x02,0xBC,0xFD,0x44,0x00,0x01,0x00,0x30,0x00,0x00,0x02,0x22,0x02,0x01,0x00,0x1C,0x00,0x00,0x01,0x32,0x15,0x11,0x23,0x11,0x34,0x23,0x22,0x06,0x15,0x11,0x23,0x11,
        0x34,0x23,0x22,0x06,0x15,0x11,0x23,0x11,0x33,0x17,0x36,0x33,0x32,0x17,0x36,0x01,0xB1,0x71,0x4B,0x3C,0x22,0x2A,0x4C,0x3C,0x22,0x2A,0x4B,0x41,0x01,0x20,0x4C,0x51,
        0x17,0x1F,0x02,0x01,0x8D,0xFE,0x8C,0x01,0x6F,0x4F,0x3A,0x36,0xFE,0xB2,0x01,0x6F,0x4F,0x3A,0x36,0xFE,0xB2,0x01,0xF7,0x42,0x4C,0x4A,0x4A,0x00,0x00,0x01,0x00,0x30,
        0x00,0x00,0x01,0x55,0x02,0x01,0x00,0x10,0x00,0x00,0x13,0x32,0x15,0x11,0x23,0x11,0x34,0x23,0x22,0x06,0x15,0x11,0x23,0x11,0x33,0x17,0x36,0xE1,0x74,0x4C,0x3F,0x23,
        0x2C,0x4B,0x41,0x01,0x20,0x02,0x01,0x91,0xFE,0x90,0x01,0x66,0x58,0x3A,0x36,0xFE,0xB2,0x01,0xF7,0x42,0x4C,0x00,0x00,0x00,0x00,0x02,0x00,0x26,0xFF,0xF6,0x01,0x4E,
        0x02,0x01,0x00,0x0D,0x00,0x17,0x00,0x00,0x17,0x22,0x26,0x3D,0x01,0x34,0x36,0x33,0x32,0x16,0x1D,0x01,0x14,0x06,0x27,0x32,0x3D,0x01,0x34,0x23,0x22,0x1D,0x01,0x14,
        0xBA,0x48,0x4C,0x4C,0x48,0x47,0x4D,0x4D,0x47,0x48,0x48,0x49,0x0A,0x55,0x4E,0xC6,0x4E,0x54,0x54,0x4E,0xC6,0x4E,0x55,0x43,0x59,0xD4,0x58,0x58,0xD4,0x59,0x00,0x00,
        0x00,0x02,0x00,0x30,0xFF,0x65,0x01,0x58,0x02,0x01,0x00,0x0D,0x00,0x19,0x00,0x00,0x13,0x32,0x1D,0x01,0x14,0x23,0x22,0x27,0x15,0x23,0x11,0x33,0x17,0x36,0x13,0x35,
        0x34,0x23,0x22,0x06,0x1D,0x01,0x14,0x16,0x33,0x32,0xE2,0x76,0x76,0x44,0x23,0x4B,0x41,0x01,0x1F,0x7B,0x40,0x24,0x2D,0x2D,0x24,0x40,0x02,0x01,0x91,0xE8,0x92,0x3C,
        0xCD,0x02,0x92,0x44,0x4E,0xFE,0x8D,0xDC,0x54,0x3A,0x36,0xA5,0x36,0x3A,0x00,0x00,0x00,0x02,0x00,0x28,0xFF,0x65,0x01,0x50,0x02,0x01,0x00,0x0D,0x00,0x19,0x00,0x00,
        0x01,0x33,0x11,0x23,0x35,0x06,0x23,0x22,0x3D,0x01,0x34,0x33,0x32,0x17,0x03,0x32,0x36,0x3D,0x01,0x34,0x26,0x23,0x22,0x1D,0x01,0x14,0x01,0x19,0x37,0x4B,0x23,0x44,
        0x76,0x76,0x51,0x20,0x5B,0x24,0x2D,0x2D,0x24,0x40,0x01,0xF7,0xFD,0x6E,0xCD,0x3C,0x92,0xE8,0x91,0x51,0xFE,0x89,0x3A,0x36,0xA5,0x36,0x3A,0x54,0xDC,0x55,0x00,0x00,
        0x00,0x01,0x00,0x30,0x00,0x00,0x00,0xFC,0x02,0x01,0x00,0x0D,0x00,0x00,0x13,0x32,0x17,0x15,0x26,0x23,0x22,0x15,0x11,0x23,0x11,0x33,0x17,0x36,0xDB,0x15,0x0C,0x0C,
        0x13,0x62,0x4B,0x41,0x01,0x19,0x02,0x01,0x06,0x4A,0x05,0x91,0xFE,0xDB,0x01,0xF7,0x53,0x5D,0x00,0x00,0x00,0x01,0x00,0x1B,0xFF,0xF6,0x01,0x39,0x02,0x01,0x00,0x2B,
        0x00,0x00,0x17,0x22,0x26,0x3D,0x01,0x33,0x15,0x14,0x32,0x35,0x34,0x2E,0x01,0x27,0x2E,0x03,0x35,0x34,0x36,0x33,0x32,0x16,0x1D,0x01,0x23,0x35,0x34,0x23,0x22,0x06,
        0x15,0x14,0x1E,0x01,0x17,0x1E,0x03,0x15,0x14,0x06,0xAD,0x45,0x4D,0x49,0x8A,0x1B,0x20,0x1C,0x1E,0x1C,0x2A,0x13,0x48,0x40,0x3E,0x4A,0x47,0x40,0x1C,0x24,0x1C,0x20,
        0x1E,0x1C,0x1F,0x28,0x13,0x49,0x0A,0x4D,0x44,0x11,0x13,0x4D,0x49,0x17,0x25,0x15,0x0E,0x10,0x12,0x26,0x32,0x21,0x3E,0x48,0x4B,0x41,0x0A,0x0C,0x49,0x23,0x21,0x18,
        0x27,0x14,0x0F,0x0E,0x14,0x25,0x31,0x20,0x41,0x4B,0x00,0x00,0x00,0x01,0x00,0x10,0xFF,0xF6,0x00,0xF5,0x02,0x88,0x00,0x14,0x00,0x00,0x13,0x23,0x11,0x14,0x16,0x33,
        0x32,0x37,0x15,0x06,0x23,0x22,0x35,0x11,0x23,0x35,0x33,0x37,0x33,0x15,0x33,0xF5,0x5B,0x16,0x1B,0x16,0x14,0x17,0x21,0x6F,0x3E,0x41,0x08,0x41,0x5B,0x01,0xB7,0xFE,
        0xBA,0x1E,0x1A,0x08,0x41,0x0A,0x73,0x01,0x4E,0x40,0x91,0x91,0x00,0x01,0x00,0x2C,0xFF,0xF6,0x01,0x51,0x01,0xF7,0x00,0x10,0x00,0x00,0x01,0x33,0x11,0x23,0x27,0x06,
        0x23,0x22,0x35,0x11,0x33,0x11,0x14,0x33,0x32,0x36,0x35,0x01,0x06,0x4B,0x41,0x01,0x1F,0x50,0x74,0x4C,0x3F,0x23,0x2C,0x01,0xF7,0xFE,0x09,0x43,0x4D,0x92,0x01,0x6F,
        0xFE,0x9A,0x58,0x3A,0x36,0x00,0x00,0x00,0x00,0x01,0x00,0x12,0x00,0x00,0x01,0x54,0x01,0xF7,0x00,0x06,0x00,0x00,0x33,0x03,0x33,0x1B,0x01,0x33,0x03,0x84,0x72,0x4D,
        0x57,0x57,0x47,0x72,0x01,0xF7,0xFE,0x6E,0x01,0x92,0xFE,0x09,0x00,0x01,0x00,0x14,0x00,0x00,0x02,0x03,0x01,0xF7,0x00,0x0C,0x00,0x00,0x33,0x03,0x33,0x1B,0x01,0x33,
        0x1B,0x01,0x33,0x03,0x23,0x0B,0x01,0x6B,0x57,0x4A,0x46,0x43,0x4F,0x43,0x46,0x44,0x57,0x5C,0x42,0x42,0x01,0xF7,0xFE,0x71,0x01,0x8F,0xFE,0x71,0x01,0x8F,0xFE,0x09,
        0x01,0x6B,0xFE,0x95,0x00,0x01,0x00,0x11,0x00,0x00,0x01,0x5E,0x01,0xF7,0x00,0x0B,0x00,0x00,0x33,0x13,0x27,0x33,0x17,0x37,0x33,0x07,0x13,0x23,0x27,0x07,0x11,0x79,
        0x73,0x52,0x52,0x52,0x4B,0x73,0x79,0x53,0x57,0x58,0x01,0x02,0xF5,0xB6,0xB6,0xF5,0xFE,0xFE,0xC5,0xC5,0x00,0x01,0x00,0x11,0xFF,0x5B,0x01,0x51,0x01,0xF7,0x00,0x11,
        0x00,0x00,0x17,0x22,0x27,0x35,0x16,0x33,0x32,0x36,0x3F,0x01,0x03,0x33,0x1B,0x01,0x33,0x03,0x0E,0x01,0x59,0x21,0x12,0x10,0x18,0x1B,0x19,0x07,0x0A,0x82,0x4D,0x5A,
        0x52,0x47,0x7F,0x0D,0x38,0xA5,0x0A,0x41,0x08,0x16,0x1E,0x24,0x02,0x01,0xFE,0x81,0x01,0x7F,0xFD,0xD0,0x3A,0x32,0x00,0x00,0x00,0x01,0x00,0x18,0x00,0x00,0x01,0x2E,
        0x01,0xF7,0x00,0x09,0x00,0x00,0x33,0x35,0x13,0x23,0x35,0x21,0x15,0x03,0x33,0x15,0x18,0xC6,0xBC,0x01,0x0C,0xC6,0xC6,0x3F,0x01,0x78,0x40,0x3F,0xFE,0x89,0x41,0x00,
        0x00,0x01,0x00,0x19,0xFF,0x9C,0x00,0xED,0x02,0xBC,0x00,0x21,0x00,0x00,0x17,0x22,0x26,0x3D,0x01,0x34,0x26,0x23,0x35,0x32,0x36,0x3D,0x01,0x34,0x36,0x3B,0x01,0x15,
        0x23,0x22,0x06,0x1D,0x01,0x14,0x07,0x15,0x16,0x1D,0x01,0x14,0x16,0x3B,0x01,0x15,0xC0,0x2F,0x38,0x1B,0x25,0x25,0x1B,0x36,0x31,0x2D,0x11,0x22,0x18,0x3B,0x3B,0x18,
        0x22,0x11,0x64,0x34,0x38,0xBC,0x2A,0x20,0x3D,0x1F,0x29,0xBE,0x35,0x36,0x3D,0x1F,0x29,0xAD,0x4D,0x10,0x02,0x0F,0x4F,0xAC,0x29,0x1F,0x3D,0x00,0x00,0x01,0x00,0x75,
        0xFF,0x38,0x00,0xB7,0x03,0x21,0x00,0x03,0x00,0x00,0x17,0x11,0x33,0x11,0x75,0x42,0xC8,0x03,0xE9,0xFC,0x17,0x00,0x00,0x00,0x00,0x01,0x00,0x1C,0xFF,0x9C,0x00,0xF0,
        0x02,0xBC,0x00,0x20,0x00,0x00,0x17,0x35,0x33,0x32,0x36,0x3D,0x01,0x34,0x37,0x35,0x26,0x3D,0x01,0x34,0x26,0x2B,0x01,0x35,0x33,0x32,0x16,0x1D,0x01,0x14,0x16,0x33,
        0x15,0x22,0x06,0x1D,0x01,0x14,0x23,0x1C,0x10,0x22,0x19,0x3B,0x3B,0x19,0x22,0x10,0x2C,0x31,0x36,0x1C,0x25,0x25,0x1C,0x67,0x64,0x3D,0x1F,0x29,0xAC,0x50,0x0E,0x02,
        0x10,0x4D,0xAD,0x29,0x1F,0x3D,0x36,0x35,0xBE,0x29,0x1F,0x3D,0x20,0x2A,0xBC,0x6C,0x00,0x01,0x00,0x11,0x00,0xEB,0x01,0x80,0x01,0x6D,0x00,0x15,0x00,0x00,0x37,0x27,
        0x3E,0x01,0x33,0x32,0x17,0x16,0x33,0x32,0x36,0x37,0x17,0x0E,0x01,0x23,0x22,0x27,0x26,0x23,0x22,0x06,0x3D,0x2C,0x1C,0x32,0x23,0x1F,0x2D,0x2F,0x11,0x14,0x1C,0x16,
        0x2C,0x1B,0x33,0x23,0x1D,0x2F,0x2D,0x13,0x14,0x1C,0xEB,0x21,0x30,0x2E,0x1F,0x1E,0x1D,0x23,0x21,0x30,0x2E,0x1F,0x1E,0x1D,0x00,0x02,0x00,0x3C,0xFF,0x3A,0x00,0x8B,
        0x01,0xF7,0x00,0x03,0x00,0x09,0x00,0x00,0x13,0x35,0x33,0x15,0x03,0x11,0x37,0x33,0x17,0x11,0x3C,0x4F,0x4F,0x0A,0x3A,0x0A,0x01,0x93,0x64,0x64,0xFD,0xA7,0x01,0x4A,
        0xC4,0xC4,0xFE,0xB6,0x00,0x01,0x00,0x31,0xFF,0xEC,0x01,0x68,0x02,0xC6,0x00,0x25,0x00,0x00,0x01,0x23,0x35,0x34,0x26,0x23,0x22,0x06,0x15,0x11,0x14,0x16,0x33,0x32,
        0x36,0x3D,0x01,0x33,0x15,0x14,0x06,0x07,0x15,0x23,0x35,0x2E,0x01,0x35,0x11,0x34,0x36,0x37,0x35,0x33,0x15,0x1E,0x01,0x15,0x01,0x68,0x49,0x2B,0x26,0x25,0x2A,0x2A,
        0x25,0x26,0x2B,0x49,0x40,0x3C,0x41,0x3B,0x3F,0x3F,0x3B,0x41,0x3C,0x40,0x01,0xC2,0x24,0x2C,0x2F,0x2F,0x2C,0xFE,0xF0,0x2C,0x2F,0x2F,0x2C,0x38,0x33,0x46,0x56,0x09,
        0x4A,0x4A,0x0A,0x55,0x46,0x01,0x06,0x46,0x55,0x0A,0x40,0x40,0x09,0x56,0x46,0x00,0x00,0x01,0x00,0x29,0x00,0x00,0x01,0x6C,0x02,0xC6,0x00,0x28,0x00,0x00,0x33,0x35,
        0x3E,0x01,0x35,0x34,0x27,0x23,0x35,0x33,0x2E,0x03,0x35,0x34,0x36,0x33,0x32,0x16,0x1D,0x01,0x23,0x35,0x34,0x23,0x22,0x15,0x14,0x1E,0x01,0x17,0x33,0x15,0x23,0x16,
        0x15,0x14,0x07,0x33,0x15,0x29,0x2C,0x35,0x03,0x5B,0x4E,0x06,0x24,0x0E,0x0E,0x4E,0x4D,0x4F,0x4E,0x4A,0x51,0x4F,0x17,0x25,0x05,0x87,0x79,0x02,0x51,0xE5,0x43,0x1D,
        0x59,0x2F,0x12,0x10,0x3E,0x0E,0x48,0x22,0x41,0x24,0x47,0x5A,0x5C,0x50,0x21,0x26,0x60,0x60,0x2C,0x4C,0x4F,0x10,0x3E,0x12,0x0A,0x53,0x54,0x47,0x00,0x02,0x00,0x2B,
        0x00,0xC0,0x01,0x67,0x01,0xFC,0x00,0x17,0x00,0x20,0x00,0x00,0x00,0x14,0x07,0x17,0x07,0x27,0x06,0x22,0x27,0x07,0x27,0x37,0x26,0x34,0x37,0x27,0x37,0x17,0x36,0x32,
        0x17,0x37,0x17,0x07,0x06,0x32,0x36,0x35,0x34,0x26,0x22,0x06,0x14,0x01,0x43,0x14,0x38,0x25,0x34,0x20,0x4A,0x20,0x34,0x25,0x38,0x15,0x15,0x38,0x25,0x34,0x20,0x4A,
        0x20,0x34,0x25,0x38,0x83,0x3A,0x24,0x24,0x3A,0x25,0x01,0x85,0x4E,0x1D,0x35,0x25,0x39,0x15,0x15,0x39,0x25,0x35,0x1F,0x4A,0x1F,0x35,0x25,0x38,0x15,0x15,0x38,0x25,
        0x35,0x85,0x25,0x1C,0x1D,0x25,0x25,0x3A,0x00,0x01,0x00,0x14,0x00,0x00,0x01,0x7C,0x02,0xBC,0x00,0x16,0x00,0x00,0x01,0x03,0x33,0x15,0x23,0x15,0x33,0x15,0x23,0x15,
        0x23,0x35,0x23,0x35,0x33,0x35,0x23,0x35,0x33,0x03,0x33,0x1B,0x01,0x01,0x7C,0x89,0x65,0x69,0x69,0x69,0x4E,0x65,0x65,0x65,0x61,0x89,0x53,0x64,0x65,0x02,0xBC,0xFE,
        0x84,0x36,0x57,0x37,0x7C,0x7C,0x37,0x57,0x36,0x01,0x7C,0xFE,0xDC,0x01,0x24,0x00,0x00,0x02,0x00,0x75,0xFF,0x38,0x00,0xB7,0x03,0x20,0x00,0x03,0x00,0x07,0x00,0x00,
        0x13,0x11,0x33,0x11,0x03,0x11,0x33,0x11,0x75,0x42,0x42,0x42,0x01,0x90,0x01,0x90,0xFE,0x70,0xFD,0xA8,0x01,0x90,0xFE,0x70,0x00,0x02,0x00,0x21,0xFF,0x95,0x01,0x7F,
        0x02,0xC6,0x00,0x38,0x00,0x4A,0x00,0x00,0x25,0x16,0x15,0x14,0x06,0x23,0x22,0x26,0x3D,0x01,0x33,0x15,0x14,0x16,0x33,0x32,0x36,0x35,0x34,0x2E,0x01,0x27,0x2E,0x03,
        0x35,0x34,0x37,0x26,0x35,0x34,0x36,0x33,0x32,0x16,0x1D,0x01,0x23,0x35,0x34,0x26,0x23,0x22,0x06,0x15,0x14,0x1E,0x02,0x17,0x1E,0x03,0x15,0x14,0x25,0x14,0x1E,0x02,
        0x1F,0x01,0x3E,0x01,0x35,0x34,0x2E,0x02,0x2F,0x01,0x0E,0x01,0x01,0x2D,0x3A,0x52,0x45,0x44,0x53,0x48,0x2A,0x24,0x21,0x2D,0x23,0x26,0x25,0x22,0x25,0x31,0x16,0x52,
        0x3A,0x52,0x45,0x43,0x54,0x48,0x2B,0x24,0x20,0x2D,0x10,0x25,0x1D,0x1C,0x22,0x24,0x32,0x16,0xFE,0xED,0x10,0x25,0x1E,0x1C,0x11,0x21,0x26,0x10,0x25,0x1C,0x1D,0x13,
        0x20,0x26,0x9D,0x2E,0x49,0x41,0x50,0x51,0x46,0x0C,0x0E,0x28,0x2C,0x29,0x25,0x1C,0x2C,0x15,0x11,0x10,0x15,0x28,0x35,0x23,0x64,0x24,0x2C,0x4B,0x41,0x4F,0x51,0x45,
        0x0C,0x0E,0x27,0x2C,0x2A,0x24,0x15,0x21,0x1B,0x10,0x0D,0x10,0x15,0x28,0x35,0x23,0x65,0x80,0x16,0x22,0x1D,0x11,0x0D,0x08,0x04,0x2F,0x25,0x16,0x23,0x1C,0x10,0x0E,
        0x09,0x04,0x2F,0x00,0x00,0x02,0x00,0x98,0x02,0x3F,0x01,0x5C,0x02,0xAB,0x00,0x03,0x00,0x07,0x00,0x00,0x13,0x35,0x33,0x15,0x33,0x35,0x33,0x15,0x98,0x46,0x38,0x46,
        0x02,0x3F,0x6C,0x6C,0x6C,0x6C,0x00,0x00,0x00,0x03,0x00,0x1D,0xFF,0xF6,0x02,0xD5,0x02,0xC6,0x00,0x07,0x00,0x11,0x00,0x28,0x00,0x00,0x04,0x20,0x26,0x10,0x36,0x20,
        0x16,0x10,0x05,0x32,0x36,0x10,0x26,0x23,0x22,0x06,0x10,0x16,0x37,0x22,0x3D,0x01,0x34,0x33,0x32,0x1D,0x01,0x23,0x35,0x34,0x22,0x1D,0x01,0x14,0x32,0x3D,0x01,0x33,
        0x15,0x14,0x06,0x02,0x0F,0xFE,0xD4,0xC6,0xC6,0x01,0x2C,0xC6,0xFE,0xA4,0x80,0xA5,0xA5,0x80,0x7F,0xA5,0xA5,0x7C,0x6E,0x6E,0x6D,0x37,0x6A,0x6A,0x37,0x37,0x0A,0xCD,
        0x01,0x36,0xCD,0xCD,0xFE,0xCA,0x97,0xAD,0x01,0x0A,0xAD,0xAC,0xFE,0xF4,0xAC,0x57,0x77,0xC7,0x79,0x79,0x1F,0x23,0x3F,0x3F,0xCE,0x3E,0x3E,0x33,0x30,0x39,0x3E,0x00,
        0x00,0x03,0x00,0x1A,0x00,0xE4,0x00,0xF5,0x02,0xC6,0x00,0x1D,0x00,0x27,0x00,0x2B,0x00,0x00,0x13,0x3E,0x01,0x3D,0x01,0x34,0x23,0x22,0x1D,0x01,0x23,0x35,0x34,0x36,
        0x33,0x32,0x1D,0x01,0x14,0x17,0x23,0x26,0x27,0x06,0x23,0x22,0x26,0x35,0x34,0x36,0x17,0x32,0x36,0x3D,0x01,0x06,0x07,0x06,0x15,0x14,0x07,0x35,0x33,0x15,0x75,0x2C,
        0x17,0x2E,0x33,0x34,0x36,0x31,0x64,0x07,0x31,0x03,0x03,0x16,0x3C,0x27,0x2B,0x29,0x39,0x1D,0x1F,0x09,0x2C,0x33,0x2F,0xCE,0x02,0x1E,0x14,0x15,0x12,0x09,0x35,0x37,
        0x0B,0x09,0x31,0x37,0x6D,0xA1,0x43,0x1F,0x0A,0x23,0x35,0x2F,0x2A,0x2B,0x35,0x89,0x2A,0x27,0x49,0x0D,0x15,0x19,0x2E,0x31,0x9A,0x31,0x31,0x00,0x00,0x02,0x00,0x1B,
        0x00,0xC4,0x01,0x14,0x01,0x90,0x00,0x05,0x00,0x0B,0x00,0x00,0x37,0x27,0x37,0x33,0x07,0x17,0x33,0x27,0x37,0x33,0x07,0x17,0x5C,0x41,0x41,0x3A,0x33,0x33,0x44,0x40,
        0x40,0x3A,0x32,0x32,0xC4,0x68,0x64,0x64,0x68,0x68,0x64,0x64,0x68,0x00,0x00,0x00,0x00,0x01,0x00,0x13,0x00,0xA5,0x01,0x67,0x01,0x6F,0x00,0x05,0x00,0x00,0x25,0x35,
        0x21,0x35,0x21,0x15,0x01,0x2C,0xFE,0xE7,0x01,0x54,0xA5,0x8F,0x3B,0xCA,0x00,0x00,0x00,0x01,0x00,0x1E,0x01,0x0C,0x00,0xEB,0x01,0x4C,0x00,0x03,0x00,0x00,0x13,0x35,
        0x33,0x15,0x1E,0xCD,0x01,0x0C,0x40,0x40,0x00,0x04,0x00,0x1D,0xFF,0xF6,0x02,0xD5,0x02,0xC6,0x00,0x07,0x00,0x11,0x00,0x29,0x00,0x33,0x00,0x00,0x04,0x20,0x26,0x10,
        0x36,0x20,0x16,0x10,0x05,0x32,0x36,0x10,0x26,0x23,0x22,0x06,0x10,0x16,0x37,0x11,0x33,0x32,0x16,0x1D,0x01,0x14,0x07,0x15,0x16,0x1D,0x01,0x14,0x17,0x23,0x26,0x3D,
        0x01,0x34,0x26,0x2B,0x01,0x15,0x35,0x33,0x32,0x36,0x3D,0x01,0x34,0x26,0x2B,0x01,0x02,0x0F,0xFE,0xD4,0xC6,0xC6,0x01,0x2C,0xC6,0xFE,0xA4,0x80,0xA5,0xA5,0x80,0x7F,
        0xA5,0xA5,0x17,0x6E,0x37,0x36,0x37,0x37,0x09,0x3C,0x07,0x1C,0x23,0x28,0x2A,0x1F,0x1E,0x18,0x1E,0x31,0x0A,0xCD,0x01,0x36,0xCD,0xCD,0xFE,0xCA,0x97,0xAD,0x01,0x0A,
        0xAD,0xAC,0xFE,0xF4,0xAC,0x5C,0x01,0xAC,0x34,0x39,0x0D,0x4A,0x13,0x01,0x0F,0x4C,0x3E,0x27,0x14,0x15,0x27,0x3A,0x24,0x1C,0xB6,0xEC,0x1B,0x22,0x10,0x1F,0x1E,0x00,
        0x00,0x01,0x00,0x90,0x02,0x58,0x01,0x64,0x02,0x93,0x00,0x03,0x00,0x00,0x13,0x35,0x33,0x15,0x90,0xD4,0x02,0x58,0x3B,0x3B,0x00,0x02,0x00,0x54,0x01,0xDD,0x01,0x3D,
        0x02,0xC6,0x00,0x07,0x00,0x0F,0x00,0x00,0x12,0x22,0x26,0x34,0x36,0x32,0x16,0x14,0x06,0x32,0x36,0x34,0x26,0x22,0x06,0x14,0xF9,0x62,0x43,0x43,0x62,0x44,0x8E,0x32,
        0x23,0x23,0x32,0x22,0x01,0xDD,0x44,0x62,0x43,0x43,0x62,0x0B,0x23,0x32,0x23,0x23,0x32,0x00,0x00,0x00,0x00,0x01,0x00,0x28,0x00,0x71,0x01,0x68,0x01,0xE9,0x00,0x0F,
        0x00,0x00,0x37,0x35,0x33,0x35,0x23,0x35,0x33,0x35,0x33,0x15,0x33,0x15,0x23,0x15,0x33,0x15,0x28,0x82,0x82,0x82,0x3C,0x82,0x82,0x82,0x71,0x3B,0x7F,0x3C,0x82,0x82,
        0x3C,0x7F,0x3B,0x00,0x00,0x01,0x00,0x2B,0x01,0x5F,0x00,0xF5,0x03,0x25,0x00,0x1D,0x00,0x00,0x13,0x35,0x34,0x36,0x37,0x3E,0x01,0x35,0x34,0x23,0x22,0x1D,0x01,0x23,
        0x35,0x34,0x36,0x33,0x32,0x16,0x15,0x14,0x06,0x07,0x0E,0x01,0x1D,0x01,0x33,0x15,0x2B,0x24,0x29,0x27,0x20,0x30,0x31,0x33,0x32,0x33,0x32,0x33,0x28,0x2D,0x24,0x1C,
        0x90,0x01,0x5F,0x2B,0x33,0x4D,0x2A,0x28,0x3A,0x22,0x3D,0x3A,0x25,0x22,0x33,0x3A,0x39,0x32,0x2B,0x4A,0x2F,0x27,0x34,0x21,0x0A,0x31,0x00,0x00,0x00,0x01,0x00,0x25,
        0x01,0x55,0x00,0xF0,0x03,0x25,0x00,0x23,0x00,0x00,0x13,0x22,0x26,0x3D,0x01,0x33,0x15,0x14,0x32,0x3D,0x01,0x34,0x2B,0x01,0x35,0x33,0x32,0x3D,0x01,0x34,0x22,0x1D,
        0x01,0x23,0x35,0x34,0x32,0x1D,0x01,0x14,0x07,0x15,0x16,0x1D,0x01,0x14,0x8A,0x32,0x33,0x33,0x62,0x36,0x1A,0x1D,0x33,0x62,0x32,0xCA,0x33,0x33,0x01,0x55,0x3B,0x34,
        0x22,0x26,0x3A,0x3F,0x2A,0x40,0x30,0x3B,0x1B,0x40,0x3A,0x1A,0x16,0x6E,0x6E,0x14,0x47,0x13,0x02,0x11,0x4B,0x27,0x6F,0x00,0x00,0x01,0x00,0xC9,0x02,0x35,0x01,0x67,
        0x02,0xB5,0x00,0x03,0x00,0x00,0x13,0x37,0x33,0x07,0xC9,0x47,0x57,0x60,0x02,0x35,0x80,0x80,0x00,0x00,0x00,0x01,0x00,0x30,0xFF,0x65,0x01,0x55,0x01,0xF7,0x00,0x12,
        0x00,0x00,0x01,0x33,0x11,0x23,0x27,0x06,0x23,0x22,0x27,0x15,0x23,0x11,0x33,0x11,0x14,0x33,0x32,0x36,0x35,0x01,0x09,0x4C,0x42,0x01,0x1F,0x50,0x14,0x14,0x4B,0x4B,
        0x3F,0x24,0x2B,0x01,0xF7,0xFE,0x09,0x41,0x4B,0x05,0x96,0x02,0x92,0xFE,0x9A,0x58,0x39,0x37,0x00,0x00,0x00,0x01,0x00,0x24,0xFF,0x9F,0x01,0x85,0x02,0xBC,0x00,0x0C,
        0x00,0x00,0x17,0x11,0x26,0x3D,0x01,0x34,0x3B,0x01,0x11,0x23,0x11,0x23,0x11,0xBD,0x99,0xA3,0xBE,0x3D,0x4E,0x61,0x01,0x91,0x03,0x9F,0x40,0xAA,0xFC,0xE3,0x02,0xE2,
        0xFD,0x1E,0x00,0x00,0x00,0x01,0x00,0x34,0x00,0xFA,0x00,0x83,0x01,0x5E,0x00,0x03,0x00,0x00,0x37,0x35,0x33,0x15,0x34,0x4F,0xFA,0x64,0x64,0x00,0x00,0x01,0x00,0xA1,
        0xFF,0x65,0x01,0x56,0x00,0x0A,0x00,0x12,0x00,0x00,0x17,0x22,0x3D,0x01,0x33,0x15,0x14,0x33,0x32,0x34,0x2B,0x01,0x35,0x33,0x15,0x32,0x15,0x14,0x06,0xFA,0x59,0x38,
        0x20,0x24,0x27,0x0A,0x27,0x43,0x2E,0x9B,0x3B,0x08,0x08,0x18,0x36,0x4C,0x36,0x32,0x24,0x19,0x00,0x00,0x00,0x01,0x00,0x3E,0x01,0x5F,0x00,0xC0,0x03,0x1B,0x00,0x09,
        0x00,0x00,0x13,0x11,0x06,0x07,0x35,0x3E,0x01,0x37,0x33,0x11,0x8A,0x21,0x2B,0x28,0x29,0x0C,0x25,0x01,0x5F,0x01,0x66,0x0A,0x02,0x28,0x01,0x1A,0x1F,0xFE,0x44,0x00,
        0x00,0x03,0x00,0x23,0x00,0xE5,0x00,0xF7,0x02,0xC6,0x00,0x0D,0x00,0x17,0x00,0x1B,0x00,0x00,0x13,0x22,0x26,0x3D,0x01,0x34,0x36,0x33,0x32,0x16,0x1D,0x01,0x14,0x06,
        0x27,0x32,0x3D,0x01,0x34,0x23,0x22,0x1D,0x01,0x14,0x07,0x35,0x33,0x15,0x8D,0x33,0x37,0x37,0x33,0x32,0x38,0x38,0x32,0x34,0x34,0x35,0x32,0xCD,0x01,0x4E,0x3D,0x38,
        0x8F,0x38,0x3C,0x3D,0x37,0x8F,0x38,0x3D,0x31,0x3F,0x99,0x3F,0x3F,0x99,0x3F,0x9A,0x30,0x30,0x00,0x00,0x00,0x02,0x00,0x1E,0x00,0xC4,0x01,0x16,0x01,0x90,0x00,0x05,
        0x00,0x0B,0x00,0x00,0x3F,0x01,0x27,0x33,0x17,0x07,0x33,0x37,0x27,0x33,0x17,0x07,0x1E,0x31,0x31,0x39,0x41,0x41,0x45,0x32,0x32,0x3A,0x40,0x40,0xC4,0x68,0x64,0x64,
        0x68,0x68,0x64,0x64,0x68,0x00,0x00,0x00,0x00,0x04,0x00,0x3E,0x00,0x00,0x02,0x74,0x02,0xBC,0x00,0x09,0x00,0x0D,0x00,0x18,0x00,0x1B,0x00,0x00,0x13,0x11,0x06,0x07,
        0x35,0x3E,0x01,0x37,0x33,0x11,0x03,0x01,0x33,0x01,0x21,0x35,0x23,0x35,0x13,0x33,0x11,0x33,0x15,0x23,0x15,0x27,0x33,0x35,0x8A,0x21,0x2B,0x28,0x29,0x0C,0x25,0x1C,
        0x01,0x10,0x36,0xFE,0xF0,0x01,0x41,0x8E,0x89,0x3B,0x23,0x23,0x92,0x5D,0x01,0x00,0x01,0x66,0x0A,0x02,0x28,0x01,0x1A,0x1F,0xFE,0x44,0xFF,0x00,0x02,0xBC,0xFD,0x44,
        0x57,0x31,0x01,0x34,0xFE,0xCB,0x30,0x57,0x87,0xD6,0x00,0x00,0x00,0x03,0x00,0x3E,0x00,0x00,0x02,0x67,0x02,0xBC,0x00,0x09,0x00,0x0D,0x00,0x2B,0x00,0x00,0x13,0x11,
        0x06,0x07,0x35,0x3E,0x01,0x37,0x33,0x11,0x03,0x01,0x33,0x01,0x33,0x35,0x34,0x36,0x37,0x3E,0x01,0x35,0x34,0x23,0x22,0x1D,0x01,0x23,0x35,0x34,0x36,0x33,0x32,0x16,
        0x15,0x14,0x06,0x07,0x0E,0x01,0x1D,0x01,0x33,0x15,0x8A,0x21,0x2B,0x28,0x29,0x0C,0x25,0x1C,0x01,0x10,0x36,0xFE,0xF0,0xC3,0x24,0x29,0x27,0x20,0x30,0x31,0x33,0x32,
        0x33,0x32,0x33,0x28,0x2D,0x24,0x1C,0x90,0x01,0x00,0x01,0x66,0x0A,0x02,0x28,0x01,0x1A,0x1F,0xFE,0x44,0xFF,0x00,0x02,0xBC,0xFD,0x44,0x2B,0x33,0x4D,0x2A,0x28,0x3A,
        0x22,0x3D,0x3A,0x25,0x22,0x33,0x3A,0x39,0x32,0x2B,0x4A,0x2F,0x27,0x34,0x21,0x0A,0x31,0x00,0x00,0x00,0x00,0x04,0x00,0x25,0x00,0x00,0x02,0x74,0x02,0xC6,0x00,0x23,
        0x00,0x27,0x00,0x32,0x00,0x35,0x00,0x00,0x37,0x22,0x26,0x3D,0x01,0x33,0x15,0x14,0x32,0x3D,0x01,0x34,0x2B,0x01,0x35,0x33,0x32,0x3D,0x01,0x34,0x22,0x1D,0x01,0x23,
        0x35,0x34,0x32,0x1D,0x01,0x14,0x07,0x15,0x16,0x1D,0x01,0x14,0x07,0x01,0x33,0x01,0x21,0x35,0x23,0x35,0x13,0x33,0x11,0x33,0x15,0x23,0x15,0x27,0x33,0x35,0x8A,0x32,
        0x33,0x33,0x62,0x36,0x1A,0x1D,0x33,0x62,0x32,0xCA,0x33,0x33,0x4C,0x01,0x10,0x36,0xFE,0xF0,0x01,0x41,0x8E,0x89,0x3B,0x23,0x23,0x92,0x5D,0xF6,0x3B,0x34,0x22,0x26,
        0x3A,0x3F,0x2A,0x40,0x30,0x3B,0x1B,0x40,0x3A,0x1A,0x16,0x6E,0x6E,0x14,0x46,0x14,0x02,0x11,0x4B,0x27,0x6F,0xF6,0x02,0xBC,0xFD,0x44,0x57,0x31,0x01,0x34,0xFE,0xCB,
        0x30,0x57,0x87,0xD6,0x00,0x02,0x00,0x19,0xFF,0x31,0x01,0x51,0x01,0xF7,0x00,0x03,0x00,0x1C,0x00,0x00,0x13,0x35,0x33,0x15,0x12,0x22,0x26,0x35,0x34,0x36,0x37,0x3E,
        0x01,0x3D,0x01,0x33,0x15,0x14,0x07,0x0E,0x01,0x15,0x14,0x32,0x3D,0x01,0x33,0x15,0x14,0x9F,0x4F,0x15,0x9C,0x4E,0x23,0x27,0x23,0x1E,0x44,0x3F,0x24,0x1E,0xA0,0x4A,
        0x01,0x93,0x64,0x64,0xFD,0x9E,0x59,0x50,0x31,0x54,0x32,0x2E,0x40,0x23,0x26,0x29,0x4A,0x5B,0x32,0x47,0x2C,0x5D,0x60,0x40,0x3B,0x51,0x00,0x00,0x00,0x03,0x00,0x11,
        0x00,0x00,0x01,0x7F,0x03,0x70,0x00,0x03,0x00,0x0B,0x00,0x0E,0x00,0x00,0x13,0x23,0x27,0x33,0x13,0x27,0x23,0x07,0x23,0x13,0x33,0x13,0x27,0x33,0x03,0xF9,0x3D,0x60,
        0x57,0x7D,0x1A,0xA2,0x1A,0x49,0x82,0x69,0x83,0xFF,0x8A,0x46,0x02,0xF0,0x80,0xFC,0x90,0x95,0x95,0x02,0xBC,0xFD,0x44,0xD9,0x01,0x8A,0x00,0x00,0x00,0x03,0x00,0x11,
        0x00,0x00,0x01,0x7F,0x03,0x70,0x00,0x03,0x00,0x0B,0x00,0x0E,0x00,0x00,0x01,0x07,0x23,0x37,0x13,0x27,0x23,0x07,0x23,0x13,0x33,0x13,0x27,0x33,0x03,0x01,0x35,0x60,
        0x3E,0x47,0x52,0x1A,0xA2,0x1A,0x49,0x82,0x69,0x83,0xFF,0x8A,0x46,0x03,0x70,0x80,0x80,0xFC,0x90,0x95,0x95,0x02,0xBC,0xFD,0x44,0xD9,0x01,0x8A,0x00,0x03,0x00,0x11,
        0x00,0x00,0x01,0x7F,0x03,0x70,0x00,0x06,0x00,0x0E,0x00,0x11,0x00,0x00,0x13,0x07,0x23,0x37,0x33,0x17,0x23,0x13,0x27,0x23,0x07,0x23,0x13,0x33,0x13,0x27,0x33,0x03,
        0xC8,0x37,0x3E,0x4E,0x4F,0x4D,0x3D,0x30,0x1A,0xA2,0x1A,0x49,0x82,0x69,0x83,0xFF,0x8A,0x46,0x03,0x44,0x54,0x80,0x80,0xFD,0x10,0x95,0x95,0x02,0xBC,0xFD,0x44,0xD9,
        0x01,0x8A,0x00,0x00,0x00,0x03,0x00,0x11,0x00,0x00,0x01,0x7F,0x03,0x63,0x00,0x11,0x00,0x19,0x00,0x1C,0x00,0x00,0x13,0x22,0x07,0x27,0x36,0x33,0x32,0x17,0x16,0x33,
        0x32,0x37,0x17,0x06,0x23,0x22,0x27,0x26,0x13,0x27,0x23,0x07,0x23,0x13,0x33,0x13,0x27,0x33,0x03,0x9F,0x17,0x10,0x29,0x20,0x30,0x18,0x1D,0x15,0x0B,0x16,0x11,0x29,
        0x20,0x30,0x1A,0x1B,0x15,0x86,0x1A,0xA2,0x1A,0x49,0x82,0x69,0x83,0xFF,0x8A,0x46,0x03,0x26,0x28,0x17,0x4A,0x15,0x0F,0x28,0x17,0x4A,0x15,0x0F,0xFC,0xDA,0x95,0x95,
        0x02,0xBC,0xFD,0x44,0xD9,0x01,0x8A,0x00,0x00,0x04,0x00,0x11,0x00,0x00,0x01,0x7F,0x03,0x66,0x00,0x03,0x00,0x07,0x00,0x0F,0x00,0x12,0x00,0x00,0x13,0x15,0x23,0x35,
        0x33,0x15,0x23,0x35,0x13,0x27,0x23,0x07,0x23,0x13,0x33,0x13,0x27,0x33,0x03,0xAC,0x46,0xC4,0x46,0x4C,0x1A,0xA2,0x1A,0x49,0x82,0x69,0x83,0xFF,0x8A,0x46,0x03,0x66,
        0x6C,0x6C,0x6C,0x6C,0xFC,0x9A,0x95,0x95,0x02,0xBC,0xFD,0x44,0xD9,0x01,0x8A,0x00,0x00,0x04,0x00,0x11,0x00,0x00,0x01,0x7F,0x03,0x8E,0x00,0x07,0x00,0x0F,0x00,0x17,
        0x00,0x1A,0x00,0x00,0x12,0x22,0x26,0x34,0x36,0x32,0x16,0x14,0x26,0x22,0x06,0x14,0x16,0x32,0x36,0x34,0x13,0x27,0x23,0x07,0x23,0x13,0x33,0x13,0x27,0x33,0x03,0xEA,
        0x44,0x2E,0x2E,0x44,0x2E,0x41,0x1E,0x14,0x14,0x1E,0x15,0x44,0x1A,0xA2,0x1A,0x49,0x82,0x69,0x83,0xFF,0x8A,0x46,0x02,0xF0,0x2E,0x42,0x2E,0x2E,0x42,0x47,0x16,0x20,
        0x15,0x15,0x20,0xFC,0xB1,0x95,0x95,0x02,0xBC,0xFD,0x44,0xD9,0x01,0x8A,0x00,0x00,0x00,0x02,0x00,0x0F,0x00,0x00,0x02,0x30,0x02,0xBC,0x00,0x0F,0x00,0x12,0x00,0x00,
        0x01,0x23,0x15,0x33,0x15,0x23,0x11,0x33,0x15,0x21,0x35,0x23,0x07,0x23,0x13,0x21,0x01,0x33,0x11,0x02,0x30,0xD0,0xA9,0xA9,0xD0,0xFE,0xE2,0x8B,0x2D,0x4B,0xD9,0x01,
        0x48,0xFE,0x6C,0x76,0x02,0x75,0xE4,0x47,0xFE,0xFD,0x47,0x95,0x95,0x02,0xBC,0xFE,0x1D,0x01,0x84,0x00,0x00,0x01,0x00,0x28,0xFF,0x65,0x01,0x60,0x02,0xC6,0x00,0x2E,
        0x00,0x00,0x01,0x23,0x35,0x34,0x26,0x22,0x06,0x15,0x11,0x14,0x16,0x32,0x36,0x3D,0x01,0x33,0x15,0x14,0x06,0x07,0x15,0x32,0x15,0x14,0x06,0x23,0x22,0x3D,0x01,0x33,
        0x15,0x14,0x33,0x32,0x34,0x2B,0x01,0x35,0x2E,0x01,0x35,0x11,0x34,0x36,0x32,0x16,0x15,0x01,0x60,0x4A,0x2B,0x4A,0x2B,0x2B,0x4A,0x2B,0x4A,0x45,0x41,0x43,0x2E,0x2E,
        0x59,0x38,0x20,0x24,0x27,0x0A,0x42,0x49,0x51,0x96,0x51,0x01,0xD7,0x4D,0x2C,0x2F,0x2F,0x2C,0xFE,0x74,0x2C,0x2F,0x2F,0x2C,0x62,0x5D,0x49,0x56,0x07,0x23,0x32,0x24,
        0x19,0x3B,0x08,0x08,0x18,0x36,0x39,0x04,0x58,0x4A,0x01,0x82,0x4F,0x58,0x58,0x4F,0x00,0x02,0x00,0x30,0x00,0x00,0x01,0x4F,0x03,0x70,0x00,0x03,0x00,0x0F,0x00,0x00,
        0x13,0x27,0x33,0x17,0x03,0x11,0x21,0x15,0x23,0x15,0x33,0x15,0x23,0x11,0x33,0x15,0xB3,0x60,0x57,0x46,0xC0,0x01,0x1F,0xD1,0xAA,0xAA,0xD1,0x02,0xF0,0x80,0x80,0xFD,
        0x10,0x02,0xBC,0x47,0xE4,0x47,0xFE,0xFD,0x47,0x00,0x00,0x00,0x00,0x02,0x00,0x30,0x00,0x00,0x01,0x4F,0x03,0x70,0x00,0x03,0x00,0x0F,0x00,0x00,0x13,0x37,0x33,0x07,
        0x03,0x11,0x21,0x15,0x23,0x15,0x33,0x15,0x23,0x11,0x33,0x15,0x8E,0x47,0x57,0x60,0x9C,0x01,0x1F,0xD1,0xAA,0xAA,0xD1,0x02,0xF0,0x80,0x80,0xFD,0x10,0x02,0xBC,0x47,
        0xE4,0x47,0xFE,0xFD,0x47,0x00,0x00,0x00,0x00,0x02,0x00,0x30,0x00,0x00,0x01,0x4F,0x03,0x70,0x00,0x06,0x00,0x12,0x00,0x00,0x13,0x37,0x33,0x17,0x23,0x27,0x07,0x03,
        0x11,0x21,0x15,0x23,0x15,0x33,0x15,0x23,0x11,0x33,0x15,0x4A,0x4E,0x4F,0x4D,0x3D,0x38,0x37,0x58,0x01,0x1F,0xD1,0xAA,0xAA,0xD1,0x02,0xF0,0x80,0x80,0x54,0x54,0xFD,
        0x10,0x02,0xBC,0x47,0xE4,0x47,0xFE,0xFD,0x47,0x00,0x00,0x00,0x00,0x03,0x00,0x30,0x00,0x00,0x01,0x4F,0x03,0x66,0x00,0x03,0x00,0x07,0x00,0x13,0x00,0x00,0x13,0x35,
        0x33,0x15,0x33,0x35,0x33,0x15,0x03,0x11,0x21,0x15,0x23,0x15,0x33,0x15,0x23,0x11,0x33,0x15,0x5D,0x46,0x38,0x46,0xF1,0x01,0x1F,0xD1,0xAA,0xAA,0xD1,0x02,0xFA,0x6C,
        0x6C,0x6C,0x6C,0xFD,0x06,0x02,0xBC,0x47,0xE4,0x47,0xFE,0xFD,0x47,0x00,0x00,0x00,0x00,0x02,0xFF,0xEA,0x00,0x00,0x00,0x88,0x03,0x70,0x00,0x03,0x00,0x07,0x00,0x00,
        0x13,0x27,0x33,0x17,0x03,0x11,0x33,0x11,0x4B,0x61,0x58,0x46,0x58,0x4E,0x02,0xF0,0x80,0x80,0xFD,0x10,0x02,0xBC,0xFD,0x44,0x00,0x02,0x00,0x26,0x00,0x00,0x00,0xC4,
        0x03,0x70,0x00,0x03,0x00,0x07,0x00,0x00,0x13,0x37,0x33,0x07,0x03,0x11,0x33,0x11,0x26,0x47,0x57,0x60,0x34,0x4E,0x02,0xF0,0x80,0x80,0xFD,0x10,0x02,0xBC,0xFD,0x44,
        0x00,0x02,0xFF,0xE2,0x00,0x00,0x00,0xCC,0x03,0x70,0x00,0x06,0x00,0x0A,0x00,0x00,0x03,0x37,0x33,0x17,0x23,0x27,0x07,0x13,0x11,0x33,0x11,0x1E,0x4E,0x4F,0x4D,0x3D,
        0x38,0x37,0x10,0x4E,0x02,0xF0,0x80,0x80,0x54,0x54,0xFD,0x10,0x02,0xBC,0xFD,0x44,0x00,0x03,0xFF,0xF5,0x00,0x00,0x00,0xB9,0x03,0x66,0x00,0x03,0x00,0x07,0x00,0x0B,
        0x00,0x00,0x03,0x35,0x33,0x15,0x33,0x35,0x33,0x15,0x03,0x11,0x33,0x11,0x0B,0x46,0x38,0x46,0x89,0x4E,0x02,0xFA,0x6C,0x6C,0x6C,0x6C,0xFD,0x06,0x02,0xBC,0xFD,0x44,
        0x00,0x02,0x00,0x11,0x00,0x00,0x01,0x7D,0x02,0xBC,0x00,0x0B,0x00,0x19,0x00,0x00,0x13,0x32,0x15,0x11,0x14,0x2B,0x01,0x11,0x23,0x35,0x33,0x11,0x13,0x11,0x34,0x26,
        0x2B,0x01,0x15,0x33,0x15,0x23,0x11,0x33,0x32,0x36,0xDE,0x9F,0x9F,0xA0,0x2D,0x2D,0xF1,0x28,0x2A,0x51,0x4E,0x4E,0x51,0x2A,0x28,0x02,0xBC,0xAA,0xFE,0x98,0xAA,0x01,
        0x4B,0x44,0x01,0x2D,0xFD,0xEB,0x01,0x6F,0x33,0x2C,0xE6,0x44,0xFE,0xFC,0x2D,0x00,0x00,0x02,0x00,0x30,0x00,0x00,0x01,0x79,0x03,0x63,0x00,0x11,0x00,0x1B,0x00,0x00,
        0x13,0x27,0x36,0x33,0x32,0x17,0x16,0x33,0x32,0x37,0x17,0x06,0x23,0x22,0x27,0x26,0x23,0x22,0x03,0x11,0x33,0x13,0x11,0x33,0x11,0x23,0x03,0x11,0x85,0x29,0x20,0x30,
        0x18,0x1D,0x15,0x0B,0x16,0x11,0x29,0x20,0x30,0x1A,0x1B,0x15,0x0B,0x17,0x65,0x64,0x9E,0x47,0x51,0xB1,0x02,0xFE,0x17,0x4A,0x15,0x0F,0x28,0x17,0x4A,0x15,0x0F,0xFC,
        0xDA,0x02,0xBC,0xFE,0x0C,0x01,0xF4,0xFD,0x44,0x02,0x39,0xFD,0xC7,0x00,0x00,0x00,0x00,0x03,0x00,0x28,0xFF,0xF6,0x01,0x69,0x03,0x70,0x00,0x03,0x00,0x11,0x00,0x1B,
        0x00,0x00,0x13,0x27,0x33,0x17,0x03,0x22,0x26,0x35,0x11,0x34,0x36,0x33,0x32,0x16,0x15,0x11,0x14,0x06,0x27,0x32,0x35,0x11,0x34,0x23,0x22,0x15,0x11,0x14,0xBC,0x60,
        0x57,0x46,0x31,0x4D,0x53,0x53,0x4D,0x4E,0x53,0x53,0x4E,0x53,0x53,0x52,0x02,0xF0,0x80,0x80,0xFD,0x06,0x5A,0x53,0x01,0x77,0x53,0x59,0x59,0x53,0xFE,0x89,0x53,0x5A,
        0x47,0x61,0x01,0x81,0x60,0x60,0xFE,0x7F,0x61,0x00,0x00,0x00,0x00,0x03,0x00,0x28,0xFF,0xF6,0x01,0x69,0x03,0x70,0x00,0x03,0x00,0x11,0x00,0x1B,0x00,0x00,0x13,0x37,
        0x33,0x07,0x03,0x22,0x26,0x35,0x11,0x34,0x36,0x33,0x32,0x16,0x15,0x11,0x14,0x06,0x27,0x32,0x35,0x11,0x34,0x23,0x22,0x15,0x11,0x14,0x97,0x47,0x57,0x60,0x0D,0x4D,
        0x53,0x53,0x4D,0x4E,0x53,0x53,0x4E,0x53,0x53,0x52,0x02,0xF0,0x80,0x80,0xFD,0x06,0x5A,0x53,0x01,0x77,0x53,0x59,0x59,0x53,0xFE,0x89,0x53,0x5A,0x47,0x61,0x01,0x81,
        0x60,0x60,0xFE,0x7F,0x61,0x00,0x00,0x00,0x00,0x03,0x00,0x28,0xFF,0xF6,0x01,0x69,0x03,0x70,0x00,0x06,0x00,0x14,0x00,0x1E,0x00,0x00,0x13,0x37,0x33,0x17,0x23,0x27,
        0x07,0x13,0x22,0x26,0x35,0x11,0x34,0x36,0x33,0x32,0x16,0x15,0x11,0x14,0x06,0x27,0x32,0x35,0x11,0x34,0x23,0x22,0x15,0x11,0x14,0x53,0x4E,0x4F,0x4D,0x3D,0x38,0x37,
        0x37,0x4D,0x53,0x53,0x4D,0x4E,0x53,0x53,0x4E,0x53,0x53,0x52,0x02,0xF0,0x80,0x80,0x54,0x54,0xFD,0x06,0x5A,0x53,0x01,0x77,0x53,0x59,0x59,0x53,0xFE,0x89,0x53,0x5A,
        0x47,0x61,0x01,0x81,0x60,0x60,0xFE,0x7F,0x61,0x00,0x00,0x00,0x00,0x03,0x00,0x28,0xFF,0xF6,0x01,0x69,0x03,0x63,0x00,0x11,0x00,0x1F,0x00,0x29,0x00,0x00,0x13,0x27,
        0x36,0x33,0x32,0x17,0x16,0x33,0x32,0x37,0x17,0x06,0x23,0x22,0x27,0x26,0x23,0x22,0x13,0x22,0x26,0x35,0x11,0x34,0x36,0x33,0x32,0x16,0x15,0x11,0x14,0x06,0x27,0x32,
        0x35,0x11,0x34,0x23,0x22,0x15,0x11,0x14,0x78,0x29,0x20,0x30,0x18,0x1D,0x15,0x0B,0x16,0x11,0x29,0x20,0x30,0x1A,0x1B,0x15,0x0B,0x17,0x40,0x4D,0x53,0x53,0x4D,0x4E,
        0x53,0x53,0x4E,0x53,0x53,0x52,0x02,0xFE,0x17,0x4A,0x15,0x0F,0x28,0x17,0x4A,0x15,0x0F,0xFC,0xD0,0x5A,0x53,0x01,0x77,0x53,0x59,0x59,0x53,0xFE,0x89,0x53,0x5A,0x47,
        0x61,0x01,0x81,0x60,0x60,0xFE,0x7F,0x61,0x00,0x04,0x00,0x28,0xFF,0xF6,0x01,0x69,0x03,0x66,0x00,0x03,0x00,0x07,0x00,0x15,0x00,0x1F,0x00,0x00,0x13,0x35,0x33,0x15,
        0x33,0x35,0x33,0x15,0x03,0x22,0x26,0x35,0x11,0x34,0x36,0x33,0x32,0x16,0x15,0x11,0x14,0x06,0x27,0x32,0x35,0x11,0x34,0x23,0x22,0x15,0x11,0x14,0x66,0x46,0x38,0x46,
        0x62,0x4D,0x53,0x53,0x4D,0x4E,0x53,0x53,0x4E,0x53,0x53,0x52,0x02,0xFA,0x6C,0x6C,0x6C,0x6C,0xFC,0xFC,0x5A,0x53,0x01,0x77,0x53,0x59,0x59,0x53,0xFE,0x89,0x53,0x5A,
        0x47,0x61,0x01,0x81,0x60,0x60,0xFE,0x7F,0x61,0x00,0x00,0x00,0x00,0x01,0x00,0x2E,0x00,0x8F,0x01,0x64,0x01,0xCA,0x00,0x0B,0x00,0x00,0x37,0x27,0x37,0x27,0x37,0x17,
        0x37,0x17,0x07,0x17,0x07,0x27,0x57,0x29,0x72,0x71,0x29,0x71,0x72,0x29,0x72,0x72,0x29,0x72,0x8F,0x29,0x74,0x74,0x29,0x74,0x75,0x29,0x75,0x74,0x29,0x75,0x00,0x00,
        0x00,0x03,0x00,0x21,0xFF,0xE6,0x01,0x6F,0x02,0xD6,0x00,0x15,0x00,0x1B,0x00,0x21,0x00,0x00,0x01,0x07,0x16,0x15,0x11,0x14,0x06,0x23,0x22,0x27,0x07,0x27,0x37,0x26,
        0x35,0x11,0x34,0x36,0x33,0x32,0x17,0x37,0x07,0x11,0x13,0x26,0x23,0x22,0x13,0x11,0x03,0x16,0x33,0x32,0x01,0x6F,0x1B,0x15,0x53,0x4E,0x40,0x28,0x13,0x2C,0x1C,0x15,
        0x53,0x4D,0x3F,0x2A,0x12,0xCD,0x9B,0x13,0x36,0x52,0xA5,0x9B,0x13,0x35,0x53,0x02,0xC3,0x45,0x28,0x3C,0xFE,0x89,0x53,0x5A,0x20,0x30,0x13,0x47,0x27,0x3C,0x01,0x77,
        0x53,0x59,0x1F,0x2F,0xB7,0xFE,0xB1,0x01,0x87,0x28,0xFE,0x1F,0x01,0x51,0xFE,0x78,0x2A,0x00,0x00,0x00,0x00,0x02,0x00,0x2C,0xFF,0xF6,0x01,0x68,0x03,0x70,0x00,0x03,
        0x00,0x12,0x00,0x00,0x13,0x27,0x33,0x17,0x03,0x22,0x26,0x35,0x11,0x33,0x11,0x14,0x32,0x35,0x11,0x33,0x11,0x14,0x06,0xBE,0x60,0x57,0x46,0x31,0x4E,0x50,0x4E,0xA2,
        0x4C,0x51,0x02,0xF0,0x80,0x80,0xFD,0x06,0x59,0x54,0x02,0x19,0xFD,0xE1,0x60,0x60,0x02,0x1F,0xFD,0xE7,0x54,0x59,0x00,0x00,0x00,0x02,0x00,0x2C,0xFF,0xF6,0x01,0x68,
        0x03,0x70,0x00,0x03,0x00,0x12,0x00,0x00,0x13,0x37,0x33,0x07,0x03,0x22,0x26,0x35,0x11,0x33,0x11,0x14,0x32,0x35,0x11,0x33,0x11,0x14,0x06,0x99,0x47,0x57,0x60,0x0D,
        0x4E,0x50,0x4E,0xA2,0x4C,0x51,0x02,0xF0,0x80,0x80,0xFD,0x06,0x59,0x54,0x02,0x19,0xFD,0xE1,0x60,0x60,0x02,0x1F,0xFD,0xE7,0x54,0x59,0x00,0x00,0x00,0x02,0x00,0x2C,
        0xFF,0xF6,0x01,0x68,0x03,0x70,0x00,0x06,0x00,0x15,0x00,0x00,0x13,0x37,0x33,0x17,0x23,0x27,0x07,0x13,0x22,0x26,0x35,0x11,0x33,0x11,0x14,0x32,0x35,0x11,0x33,0x11,
        0x14,0x06,0x55,0x4E,0x4F,0x4D,0x3D,0x38,0x37,0x37,0x4E,0x50,0x4E,0xA2,0x4C,0x51,0x02,0xF0,0x80,0x80,0x54,0x54,0xFD,0x06,0x59,0x54,0x02,0x19,0xFD,0xE1,0x60,0x60,
        0x02,0x1F,0xFD,0xE7,0x54,0x59,0x00,0x00,0x00,0x03,0x00,0x2C,0xFF,0xF6,0x01,0x68,0x03,0x66,0x00,0x03,0x00,0x07,0x00,0x16,0x00,0x00,0x13,0x35,0x33,0x15,0x33,0x35,
        0x33,0x15,0x03,0x22,0x26,0x35,0x11,0x33,0x11,0x14,0x32,0x35,0x11,0x33,0x11,0x14,0x06,0x68,0x46,0x38,0x46,0x62,0x4E,0x50,0x4E,0xA2,0x4C,0x51,0x02,0xFA,0x6C,0x6C,
        0x6C,0x6C,0xFC,0xFC,0x59,0x54,0x02,0x19,0xFD,0xE1,0x60,0x60,0x02,0x1F,0xFD,0xE7,0x54,0x59,0x00,0x00,0x00,0x02,0x00,0x0F,0x00,0x00,0x01,0x77,0x03,0x70,0x00,0x03,
        0x00,0x0C,0x00,0x00,0x13,0x37,0x33,0x07,0x03,0x11,0x03,0x33,0x1B,0x01,0x33,0x03,0x11,0x92,0x47,0x57,0x60,0x34,0x8D,0x53,0x64,0x64,0x4D,0x8D,0x02,0xF0,0x80,0x80,
        0xFD,0x10,0x01,0x33,0x01,0x89,0xFE,0xDC,0x01,0x24,0xFE,0x77,0xFE,0xCD,0x00,0x00,0x00,0x02,0x00,0x30,0x00,0x00,0x01,0x67,0x02,0xBC,0x00,0x0B,0x00,0x15,0x00,0x00,
        0x33,0x11,0x33,0x15,0x33,0x32,0x1D,0x01,0x14,0x2B,0x01,0x15,0x11,0x33,0x32,0x36,0x3D,0x01,0x34,0x26,0x2B,0x01,0x30,0x4E,0x4B,0x9E,0x9E,0x4B,0x4B,0x2A,0x26,0x26,
        0x2A,0x4B,0x02,0xBC,0x69,0xAA,0x3C,0xAA,0xC3,0x01,0x0A,0x2B,0x33,0x45,0x33,0x2B,0x00,0x01,0x00,0x30,0xFF,0xF6,0x01,0x75,0x02,0xC6,0x00,0x2C,0x00,0x00,0x17,0x22,
        0x27,0x35,0x16,0x33,0x32,0x35,0x34,0x26,0x27,0x2E,0x02,0x35,0x34,0x37,0x36,0x35,0x34,0x23,0x22,0x15,0x11,0x23,0x11,0x34,0x33,0x32,0x16,0x15,0x14,0x07,0x06,0x15,
        0x14,0x1E,0x01,0x17,0x1E,0x02,0x15,0x14,0x06,0xEE,0x22,0x18,0x12,0x1B,0x49,0x18,0x18,0x15,0x18,0x17,0x22,0x24,0x3F,0x42,0x4B,0x8F,0x3D,0x4C,0x27,0x1F,0x10,0x12,
        0x12,0x14,0x17,0x14,0x49,0x0A,0x0A,0x42,0x09,0x4F,0x1B,0x22,0x14,0x12,0x1A,0x39,0x25,0x32,0x31,0x38,0x39,0x4D,0x53,0xFD,0xCF,0x02,0x2C,0x9A,0x48,0x48,0x41,0x3C,
        0x2E,0x29,0x16,0x24,0x14,0x0F,0x10,0x1A,0x33,0x20,0x43,0x4F,0x00,0x03,0x00,0x1A,0xFF,0xF6,0x01,0x4C,0x02,0xB5,0x00,0x03,0x00,0x22,0x00,0x2C,0x00,0x00,0x13,0x23,
        0x27,0x33,0x13,0x23,0x26,0x27,0x06,0x23,0x22,0x26,0x35,0x34,0x36,0x37,0x3E,0x01,0x3D,0x01,0x34,0x23,0x22,0x06,0x1D,0x01,0x23,0x35,0x34,0x36,0x33,0x32,0x1D,0x01,
        0x14,0x27,0x32,0x36,0x3D,0x01,0x06,0x07,0x06,0x15,0x14,0xE4,0x3D,0x60,0x57,0xAE,0x45,0x05,0x03,0x1F,0x56,0x34,0x3C,0x39,0x44,0x3F,0x20,0x41,0x21,0x25,0x47,0x4A,
        0x44,0x8B,0x9D,0x26,0x2C,0x0C,0x3D,0x47,0x02,0x35,0x80,0xFD,0x4B,0x10,0x34,0x4E,0x43,0x39,0x3A,0x4B,0x20,0x1C,0x1C,0x1A,0x0C,0x4B,0x28,0x25,0x0F,0x0B,0x46,0x4C,
        0x98,0xE0,0x5B,0x0A,0x3C,0x36,0x65,0x10,0x1F,0x24,0x3F,0x45,0x00,0x03,0x00,0x1A,0xFF,0xF6,0x01,0x4C,0x02,0xB5,0x00,0x03,0x00,0x22,0x00,0x2C,0x00,0x00,0x01,0x07,
        0x23,0x37,0x13,0x23,0x26,0x27,0x06,0x23,0x22,0x26,0x35,0x34,0x36,0x37,0x3E,0x01,0x3D,0x01,0x34,0x23,0x22,0x06,0x1D,0x01,0x23,0x35,0x34,0x36,0x33,0x32,0x1D,0x01,
        0x14,0x27,0x32,0x36,0x3D,0x01,0x06,0x07,0x06,0x15,0x14,0x01,0x20,0x60,0x3E,0x47,0x83,0x45,0x05,0x03,0x1F,0x56,0x34,0x3C,0x39,0x44,0x3F,0x20,0x41,0x21,0x25,0x47,
        0x4A,0x44,0x8B,0x9D,0x26,0x2C,0x0C,0x3D,0x47,0x02,0xB5,0x80,0x80,0xFD,0x4B,0x10,0x34,0x4E,0x43,0x39,0x3A,0x4B,0x20,0x1C,0x1C,0x1A,0x0C,0x4B,0x28,0x25,0x0F,0x0B,
        0x46,0x4C,0x98,0xE0,0x5B,0x0A,0x3C,0x36,0x65,0x10,0x1F,0x24,0x3F,0x45,0x00,0x00,0x00,0x03,0x00,0x1A,0xFF,0xF6,0x01,0x4C,0x02,0xB5,0x00,0x06,0x00,0x25,0x00,0x2F,
        0x00,0x00,0x13,0x07,0x23,0x37,0x33,0x17,0x23,0x13,0x23,0x26,0x27,0x06,0x23,0x22,0x26,0x35,0x34,0x36,0x37,0x3E,0x01,0x3D,0x01,0x34,0x23,0x22,0x06,0x1D,0x01,0x23,
        0x35,0x34,0x36,0x33,0x32,0x1D,0x01,0x14,0x27,0x32,0x36,0x3D,0x01,0x06,0x07,0x06,0x15,0x14,0xB3,0x37,0x3E,0x4E,0x4F,0x4D,0x3D,0x61,0x45,0x05,0x03,0x1F,0x56,0x34,
        0x3C,0x39,0x44,0x3F,0x20,0x41,0x21,0x25,0x47,0x4A,0x44,0x8B,0x9D,0x26,0x2C,0x0C,0x3D,0x47,0x02,0x89,0x54,0x80,0x80,0xFD,0xCB,0x10,0x34,0x4E,0x43,0x39,0x3A,0x4B,
        0x20,0x1C,0x1C,0x1A,0x0C,0x4B,0x28,0x25,0x0F,0x0B,0x46,0x4C,0x98,0xE0,0x5B,0x0A,0x3C,0x36,0x65,0x10,0x1F,0x24,0x3F,0x45,0x00,0x03,0x00,0x1A,0xFF,0xF6,0x01,0x4C,
        0x02,0xA8,0x00,0x11,0x00,0x30,0x00,0x3A,0x00,0x00,0x13,0x22,0x07,0x27,0x36,0x33,0x32,0x17,0x16,0x33,0x32,0x37,0x17,0x06,0x23,0x22,0x27,0x26,0x13,0x23,0x26,0x27,
        0x06,0x23,0x22,0x26,0x35,0x34,0x36,0x37,0x3E,0x01,0x3D,0x01,0x34,0x23,0x22,0x06,0x1D,0x01,0x23,0x35,0x34,0x36,0x33,0x32,0x1D,0x01,0x14,0x27,0x32,0x36,0x3D,0x01,
        0x06,0x07,0x06,0x15,0x14,0x8A,0x17,0x10,0x29,0x20,0x30,0x18,0x1D,0x15,0x0B,0x16,0x11,0x29,0x20,0x30,0x1A,0x1B,0x15,0xB7,0x45,0x05,0x03,0x1F,0x56,0x34,0x3C,0x39,
        0x44,0x3F,0x20,0x41,0x21,0x25,0x47,0x4A,0x44,0x8B,0x9D,0x26,0x2C,0x0C,0x3D,0x47,0x02,0x6B,0x28,0x17,0x4A,0x15,0x0F,0x28,0x17,0x4A,0x15,0x0F,0xFD,0x95,0x10,0x34,
        0x4E,0x43,0x39,0x3A,0x4B,0x20,0x1C,0x1C,0x1A,0x0C,0x4B,0x28,0x25,0x0F,0x0B,0x46,0x4C,0x98,0xE0,0x5B,0x0A,0x3C,0x36,0x65,0x10,0x1F,0x24,0x3F,0x45,0x00,0x00,0x00,
        0x00,0x04,0x00,0x1A,0xFF,0xF6,0x01,0x4C,0x02,0xAB,0x00,0x03,0x00,0x07,0x00,0x26,0x00,0x30,0x00,0x00,0x13,0x15,0x23,0x35,0x33,0x15,0x23,0x35,0x13,0x23,0x26,0x27,
        0x06,0x23,0x22,0x26,0x35,0x34,0x36,0x37,0x3E,0x01,0x3D,0x01,0x34,0x23,0x22,0x06,0x1D,0x01,0x23,0x35,0x34,0x36,0x33,0x32,0x1D,0x01,0x14,0x27,0x32,0x36,0x3D,0x01,
        0x06,0x07,0x06,0x15,0x14,0x97,0x46,0xC4,0x46,0x7D,0x45,0x05,0x03,0x1F,0x56,0x34,0x3C,0x39,0x44,0x3F,0x20,0x41,0x21,0x25,0x47,0x4A,0x44,0x8B,0x9D,0x26,0x2C,0x0C,
        0x3D,0x47,0x02,0xAB,0x6C,0x6C,0x6C,0x6C,0xFD,0x55,0x10,0x34,0x4E,0x43,0x39,0x3A,0x4B,0x20,0x1C,0x1C,0x1A,0x0C,0x4B,0x28,0x25,0x0F,0x0B,0x46,0x4C,0x98,0xE0,0x5B,
        0x0A,0x3C,0x36,0x65,0x10,0x1F,0x24,0x3F,0x45,0x00,0x00,0x00,0x00,0x04,0x00,0x1A,0xFF,0xF6,0x01,0x4C,0x02,0xD3,0x00,0x07,0x00,0x0F,0x00,0x2E,0x00,0x38,0x00,0x00,
        0x12,0x22,0x26,0x34,0x36,0x32,0x16,0x14,0x26,0x22,0x06,0x14,0x16,0x32,0x36,0x34,0x13,0x23,0x26,0x27,0x06,0x23,0x22,0x26,0x35,0x34,0x36,0x37,0x3E,0x01,0x3D,0x01,
        0x34,0x23,0x22,0x06,0x1D,0x01,0x23,0x35,0x34,0x36,0x33,0x32,0x1D,0x01,0x14,0x27,0x32,0x36,0x3D,0x01,0x06,0x07,0x06,0x15,0x14,0xD5,0x44,0x2E,0x2E,0x44,0x2E,0x41,
        0x1E,0x14,0x14,0x1E,0x15,0x75,0x45,0x05,0x03,0x1F,0x56,0x34,0x3C,0x39,0x44,0x3F,0x20,0x41,0x21,0x25,0x47,0x4A,0x44,0x8B,0x9D,0x26,0x2C,0x0C,0x3D,0x47,0x02,0x35,
        0x2E,0x42,0x2E,0x2E,0x42,0x47,0x16,0x20,0x15,0x15,0x20,0xFD,0x6C,0x10,0x34,0x4E,0x43,0x39,0x3A,0x4B,0x20,0x1C,0x1C,0x1A,0x0C,0x4B,0x28,0x25,0x0F,0x0B,0x46,0x4C,
        0x98,0xE0,0x5B,0x0A,0x3C,0x36,0x65,0x10,0x1F,0x24,0x3F,0x45,0x00,0x03,0x00,0x1A,0xFF,0xF6,0x02,0x20,0x02,0x01,0x00,0x2B,0x00,0x32,0x00,0x3C,0x00,0x00,0x25,0x23,
        0x15,0x14,0x33,0x32,0x3D,0x01,0x33,0x15,0x14,0x06,0x23,0x22,0x27,0x06,0x23,0x22,0x26,0x34,0x36,0x37,0x3E,0x01,0x3D,0x01,0x34,0x23,0x22,0x06,0x1D,0x01,0x23,0x35,
        0x34,0x36,0x33,0x32,0x17,0x36,0x33,0x32,0x16,0x15,0x27,0x22,0x1D,0x01,0x33,0x35,0x34,0x01,0x32,0x36,0x3D,0x01,0x06,0x07,0x06,0x15,0x14,0x02,0x20,0xDE,0x4A,0x4B,
        0x49,0x4D,0x48,0x5B,0x25,0x23,0x55,0x38,0x41,0x39,0x44,0x3F,0x20,0x40,0x21,0x26,0x47,0x49,0x3F,0x54,0x1B,0x1F,0x53,0x44,0x4B,0x95,0x49,0x94,0xFE,0xCE,0x27,0x2B,
        0x0C,0x3D,0x47,0xF0,0x5E,0x59,0x59,0x0F,0x08,0x4E,0x55,0x42,0x42,0x42,0x74,0x4B,0x20,0x1D,0x1C,0x19,0x0C,0x4B,0x28,0x25,0x0F,0x0B,0x46,0x4C,0x3D,0x3D,0x54,0x4E,
        0x5F,0x58,0x38,0x38,0x58,0xFE,0x7A,0x3B,0x36,0x66,0x10,0x1F,0x24,0x3F,0x45,0x00,0x00,0x01,0x00,0x26,0xFF,0x65,0x01,0x49,0x02,0x01,0x00,0x2B,0x00,0x00,0x01,0x23,
        0x35,0x34,0x22,0x1D,0x01,0x14,0x32,0x3D,0x01,0x33,0x15,0x14,0x06,0x07,0x15,0x32,0x15,0x14,0x06,0x23,0x22,0x3D,0x01,0x33,0x15,0x14,0x33,0x32,0x34,0x2B,0x01,0x35,
        0x2E,0x01,0x3D,0x01,0x34,0x36,0x33,0x32,0x16,0x15,0x01,0x49,0x49,0x8E,0x8E,0x49,0x3F,0x3D,0x43,0x2E,0x2E,0x59,0x38,0x20,0x24,0x27,0x0A,0x3F,0x41,0x4B,0x48,0x47,
        0x49,0x01,0x4B,0x1D,0x56,0x56,0xD8,0x57,0x57,0x27,0x20,0x47,0x53,0x06,0x23,0x32,0x24,0x19,0x3B,0x08,0x08,0x18,0x36,0x39,0x05,0x53,0x48,0xCA,0x4E,0x52,0x54,0x4C,
        0x00,0x03,0x00,0x26,0xFF,0xF6,0x01,0x50,0x02,0xB5,0x00,0x03,0x00,0x19,0x00,0x20,0x00,0x00,0x13,0x23,0x27,0x33,0x17,0x32,0x16,0x1D,0x01,0x23,0x15,0x14,0x33,0x32,
        0x3D,0x01,0x33,0x15,0x14,0x06,0x22,0x26,0x3D,0x01,0x34,0x36,0x15,0x33,0x35,0x34,0x23,0x22,0x15,0xEB,0x3D,0x60,0x57,0x16,0x48,0x4D,0xDE,0x4A,0x4B,0x49,0x4D,0x90,
        0x4D,0x4C,0x94,0x4B,0x49,0x02,0x35,0x80,0xB4,0x54,0x4E,0x6F,0x5E,0x59,0x59,0x0F,0x08,0x4E,0x55,0x55,0x4E,0xC6,0x4E,0x54,0xD3,0x38,0x58,0x58,0x00,0x03,0x00,0x26,
        0xFF,0xF6,0x01,0x50,0x02,0xB5,0x00,0x03,0x00,0x19,0x00,0x20,0x00,0x00,0x01,0x07,0x23,0x37,0x07,0x32,0x16,0x1D,0x01,0x23,0x15,0x14,0x33,0x32,0x3D,0x01,0x33,0x15,
        0x14,0x06,0x22,0x26,0x3D,0x01,0x34,0x36,0x15,0x33,0x35,0x34,0x23,0x22,0x15,0x01,0x27,0x60,0x3E,0x47,0x15,0x48,0x4D,0xDE,0x4A,0x4B,0x49,0x4D,0x90,0x4D,0x4C,0x94,
        0x4B,0x49,0x02,0xB5,0x80,0x80,0xB4,0x54,0x4E,0x6F,0x5E,0x59,0x59,0x0F,0x08,0x4E,0x55,0x55,0x4E,0xC6,0x4E,0x54,0xD3,0x38,0x58,0x58,0x00,0x00,0x00,0x03,0x00,0x26,
        0xFF,0xF6,0x01,0x50,0x02,0xB5,0x00,0x06,0x00,0x1C,0x00,0x23,0x00,0x00,0x13,0x07,0x23,0x37,0x33,0x17,0x23,0x07,0x32,0x16,0x1D,0x01,0x23,0x15,0x14,0x33,0x32,0x3D,
        0x01,0x33,0x15,0x14,0x06,0x22,0x26,0x3D,0x01,0x34,0x36,0x15,0x33,0x35,0x34,0x23,0x22,0x15,0xBA,0x37,0x3E,0x4E,0x4F,0x4D,0x3D,0x37,0x48,0x4D,0xDE,0x4A,0x4B,0x49,
        0x4D,0x90,0x4D,0x4C,0x94,0x4B,0x49,0x02,0x89,0x54,0x80,0x80,0x34,0x54,0x4E,0x6F,0x5E,0x59,0x59,0x0F,0x08,0x4E,0x55,0x55,0x4E,0xC6,0x4E,0x54,0xD3,0x38,0x58,0x58,
        0x00,0x04,0x00,0x26,0xFF,0xF6,0x01,0x50,0x02,0xAB,0x00,0x03,0x00,0x07,0x00,0x1D,0x00,0x24,0x00,0x00,0x13,0x15,0x23,0x35,0x33,0x15,0x23,0x35,0x07,0x32,0x16,0x1D,
        0x01,0x23,0x15,0x14,0x33,0x32,0x3D,0x01,0x33,0x15,0x14,0x06,0x22,0x26,0x3D,0x01,0x34,0x36,0x15,0x33,0x35,0x34,0x23,0x22,0x15,0x9E,0x46,0xC4,0x46,0x1B,0x48,0x4D,
        0xDE,0x4A,0x4B,0x49,0x4D,0x90,0x4D,0x4C,0x94,0x4B,0x49,0x02,0xAB,0x6C,0x6C,0x6C,0x6C,0xAA,0x54,0x4E,0x6F,0x5E,0x59,0x59,0x0F,0x08,0x4E,0x55,0x55,0x4E,0xC6,0x4E,
        0x54,0xD3,0x38,0x58,0x58,0x00,0x00,0x00,0x00,0x02,0xFF,0xE8,0x00,0x00,0x00,0x86,0x02,0xB5,0x00,0x03,0x00,0x07,0x00,0x00,0x13,0x27,0x33,0x17,0x03,0x11,0x33,0x11,
        0x49,0x61,0x58,0x46,0x56,0x4B,0x02,0x35,0x80,0x80,0xFD,0xCB,0x01,0xF7,0xFE,0x09,0x00,0x02,0x00,0x24,0x00,0x00,0x00,0xC2,0x02,0xB5,0x00,0x03,0x00,0x07,0x00,0x00,
        0x13,0x37,0x33,0x07,0x03,0x11,0x33,0x11,0x24,0x47,0x57,0x60,0x32,0x4B,0x02,0x35,0x80,0x80,0xFD,0xCB,0x01,0xF7,0xFE,0x09,0x00,0x02,0xFF,0xE0,0x00,0x00,0x00,0xCA,
        0x02,0xB5,0x00,0x06,0x00,0x0A,0x00,0x00,0x03,0x37,0x33,0x17,0x23,0x27,0x07,0x13,0x11,0x33,0x11,0x20,0x4E,0x4F,0x4D,0x3D,0x38,0x37,0x12,0x4B,0x02,0x35,0x80,0x80,
        0x54,0x54,0xFD,0xCB,0x01,0xF7,0xFE,0x09,0x00,0x03,0xFF,0xF3,0x00,0x00,0x00,0xB7,0x02,0xAB,0x00,0x03,0x00,0x07,0x00,0x0B,0x00,0x00,0x03,0x35,0x33,0x15,0x33,0x35,
        0x33,0x15,0x03,0x11,0x33,0x11,0x0D,0x46,0x38,0x46,0x87,0x4B,0x02,0x3F,0x6C,0x6C,0x6C,0x6C,0xFD,0xC1,0x01,0xF7,0xFE,0x09,0x00,0x02,0x00,0x25,0xFF,0xF6,0x01,0x52,
        0x02,0xBC,0x00,0x19,0x00,0x24,0x00,0x00,0x01,0x07,0x16,0x1D,0x01,0x14,0x06,0x22,0x26,0x3D,0x01,0x34,0x33,0x32,0x17,0x26,0x27,0x07,0x23,0x37,0x26,0x27,0x33,0x16,
        0x17,0x37,0x03,0x35,0x34,0x26,0x23,0x22,0x1D,0x01,0x14,0x33,0x32,0x01,0x52,0x51,0x4C,0x4C,0x90,0x4C,0x76,0x42,0x24,0x08,0x2A,0x3C,0x46,0x65,0x31,0x45,0x68,0x23,
        0x1A,0x2C,0x0B,0x2D,0x24,0x40,0x48,0x49,0x02,0xBC,0x4E,0x65,0xB7,0xB9,0x4E,0x55,0x55,0x4E,0xB6,0x91,0x39,0x57,0x40,0x3A,0x61,0x35,0x22,0x12,0x19,0x2B,0xFD,0xD6,
        0x9B,0x36,0x3A,0x54,0xB7,0x59,0x00,0x00,0x00,0x02,0x00,0x30,0x00,0x00,0x01,0x55,0x02,0xA8,0x00,0x11,0x00,0x22,0x00,0x00,0x13,0x22,0x07,0x27,0x36,0x33,0x32,0x17,
        0x16,0x33,0x32,0x37,0x17,0x06,0x23,0x22,0x27,0x26,0x17,0x32,0x15,0x11,0x23,0x11,0x34,0x23,0x22,0x06,0x15,0x11,0x23,0x11,0x33,0x17,0x36,0x98,0x17,0x10,0x29,0x20,
        0x30,0x18,0x1D,0x15,0x0B,0x16,0x11,0x29,0x20,0x30,0x1A,0x1B,0x15,0x3E,0x74,0x4C,0x3F,0x23,0x2C,0x4B,0x41,0x01,0x20,0x02,0x6B,0x28,0x17,0x4A,0x15,0x0F,0x28,0x17,
        0x4A,0x15,0x0F,0x6A,0x91,0xFE,0x90,0x01,0x66,0x58,0x3A,0x36,0xFE,0xB2,0x01,0xF7,0x42,0x4C,0x00,0x00,0x00,0x03,0x00,0x26,0xFF,0xF6,0x01,0x4E,0x02,0xB5,0x00,0x03,
        0x00,0x11,0x00,0x1B,0x00,0x00,0x13,0x27,0x33,0x17,0x03,0x22,0x26,0x3D,0x01,0x34,0x36,0x33,0x32,0x16,0x1D,0x01,0x14,0x06,0x27,0x32,0x3D,0x01,0x34,0x23,0x22,0x1D,
        0x01,0x14,0xAE,0x60,0x57,0x46,0x31,0x48,0x4C,0x4C,0x48,0x47,0x4D,0x4D,0x47,0x48,0x48,0x49,0x02,0x35,0x80,0x80,0xFD,0xC1,0x55,0x4E,0xC6,0x4E,0x54,0x54,0x4E,0xC6,
        0x4E,0x55,0x43,0x59,0xD4,0x58,0x58,0xD4,0x59,0x00,0x00,0x00,0x00,0x03,0x00,0x26,0xFF,0xF6,0x01,0x4E,0x02,0xB5,0x00,0x03,0x00,0x11,0x00,0x1B,0x00,0x00,0x13,0x37,
        0x33,0x07,0x03,0x22,0x26,0x3D,0x01,0x34,0x36,0x33,0x32,0x16,0x1D,0x01,0x14,0x06,0x27,0x32,0x3D,0x01,0x34,0x23,0x22,0x1D,0x01,0x14,0x89,0x47,0x57,0x60,0x0D,0x48,
        0x4C,0x4C,0x48,0x47,0x4D,0x4D,0x47,0x48,0x48,0x49,0x02,0x35,0x80,0x80,0xFD,0xC1,0x55,0x4E,0xC6,0x4E,0x54,0x54,0x4E,0xC6,0x4E,0x55,0x43,0x59,0xD4,0x58,0x58,0xD4,
        0x59,0x00,0x00,0x00,0x00,0x03,0x00,0x26,0xFF,0xF6,0x01,0x4E,0x02,0xB5,0x00,0x06,0x00,0x14,0x00,0x1E,0x00,0x00,0x13,0x37,0x33,0x17,0x23,0x27,0x07,0x13,0x22,0x26,
        0x3D,0x01,0x34,0x36,0x33,0x32,0x16,0x1D,0x01,0x14,0x06,0x27,0x32,0x3D,0x01,0x34,0x23,0x22,0x1D,0x01,0x14,0x45,0x4E,0x4F,0x4D,0x3D,0x38,0x37,0x37,0x48,0x4C,0x4C,
        0x48,0x47,0x4D,0x4D,0x47,0x48,0x48,0x49,0x02,0x35,0x80,0x80,0x54,0x54,0xFD,0xC1,0x55,0x4E,0xC6,0x4E,0x54,0x54,0x4E,0xC6,0x4E,0x55,0x43,0x59,0xD4,0x58,0x58,0xD4,
        0x59,0x00,0x00,0x00,0x00,0x03,0x00,0x26,0xFF,0xF6,0x01,0x4E,0x02,0xA8,0x00,0x11,0x00,0x1F,0x00,0x29,0x00,0x00,0x13,0x27,0x36,0x33,0x32,0x17,0x16,0x33,0x32,0x37,
        0x17,0x06,0x23,0x22,0x27,0x26,0x23,0x22,0x13,0x22,0x26,0x3D,0x01,0x34,0x36,0x33,0x32,0x16,0x1D,0x01,0x14,0x06,0x27,0x32,0x3D,0x01,0x34,0x23,0x22,0x1D,0x01,0x14,
        0x6A,0x29,0x20,0x30,0x18,0x1D,0x15,0x0B,0x16,0x11,0x29,0x20,0x30,0x1A,0x1B,0x15,0x0B,0x17,0x40,0x48,0x4C,0x4C,0x48,0x47,0x4D,0x4D,0x47,0x48,0x48,0x49,0x02,0x43,
        0x17,0x4A,0x15,0x0F,0x28,0x17,0x4A,0x15,0x0F,0xFD,0x8B,0x55,0x4E,0xC6,0x4E,0x54,0x54,0x4E,0xC6,0x4E,0x55,0x43,0x59,0xD4,0x58,0x58,0xD4,0x59,0x00,0x04,0x00,0x26,
        0xFF,0xF6,0x01,0x4E,0x02,0xAB,0x00,0x03,0x00,0x07,0x00,0x15,0x00,0x1F,0x00,0x00,0x13,0x35,0x33,0x15,0x33,0x35,0x33,0x15,0x03,0x22,0x26,0x3D,0x01,0x34,0x36,0x33,
        0x32,0x16,0x1D,0x01,0x14,0x06,0x27,0x32,0x3D,0x01,0x34,0x23,0x22,0x1D,0x01,0x14,0x58,0x46,0x38,0x46,0x62,0x48,0x4C,0x4C,0x48,0x47,0x4D,0x4D,0x47,0x48,0x48,0x49,
        0x02,0x3F,0x6C,0x6C,0x6C,0x6C,0xFD,0xB7,0x55,0x4E,0xC6,0x4E,0x54,0x54,0x4E,0xC6,0x4E,0x55,0x43,0x59,0xD4,0x58,0x58,0xD4,0x59,0x00,0x00,0x00,0x00,0x03,0x00,0x1D,
        0x00,0x6A,0x01,0x71,0x01,0xEE,0x00,0x03,0x00,0x07,0x00,0x0B,0x00,0x00,0x13,0x35,0x33,0x15,0x07,0x35,0x21,0x15,0x07,0x35,0x33,0x15,0x9F,0x50,0xD2,0x01,0x54,0xD2,
        0x50,0x01,0x8C,0x62,0x62,0x7E,0x3C,0x3C,0xA4,0x63,0x63,0x00,0x00,0x03,0x00,0x26,0xFF,0xE4,0x01,0x4E,0x02,0x14,0x00,0x15,0x00,0x1B,0x00,0x21,0x00,0x00,0x01,0x16,
        0x1D,0x01,0x14,0x06,0x23,0x22,0x27,0x07,0x27,0x37,0x26,0x3D,0x01,0x34,0x36,0x33,0x32,0x17,0x37,0x17,0x07,0x15,0x13,0x26,0x23,0x22,0x13,0x32,0x3D,0x01,0x03,0x16,
        0x01,0x32,0x1C,0x4D,0x47,0x36,0x22,0x14,0x26,0x1A,0x1C,0x4C,0x48,0x35,0x23,0x14,0x26,0xDB,0x81,0x11,0x27,0x49,0x49,0x48,0x81,0x13,0x01,0xCA,0x2A,0x41,0xC6,0x4E,
        0x55,0x18,0x2A,0x13,0x37,0x28,0x43,0xC6,0x4E,0x54,0x17,0x2A,0x13,0x9B,0xD4,0x01,0x13,0x19,0xFE,0x7B,0x59,0xD1,0xFE,0xEF,0x19,0x00,0x00,0x00,0x00,0x02,0x00,0x2C,
        0xFF,0xF6,0x01,0x51,0x02,0xB5,0x00,0x03,0x00,0x14,0x00,0x00,0x13,0x23,0x27,0x33,0x17,0x33,0x11,0x23,0x27,0x06,0x23,0x22,0x35,0x11,0x33,0x11,0x14,0x33,0x32,0x36,
        0x35,0xF0,0x3D,0x60,0x57,0x5C,0x4B,0x41,0x01,0x1F,0x50,0x74,0x4C,0x3F,0x23,0x2C,0x02,0x35,0x80,0xBE,0xFE,0x09,0x43,0x4D,0x92,0x01,0x6F,0xFE,0x9A,0x58,0x3A,0x36,
        0x00,0x02,0x00,0x2C,0xFF,0xF6,0x01,0x51,0x02,0xB5,0x00,0x03,0x00,0x14,0x00,0x00,0x01,0x07,0x23,0x37,0x17,0x33,0x11,0x23,0x27,0x06,0x23,0x22,0x35,0x11,0x33,0x11,
        0x14,0x33,0x32,0x36,0x35,0x01,0x2C,0x60,0x3E,0x47,0x31,0x4B,0x41,0x01,0x1F,0x50,0x74,0x4C,0x3F,0x23,0x2C,0x02,0xB5,0x80,0x80,0xBE,0xFE,0x09,0x43,0x4D,0x92,0x01,
        0x6F,0xFE,0x9A,0x58,0x3A,0x36,0x00,0x00,0x00,0x02,0x00,0x2C,0xFF,0xF6,0x01,0x51,0x02,0xB5,0x00,0x06,0x00,0x17,0x00,0x00,0x13,0x07,0x23,0x37,0x33,0x17,0x23,0x17,
        0x33,0x11,0x23,0x27,0x06,0x23,0x22,0x35,0x11,0x33,0x11,0x14,0x33,0x32,0x36,0x35,0xBF,0x37,0x3E,0x4E,0x4F,0x4D,0x3D,0x0F,0x4B,0x41,0x01,0x1F,0x50,0x74,0x4C,0x3F,
        0x23,0x2C,0x02,0x89,0x54,0x80,0x80,0x3E,0xFE,0x09,0x43,0x4D,0x92,0x01,0x6F,0xFE,0x9A,0x58,0x3A,0x36,0x00,0x03,0x00,0x2C,0xFF,0xF6,0x01,0x51,0x02,0xAB,0x00,0x03,
        0x00,0x07,0x00,0x18,0x00,0x00,0x13,0x15,0x23,0x35,0x33,0x15,0x23,0x35,0x17,0x33,0x11,0x23,0x27,0x06,0x23,0x22,0x35,0x11,0x33,0x11,0x14,0x33,0x32,0x36,0x35,0xA3,
        0x46,0xC4,0x46,0x2B,0x4B,0x41,0x01,0x1F,0x50,0x74,0x4C,0x3F,0x23,0x2C,0x02,0xAB,0x6C,0x6C,0x6C,0x6C,0xB4,0xFE,0x09,0x43,0x4D,0x92,0x01,0x6F,0xFE,0x9A,0x58,0x3A,
        0x36,0x00,0x00,0x00,0x00,0x02,0x00,0x11,0xFF,0x5B,0x01,0x51,0x02,0xB5,0x00,0x03,0x00,0x15,0x00,0x00,0x13,0x37,0x33,0x07,0x03,0x22,0x27,0x35,0x16,0x33,0x32,0x36,
        0x3F,0x01,0x03,0x33,0x1B,0x01,0x33,0x03,0x0E,0x01,0x81,0x47,0x57,0x60,0x66,0x21,0x12,0x10,0x18,0x1B,0x19,0x07,0x0A,0x82,0x4D,0x5A,0x52,0x47,0x7F,0x0D,0x38,0x02,
        0x35,0x80,0x80,0xFD,0x26,0x0A,0x41,0x08,0x16,0x1E,0x24,0x02,0x01,0xFE,0x81,0x01,0x7F,0xFD,0xD0,0x3A,0x32,0x00,0x00,0x00,0x00,0x02,0x00,0x30,0xFF,0x65,0x01,0x58,
        0x02,0xBC,0x00,0x0D,0x00,0x19,0x00,0x00,0x13,0x32,0x1D,0x01,0x14,0x23,0x22,0x27,0x15,0x23,0x11,0x33,0x15,0x36,0x13,0x35,0x34,0x23,0x22,0x06,0x1D,0x01,0x14,0x16,
        0x33,0x32,0xE2,0x76,0x76,0x44,0x23,0x4B,0x4B,0x23,0x6E,0x40,0x24,0x2D,0x2D,0x24,0x40,0x02,0x01,0x91,0xE8,0x92,0x3C,0xCD,0x03,0x57,0xF7,0x3C,0xFE,0x8D,0xDC,0x54,
        0x3A,0x36,0xA5,0x36,0x3A,0x00,0x00,0x00,0x00,0x03,0x00,0x11,0xFF,0x5B,0x01,0x51,0x02,0xAB,0x00,0x03,0x00,0x07,0x00,0x19,0x00,0x00,0x13,0x35,0x33,0x15,0x33,0x35,
        0x33,0x15,0x03,0x22,0x27,0x35,0x16,0x33,0x32,0x36,0x3F,0x01,0x03,0x33,0x1B,0x01,0x33,0x03,0x0E,0x01,0x50,0x46,0x38,0x46,0xBB,0x21,0x12,0x10,0x18,0x1B,0x19,0x07,
        0x0A,0x82,0x4D,0x5A,0x52,0x47,0x7F,0x0D,0x38,0x02,0x3F,0x6C,0x6C,0x6C,0x6C,0xFD,0x1C,0x0A,0x41,0x08,0x16,0x1E,0x24,0x02,0x01,0xFE,0x81,0x01,0x7F,0xFD,0xD0,0x3A,
        0x32,0x00,0x00,0x00,0x00,0x03,0x00,0x11,0x00,0x00,0x01,0x7F,0x03,0x4E,0x00,0x03,0x00,0x0B,0x00,0x0E,0x00,0x00,0x01,0x15,0x23,0x35,0x13,0x27,0x23,0x07,0x23,0x13,
        0x33,0x13,0x27,0x33,0x03,0x01,0x32,0xD4,0xD2,0x1A,0xA2,0x1A,0x49,0x82,0x69,0x83,0xFF,0x8A,0x46,0x03,0x4E,0x3B,0x3B,0xFC,0xB2,0x95,0x95,0x02,0xBC,0xFD,0x44,0xD9,
        0x01,0x8A,0x00,0x00,0x00,0x03,0x00,0x1A,0xFF,0xF6,0x01,0x4C,0x02,0x93,0x00,0x03,0x00,0x22,0x00,0x2C,0x00,0x00,0x01,0x15,0x23,0x35,0x01,0x23,0x26,0x27,0x06,0x23,
        0x22,0x26,0x35,0x34,0x36,0x37,0x3E,0x01,0x3D,0x01,0x34,0x23,0x22,0x06,0x1D,0x01,0x23,0x35,0x34,0x36,0x33,0x32,0x1D,0x01,0x14,0x27,0x32,0x36,0x3D,0x01,0x06,0x07,
        0x06,0x15,0x14,0x01,0x1D,0xD4,0x01,0x03,0x45,0x05,0x03,0x1F,0x56,0x34,0x3C,0x39,0x44,0x3F,0x20,0x41,0x21,0x25,0x47,0x4A,0x44,0x8B,0x9D,0x26,0x2C,0x0C,0x3D,0x47,
        0x02,0x93,0x3B,0x3B,0xFD,0x6D,0x10,0x34,0x4E,0x43,0x39,0x3A,0x4B,0x20,0x1C,0x1C,0x1A,0x0C,0x4B,0x28,0x25,0x0F,0x0B,0x46,0x4C,0x98,0xE0,0x5B,0x0A,0x3C,0x36,0x65,
        0x10,0x1F,0x24,0x3F,0x45,0x00,0x00,0x00,0x00,0x03,0x00,0x11,0x00,0x00,0x01,0x7F,0x03,0x65,0x00,0x0A,0x00,0x12,0x00,0x15,0x00,0x00,0x12,0x22,0x26,0x27,0x33,0x16,
        0x33,0x32,0x37,0x33,0x06,0x11,0x27,0x23,0x07,0x23,0x13,0x33,0x13,0x27,0x33,0x03,0xF9,0x62,0x36,0x02,0x31,0x06,0x32,0x34,0x06,0x30,0x02,0x1A,0xA2,0x1A,0x49,0x82,
        0x69,0x83,0xFF,0x8A,0x46,0x02,0xFB,0x37,0x33,0x35,0x35,0x32,0xFC,0xCD,0x95,0x95,0x02,0xBC,0xFD,0x44,0xD9,0x01,0x8A,0x00,0x00,0x03,0x00,0x1A,0xFF,0xF6,0x01,0x4C,
        0x02,0xAA,0x00,0x0A,0x00,0x29,0x00,0x33,0x00,0x00,0x12,0x22,0x26,0x27,0x33,0x16,0x33,0x32,0x37,0x33,0x06,0x13,0x23,0x26,0x27,0x06,0x23,0x22,0x26,0x35,0x34,0x36,
        0x37,0x3E,0x01,0x3D,0x01,0x34,0x23,0x22,0x06,0x1D,0x01,0x23,0x35,0x34,0x36,0x33,0x32,0x1D,0x01,0x14,0x27,0x32,0x36,0x3D,0x01,0x06,0x07,0x06,0x15,0x14,0xE4,0x62,
        0x36,0x02,0x31,0x06,0x32,0x34,0x06,0x30,0x02,0x31,0x45,0x05,0x03,0x1F,0x56,0x34,0x3C,0x39,0x44,0x3F,0x20,0x41,0x21,0x25,0x47,0x4A,0x44,0x8B,0x9D,0x26,0x2C,0x0C,
        0x3D,0x47,0x02,0x40,0x37,0x33,0x35,0x35,0x32,0xFD,0x88,0x10,0x34,0x4E,0x43,0x39,0x3A,0x4B,0x20,0x1C,0x1C,0x1A,0x0C,0x4B,0x28,0x25,0x0F,0x0B,0x46,0x4C,0x98,0xE0,
        0x5B,0x0A,0x3C,0x36,0x65,0x10,0x1F,0x24,0x3F,0x45,0x00,0x00,0x00,0x02,0x00,0x11,0xFF,0x65,0x01,0x86,0x02,0xBC,0x00,0x15,0x00,0x18,0x00,0x00,0x05,0x32,0x37,0x07,
        0x06,0x23,0x22,0x35,0x34,0x37,0x23,0x27,0x23,0x07,0x23,0x13,0x33,0x13,0x23,0x06,0x15,0x14,0x03,0x33,0x03,0x01,0x60,0x10,0x16,0x01,0x1B,0x1E,0x54,0x3F,0x07,0x1A,
        0xA2,0x1A,0x49,0x82,0x69,0x83,0x1E,0x2C,0xB5,0x8A,0x46,0x6C,0x09,0x2D,0x0B,0x41,0x37,0x23,0x95,0x95,0x02,0xBC,0xFD,0x44,0x1E,0x28,0x26,0x01,0x45,0x01,0x8A,0x00,
        0x00,0x02,0x00,0x1A,0xFF,0x65,0x01,0x53,0x02,0x01,0x00,0x2B,0x00,0x35,0x00,0x00,0x05,0x32,0x37,0x07,0x06,0x23,0x22,0x35,0x34,0x37,0x26,0x27,0x06,0x23,0x22,0x26,
        0x35,0x34,0x36,0x37,0x3E,0x01,0x3D,0x01,0x34,0x23,0x22,0x06,0x1D,0x01,0x23,0x35,0x34,0x36,0x33,0x32,0x1D,0x01,0x14,0x17,0x23,0x06,0x15,0x14,0x27,0x32,0x36,0x3D,
        0x01,0x06,0x07,0x06,0x15,0x14,0x01,0x2D,0x10,0x16,0x01,0x1C,0x1D,0x54,0x42,0x06,0x02,0x1F,0x56,0x34,0x3C,0x39,0x44,0x3F,0x20,0x41,0x21,0x25,0x47,0x4A,0x44,0x8B,
        0x0B,0x1E,0x2C,0x5E,0x26,0x2C,0x0C,0x3D,0x47,0x6C,0x09,0x2D,0x0B,0x41,0x36,0x25,0x12,0x31,0x4E,0x43,0x39,0x3A,0x4B,0x20,0x1C,0x1C,0x1A,0x0C,0x4B,0x28,0x25,0x0F,
        0x0B,0x46,0x4C,0x98,0xE0,0x5B,0x2E,0x22,0x24,0x26,0xA4,0x3C,0x36,0x65,0x10,0x1F,0x24,0x3F,0x45,0x00,0x00,0x02,0x00,0x28,0xFF,0xF6,0x01,0x60,0x03,0x70,0x00,0x03,
        0x00,0x20,0x00,0x00,0x13,0x37,0x33,0x07,0x03,0x22,0x26,0x35,0x11,0x34,0x36,0x32,0x16,0x1D,0x01,0x23,0x35,0x34,0x26,0x22,0x06,0x15,0x11,0x14,0x16,0x32,0x36,0x3D,
        0x01,0x33,0x15,0x14,0x06,0x92,0x47,0x57,0x60,0x0C,0x4A,0x52,0x51,0x96,0x51,0x4A,0x2B,0x4A,0x2B,0x2B,0x4A,0x2B,0x4A,0x51,0x02,0xF0,0x80,0x80,0xFD,0x06,0x58,0x4F,
        0x01,0x82,0x4F,0x58,0x58,0x4F,0x48,0x4D,0x2C,0x2F,0x2F,0x2C,0xFE,0x74,0x2C,0x2F,0x2F,0x2C,0x62,0x5D,0x4F,0x58,0x00,0x00,0x00,0x02,0x00,0x26,0xFF,0xF6,0x01,0x49,
        0x02,0xB5,0x00,0x03,0x00,0x1D,0x00,0x00,0x13,0x37,0x33,0x07,0x03,0x22,0x26,0x3D,0x01,0x34,0x36,0x33,0x32,0x16,0x1D,0x01,0x23,0x35,0x34,0x22,0x1D,0x01,0x14,0x32,
        0x3D,0x01,0x33,0x15,0x14,0x06,0x86,0x47,0x57,0x60,0x0B,0x48,0x4B,0x4B,0x48,0x47,0x49,0x49,0x8E,0x8E,0x49,0x49,0x02,0x35,0x80,0x80,0xFD,0xC1,0x53,0x4E,0xCA,0x4E,
        0x52,0x54,0x4C,0x16,0x1D,0x56,0x56,0xD8,0x57,0x57,0x27,0x20,0x4D,0x54,0x00,0x00,0x00,0x02,0x00,0x28,0xFF,0xF6,0x01,0x60,0x03,0x70,0x00,0x06,0x00,0x23,0x00,0x00,
        0x13,0x37,0x33,0x17,0x23,0x27,0x07,0x13,0x22,0x26,0x35,0x11,0x34,0x36,0x32,0x16,0x1D,0x01,0x23,0x35,0x34,0x26,0x22,0x06,0x15,0x11,0x14,0x16,0x32,0x36,0x3D,0x01,
        0x33,0x15,0x14,0x06,0x4E,0x4E,0x4F,0x4D,0x3D,0x38,0x37,0x38,0x4A,0x52,0x51,0x96,0x51,0x4A,0x2B,0x4A,0x2B,0x2B,0x4A,0x2B,0x4A,0x51,0x02,0xF0,0x80,0x80,0x54,0x54,
        0xFD,0x06,0x58,0x4F,0x01,0x82,0x4F,0x58,0x58,0x4F,0x48,0x4D,0x2C,0x2F,0x2F,0x2C,0xFE,0x74,0x2C,0x2F,0x2F,0x2C,0x62,0x5D,0x4F,0x58,0x00,0x00,0x00,0x02,0x00,0x26,
        0xFF,0xF6,0x01,0x49,0x02,0xB5,0x00,0x06,0x00,0x20,0x00,0x00,0x13,0x37,0x33,0x17,0x23,0x27,0x07,0x13,0x22,0x26,0x3D,0x01,0x34,0x36,0x33,0x32,0x16,0x1D,0x01,0x23,
        0x35,0x34,0x22,0x1D,0x01,0x14,0x32,0x3D,0x01,0x33,0x15,0x14,0x06,0x42,0x4E,0x4F,0x4D,0x3D,0x38,0x37,0x39,0x48,0x4B,0x4B,0x48,0x47,0x49,0x49,0x8E,0x8E,0x49,0x49,
        0x02,0x35,0x80,0x80,0x54,0x54,0xFD,0xC1,0x53,0x4E,0xCA,0x4E,0x52,0x54,0x4C,0x16,0x1D,0x56,0x56,0xD8,0x57,0x57,0x27,0x20,0x4D,0x54,0x00,0x00,0x00,0x02,0x00,0x28,
        0xFF,0xF6,0x01,0x60,0x03,0x66,0x00,0x03,0x00,0x20,0x00,0x00,0x13,0x35,0x33,0x15,0x03,0x22,0x26,0x35,0x11,0x34,0x36,0x32,0x16,0x1D,0x01,0x23,0x35,0x34,0x26,0x22,
        0x06,0x15,0x11,0x14,0x16,0x32,0x36,0x3D,0x01,0x33,0x15,0x14,0x06,0x9E,0x4B,0x25,0x4A,0x52,0x51,0x96,0x51,0x4A,0x2B,0x4A,0x2B,0x2B,0x4A,0x2B,0x4A,0x51,0x02,0xFA,
        0x6C,0x6C,0xFC,0xFC,0x58,0x4F,0x01,0x82,0x4F,0x58,0x58,0x4F,0x48,0x4D,0x2C,0x2F,0x2F,0x2C,0xFE,0x74,0x2C,0x2F,0x2F,0x2C,0x62,0x5D,0x4F,0x58,0x00,0x02,0x00,0x26,
        0xFF,0xF6,0x01,0x49,0x02,0xAB,0x00,0x03,0x00,0x1D,0x00,0x00,0x13,0x35,0x33,0x15,0x03,0x22,0x26,0x3D,0x01,0x34,0x36,0x33,0x32,0x16,0x1D,0x01,0x23,0x35,0x34,0x22,
        0x1D,0x01,0x14,0x32,0x3D,0x01,0x33,0x15,0x14,0x06,0x92,0x4B,0x24,0x48,0x4B,0x4B,0x48,0x47,0x49,0x49,0x8E,0x8E,0x49,0x49,0x02,0x3F,0x6C,0x6C,0xFD,0xB7,0x53,0x4E,
        0xCA,0x4E,0x52,0x54,0x4C,0x16,0x1D,0x56,0x56,0xD8,0x57,0x57,0x27,0x20,0x4D,0x54,0x00,0x02,0x00,0x28,0xFF,0xF6,0x01,0x60,0x03,0x70,0x00,0x06,0x00,0x23,0x00,0x00,
        0x13,0x27,0x33,0x17,0x37,0x33,0x07,0x03,0x22,0x26,0x35,0x11,0x34,0x36,0x32,0x16,0x1D,0x01,0x23,0x35,0x34,0x26,0x22,0x06,0x15,0x11,0x14,0x16,0x32,0x36,0x3D,0x01,
        0x33,0x15,0x14,0x06,0x9C,0x4E,0x3E,0x37,0x38,0x3D,0x4D,0x27,0x4A,0x52,0x51,0x96,0x51,0x4A,0x2B,0x4A,0x2B,0x2B,0x4A,0x2B,0x4A,0x51,0x02,0xF0,0x80,0x54,0x54,0x80,
        0xFD,0x06,0x58,0x4F,0x01,0x82,0x4F,0x58,0x58,0x4F,0x48,0x4D,0x2C,0x2F,0x2F,0x2C,0xFE,0x74,0x2C,0x2F,0x2F,0x2C,0x62,0x5D,0x4F,0x58,0x00,0x00,0x00,0x02,0x00,0x26,
        0xFF,0xF6,0x01,0x49,0x02,0xB5,0x00,0x06,0x00,0x20,0x00,0x00,0x13,0x27,0x33,0x17,0x37,0x33,0x07,0x03,0x22,0x26,0x3D,0x01,0x34,0x36,0x33,0x32,0x16,0x1D,0x01,0x23,
        0x35,0x34,0x22,0x1D,0x01,0x14,0x32,0x3D,0x01,0x33,0x15,0x14,0x06,0x90,0x4E,0x3E,0x37,0x38,0x3D,0x4D,0x26,0x48,0x4B,0x4B,0x48,0x47,0x49,0x49,0x8E,0x8E,0x49,0x49,
        0x02,0x35,0x80,0x54,0x54,0x80,0xFD,0xC1,0x53,0x4E,0xCA,0x4E,0x52,0x54,0x4C,0x16,0x1D,0x56,0x56,0xD8,0x57,0x57,0x27,0x20,0x4D,0x54,0x00,0x00,0x00,0x03,0x00,0x30,
        0x00,0x00,0x01,0x6E,0x03,0x70,0x00,0x06,0x00,0x0E,0x00,0x18,0x00,0x00,0x13,0x27,0x33,0x17,0x37,0x33,0x07,0x03,0x11,0x33,0x32,0x15,0x11,0x14,0x23,0x27,0x33,0x32,
        0x36,0x35,0x11,0x34,0x26,0x2B,0x01,0x9B,0x4E,0x3E,0x37,0x38,0x3D,0x4D,0xBA,0xA0,0x9E,0x9E,0x52,0x50,0x2A,0x28,0x28,0x2A,0x50,0x02,0xF0,0x80,0x54,0x54,0x80,0xFD,
        0x10,0x02,0xBC,0xAA,0xFE,0x98,0xAA,0x47,0x2D,0x33,0x01,0x6F,0x33,0x2C,0x00,0x00,0x00,0x03,0x00,0x28,0xFF,0xF6,0x01,0xBF,0x02,0xBC,0x00,0x10,0x00,0x17,0x00,0x23,
        0x00,0x00,0x01,0x11,0x14,0x17,0x23,0x26,0x27,0x06,0x23,0x22,0x3D,0x01,0x34,0x33,0x32,0x17,0x35,0x3B,0x01,0x15,0x07,0x23,0x37,0x23,0x03,0x32,0x36,0x3D,0x01,0x34,
        0x26,0x23,0x22,0x1D,0x01,0x14,0x01,0x50,0x0B,0x45,0x06,0x02,0x21,0x50,0x75,0x75,0x45,0x23,0x71,0x49,0x25,0x20,0x18,0x1C,0xC2,0x24,0x2D,0x2D,0x24,0x40,0x02,0xBC,
        0xFD,0xCD,0x5B,0x2E,0x12,0x32,0x4E,0x92,0xE8,0x91,0x3C,0xF7,0x57,0x65,0x5E,0xFD,0xDB,0x3A,0x36,0xA5,0x36,0x3A,0x54,0xDC,0x55,0x00,0x00,0x00,0x00,0x02,0x00,0x11,
        0x00,0x00,0x01,0x7D,0x02,0xBC,0x00,0x0B,0x00,0x19,0x00,0x00,0x13,0x32,0x15,0x11,0x14,0x2B,0x01,0x11,0x23,0x35,0x33,0x11,0x13,0x11,0x34,0x26,0x2B,0x01,0x15,0x33,
        0x15,0x23,0x11,0x33,0x32,0x36,0xDE,0x9F,0x9F,0xA0,0x2D,0x2D,0xF1,0x28,0x2A,0x51,0x4E,0x4E,0x51,0x2A,0x28,0x02,0xBC,0xAA,0xFE,0x98,0xAA,0x01,0x4B,0x44,0x01,0x2D,
        0xFD,0xEB,0x01,0x6F,0x33,0x2C,0xE6,0x44,0xFE,0xFC,0x2D,0x00,0x00,0x02,0x00,0x28,0xFF,0xF6,0x01,0x80,0x02,0xBC,0x00,0x18,0x00,0x24,0x00,0x00,0x01,0x23,0x11,0x14,
        0x17,0x23,0x26,0x27,0x06,0x23,0x22,0x3D,0x01,0x34,0x33,0x32,0x17,0x35,0x23,0x35,0x33,0x35,0x33,0x15,0x33,0x03,0x32,0x36,0x3D,0x01,0x34,0x26,0x23,0x22,0x1D,0x01,
        0x14,0x01,0x80,0x30,0x0B,0x45,0x06,0x02,0x21,0x50,0x75,0x75,0x45,0x23,0x4F,0x4F,0x4B,0x30,0xCC,0x24,0x2D,0x2D,0x24,0x40,0x02,0x3A,0xFE,0x4F,0x5B,0x2E,0x12,0x32,
        0x4E,0x92,0xE8,0x91,0x3C,0x75,0x3A,0x48,0x48,0xFD,0xC5,0x3A,0x36,0xA5,0x36,0x3A,0x54,0xDC,0x55,0x00,0x00,0x02,0x00,0x30,0x00,0x00,0x01,0x4F,0x03,0x4E,0x00,0x03,
        0x00,0x0F,0x00,0x00,0x13,0x35,0x33,0x15,0x03,0x11,0x21,0x15,0x23,0x15,0x33,0x15,0x23,0x11,0x33,0x15,0x55,0xD4,0xF9,0x01,0x1F,0xD1,0xAA,0xAA,0xD1,0x03,0x13,0x3B,
        0x3B,0xFC,0xED,0x02,0xBC,0x47,0xE4,0x47,0xFE,0xFD,0x47,0x00,0x00,0x03,0x00,0x26,0xFF,0xF6,0x01,0x50,0x02,0x93,0x00,0x03,0x00,0x19,0x00,0x20,0x00,0x00,0x01,0x15,
        0x23,0x35,0x17,0x32,0x16,0x1D,0x01,0x23,0x15,0x14,0x33,0x32,0x3D,0x01,0x33,0x15,0x14,0x06,0x22,0x26,0x3D,0x01,0x34,0x36,0x15,0x33,0x35,0x34,0x23,0x22,0x15,0x01,
        0x24,0xD4,0x6B,0x48,0x4D,0xDE,0x4A,0x4B,0x49,0x4D,0x90,0x4D,0x4C,0x94,0x4B,0x49,0x02,0x93,0x3B,0x3B,0x92,0x54,0x4E,0x6F,0x5E,0x59,0x59,0x0F,0x08,0x4E,0x55,0x55,
        0x4E,0xC6,0x4E,0x54,0xD3,0x38,0x58,0x58,0x00,0x02,0x00,0x30,0x00,0x00,0x01,0x4F,0x03,0x65,0x00,0x0A,0x00,0x16,0x00,0x00,0x12,0x22,0x26,0x27,0x33,0x16,0x33,0x32,
        0x37,0x33,0x06,0x03,0x11,0x21,0x15,0x23,0x15,0x33,0x15,0x23,0x11,0x33,0x15,0xF0,0x62,0x36,0x02,0x31,0x06,0x32,0x34,0x06,0x30,0x02,0xF7,0x01,0x1F,0xD1,0xAA,0xAA,
        0xD1,0x02,0xFB,0x37,0x33,0x35,0x35,0x32,0xFC,0xCD,0x02,0xBC,0x47,0xE4,0x47,0xFE,0xFD,0x47,0x00,0x00,0x00,0x03,0x00,0x26,0xFF,0xF6,0x01,0x50,0x02,0xAA,0x00,0x0A,
        0x00,0x20,0x00,0x27,0x00,0x00,0x12,0x22,0x26,0x27,0x33,0x16,0x33,0x32,0x37,0x33,0x06,0x07,0x32,0x16,0x1D,0x01,0x23,0x15,0x14,0x33,0x32,0x3D,0x01,0x33,0x15,0x14,
        0x06,0x22,0x26,0x3D,0x01,0x34,0x36,0x15,0x33,0x35,0x34,0x23,0x22,0x15,0xEB,0x62,0x36,0x02,0x31,0x06,0x32,0x34,0x06,0x30,0x02,0x67,0x48,0x4D,0xDE,0x4A,0x4B,0x49,
        0x4D,0x90,0x4D,0x4C,0x94,0x4B,0x49,0x02,0x40,0x37,0x33,0x35,0x35,0x32,0x77,0x54,0x4E,0x6F,0x5E,0x59,0x59,0x0F,0x08,0x4E,0x55,0x55,0x4E,0xC6,0x4E,0x54,0xD3,0x38,
        0x58,0x58,0x00,0x00,0x00,0x02,0x00,0x30,0x00,0x00,0x01,0x4F,0x03,0x66,0x00,0x03,0x00,0x0F,0x00,0x00,0x13,0x35,0x33,0x15,0x03,0x11,0x21,0x15,0x23,0x15,0x33,0x15,
        0x23,0x11,0x33,0x15,0x9A,0x4B,0xB5,0x01,0x1F,0xD1,0xAA,0xAA,0xD1,0x02,0xFA,0x6C,0x6C,0xFD,0x06,0x02,0xBC,0x47,0xE4,0x47,0xFE,0xFD,0x47,0x00,0x00,0x03,0x00,0x26,
        0xFF,0xF6,0x01,0x50,0x02,0xAB,0x00,0x03,0x00,0x19,0x00,0x20,0x00,0x00,0x13,0x15,0x23,0x35,0x17,0x32,0x16,0x1D,0x01,0x23,0x15,0x14,0x33,0x32,0x3D,0x01,0x33,0x15,
        0x14,0x06,0x22,0x26,0x3D,0x01,0x34,0x36,0x15,0x33,0x35,0x34,0x23,0x22,0x15,0xE0,0x4B,0x26,0x48,0x4D,0xDE,0x4A,0x4B,0x49,0x4D,0x90,0x4D,0x4C,0x94,0x4B,0x49,0x02,
        0xAB,0x6C,0x6C,0xAA,0x54,0x4E,0x6F,0x5E,0x59,0x59,0x0F,0x08,0x4E,0x55,0x55,0x4E,0xC6,0x4E,0x54,0xD3,0x38,0x58,0x58,0x00,0x00,0x01,0x00,0x30,0xFF,0x65,0x01,0x4F,
        0x02,0xBC,0x00,0x19,0x00,0x00,0x01,0x23,0x15,0x33,0x15,0x23,0x11,0x33,0x15,0x23,0x06,0x15,0x14,0x33,0x32,0x37,0x07,0x06,0x23,0x22,0x35,0x34,0x37,0x23,0x11,0x21,
        0x01,0x4F,0xD1,0xAA,0xAA,0xD1,0x29,0x28,0x2B,0x10,0x16,0x01,0x1C,0x1D,0x54,0x3D,0xCE,0x01,0x1F,0x02,0x75,0xE4,0x47,0xFE,0xFD,0x47,0x1E,0x28,0x26,0x09,0x2D,0x0B,
        0x40,0x36,0x25,0x02,0xBC,0x00,0x00,0x00,0x00,0x02,0x00,0x26,0xFF,0x65,0x01,0x50,0x02,0x01,0x00,0x24,0x00,0x2B,0x00,0x00,0x13,0x32,0x16,0x1D,0x01,0x23,0x15,0x14,
        0x33,0x32,0x3D,0x01,0x33,0x15,0x14,0x07,0x06,0x15,0x14,0x33,0x32,0x37,0x07,0x06,0x23,0x22,0x35,0x34,0x37,0x06,0x23,0x22,0x26,0x3D,0x01,0x34,0x36,0x15,0x33,0x35,
        0x34,0x23,0x22,0x15,0xBB,0x48,0x4D,0xDE,0x4A,0x4B,0x49,0x33,0x2D,0x2B,0x10,0x16,0x01,0x1C,0x1D,0x54,0x30,0x10,0x18,0x48,0x4D,0x4C,0x94,0x4B,0x49,0x02,0x01,0x54,
        0x4E,0x6F,0x5E,0x59,0x59,0x0F,0x08,0x5B,0x29,0x2C,0x2F,0x26,0x09,0x2D,0x0B,0x41,0x30,0x24,0x04,0x55,0x4E,0xC6,0x4E,0x54,0xD3,0x38,0x58,0x58,0x00,0x02,0x00,0x30,
        0x00,0x00,0x01,0x4F,0x03,0x70,0x00,0x06,0x00,0x12,0x00,0x00,0x13,0x27,0x33,0x17,0x37,0x33,0x07,0x03,0x11,0x21,0x15,0x23,0x15,0x33,0x15,0x23,0x11,0x33,0x15,0x98,
        0x4E,0x3E,0x37,0x38,0x3D,0x4D,0xB7,0x01,0x1F,0xD1,0xAA,0xAA,0xD1,0x02,0xF0,0x80,0x54,0x54,0x80,0xFD,0x10,0x02,0xBC,0x47,0xE4,0x47,0xFE,0xFD,0x47,0x00,0x00,0x00,
        0x00,0x03,0x00,0x26,0xFF,0xF6,0x01,0x50,0x02,0xB5,0x00,0x06,0x00,0x1C,0x00,0x23,0x00,0x00,0x13,0x23,0x27,0x33,0x17,0x37,0x33,0x07,0x32,0x16,0x1D,0x01,0x23,0x15,
        0x14,0x33,0x32,0x3D,0x01,0x33,0x15,0x14,0x06,0x22,0x26,0x3D,0x01,0x34,0x36,0x15,0x33,0x35,0x34,0x23,0x22,0x15,0xE2,0x4F,0x4E,0x3E,0x37,0x38,0x3D,0x74,0x48,0x4D,
        0xDE,0x4A,0x4B,0x49,0x4D,0x90,0x4D,0x4C,0x94,0x4B,0x49,0x02,0x35,0x80,0x54,0x54,0xB4,0x54,0x4E,0x6F,0x5E,0x59,0x59,0x0F,0x08,0x4E,0x55,0x55,0x4E,0xC6,0x4E,0x54,
        0xD3,0x38,0x58,0x58,0x00,0x02,0x00,0x28,0xFF,0xF6,0x01,0x65,0x03,0x70,0x00,0x06,0x00,0x24,0x00,0x00,0x13,0x37,0x33,0x17,0x23,0x27,0x07,0x13,0x22,0x26,0x35,0x11,
        0x34,0x36,0x33,0x32,0x16,0x1D,0x01,0x23,0x35,0x34,0x23,0x22,0x15,0x11,0x14,0x33,0x32,0x3D,0x01,0x23,0x35,0x33,0x15,0x14,0x06,0x50,0x4E,0x4F,0x4D,0x3D,0x38,0x37,
        0x38,0x4D,0x51,0x51,0x4D,0x4E,0x51,0x4A,0x53,0x52,0x52,0x53,0x4D,0x97,0x51,0x02,0xF0,0x80,0x80,0x54,0x54,0xFD,0x06,0x59,0x54,0x01,0x77,0x53,0x59,0x58,0x54,0x39,
        0x3E,0x60,0x60,0xFE,0x7E,0x60,0x60,0x9D,0x47,0xDE,0x54,0x59,0x00,0x03,0x00,0x27,0xFF,0x5B,0x01,0x4E,0x02,0xB5,0x00,0x06,0x00,0x20,0x00,0x2C,0x00,0x00,0x13,0x07,
        0x23,0x37,0x33,0x17,0x23,0x17,0x33,0x11,0x14,0x06,0x23,0x22,0x26,0x3D,0x01,0x33,0x15,0x14,0x33,0x32,0x3D,0x01,0x06,0x23,0x22,0x3D,0x01,0x34,0x33,0x32,0x17,0x03,
        0x32,0x36,0x3D,0x01,0x34,0x26,0x23,0x22,0x1D,0x01,0x14,0xB5,0x37,0x3E,0x4E,0x4F,0x4D,0x3D,0x20,0x41,0x45,0x4E,0x47,0x49,0x48,0x47,0x49,0x23,0x44,0x75,0x75,0x51,
        0x1F,0x59,0x23,0x2D,0x2D,0x23,0x41,0x02,0x89,0x54,0x80,0x80,0x3E,0xFD,0xFA,0x4A,0x4C,0x42,0x3F,0x04,0x07,0x3F,0x52,0x5C,0x3C,0x92,0xD2,0x91,0x4D,0xFE,0x9B,0x3A,
        0x36,0x8F,0x36,0x3A,0x54,0xC6,0x55,0x00,0x00,0x02,0x00,0x28,0xFF,0xF6,0x01,0x65,0x03,0x65,0x00,0x0A,0x00,0x28,0x00,0x00,0x12,0x22,0x26,0x27,0x33,0x16,0x33,0x32,
        0x37,0x33,0x06,0x03,0x22,0x26,0x35,0x11,0x34,0x36,0x33,0x32,0x16,0x1D,0x01,0x23,0x35,0x34,0x23,0x22,0x15,0x11,0x14,0x33,0x32,0x3D,0x01,0x23,0x35,0x33,0x15,0x14,
        0x06,0xF6,0x62,0x36,0x02,0x31,0x06,0x32,0x34,0x06,0x30,0x02,0x67,0x4D,0x51,0x51,0x4D,0x4E,0x51,0x4A,0x53,0x52,0x52,0x53,0x4D,0x97,0x51,0x02,0xFB,0x37,0x33,0x35,
        0x35,0x32,0xFC,0xC3,0x59,0x54,0x01,0x77,0x53,0x59,0x58,0x54,0x39,0x3E,0x60,0x60,0xFE,0x7E,0x60,0x60,0x9D,0x47,0xDE,0x54,0x59,0x00,0x00,0x00,0x00,0x03,0x00,0x27,
        0xFF,0x5B,0x01,0x4E,0x02,0xAA,0x00,0x0A,0x00,0x24,0x00,0x30,0x00,0x00,0x12,0x22,0x26,0x27,0x33,0x16,0x33,0x32,0x37,0x33,0x06,0x07,0x33,0x11,0x14,0x06,0x23,0x22,
        0x26,0x3D,0x01,0x33,0x15,0x14,0x33,0x32,0x3D,0x01,0x06,0x23,0x22,0x3D,0x01,0x34,0x33,0x32,0x17,0x03,0x32,0x36,0x3D,0x01,0x34,0x26,0x23,0x22,0x1D,0x01,0x14,0xE6,
        0x62,0x36,0x02,0x31,0x06,0x32,0x34,0x06,0x30,0x02,0x10,0x41,0x45,0x4E,0x47,0x49,0x48,0x47,0x49,0x23,0x44,0x75,0x75,0x51,0x1F,0x59,0x23,0x2D,0x2D,0x23,0x41,0x02,
        0x40,0x37,0x33,0x35,0x35,0x32,0x81,0xFD,0xFA,0x4A,0x4C,0x42,0x3F,0x04,0x07,0x3F,0x52,0x5C,0x3C,0x92,0xD2,0x91,0x4D,0xFE,0x9B,0x3A,0x36,0x8F,0x36,0x3A,0x54,0xC6,
        0x55,0x00,0x00,0x00,0x00,0x02,0x00,0x28,0xFF,0xF6,0x01,0x65,0x03,0x66,0x00,0x03,0x00,0x21,0x00,0x00,0x13,0x35,0x33,0x15,0x03,0x22,0x26,0x35,0x11,0x34,0x36,0x33,
        0x32,0x16,0x1D,0x01,0x23,0x35,0x34,0x23,0x22,0x15,0x11,0x14,0x33,0x32,0x3D,0x01,0x23,0x35,0x33,0x15,0x14,0x06,0xA0,0x4B,0x25,0x4D,0x51,0x51,0x4D,0x4E,0x51,0x4A,
        0x53,0x52,0x52,0x53,0x4D,0x97,0x51,0x02,0xFA,0x6C,0x6C,0xFC,0xFC,0x59,0x54,0x01,0x77,0x53,0x59,0x58,0x54,0x39,0x3E,0x60,0x60,0xFE,0x7E,0x60,0x60,0x9D,0x47,0xDE,
        0x54,0x59,0x00,0x00,0x00,0x03,0x00,0x27,0xFF,0x5B,0x01,0x4E,0x02,0xAB,0x00,0x03,0x00,0x1D,0x00,0x29,0x00,0x00,0x13,0x15,0x23,0x35,0x17,0x33,0x11,0x14,0x06,0x23,
        0x22,0x26,0x3D,0x01,0x33,0x15,0x14,0x33,0x32,0x3D,0x01,0x06,0x23,0x22,0x3D,0x01,0x34,0x33,0x32,0x17,0x03,0x32,0x36,0x3D,0x01,0x34,0x26,0x23,0x22,0x1D,0x01,0x14,
        0xDB,0x4B,0x7D,0x41,0x45,0x4E,0x47,0x49,0x48,0x47,0x49,0x23,0x44,0x75,0x75,0x51,0x1F,0x59,0x23,0x2D,0x2D,0x23,0x41,0x02,0xAB,0x6C,0x6C,0xB4,0xFD,0xFA,0x4A,0x4C,
        0x42,0x3F,0x04,0x07,0x3F,0x52,0x5C,0x3C,0x92,0xD2,0x91,0x4D,0xFE,0x9B,0x3A,0x36,0x8F,0x36,0x3A,0x54,0xC6,0x55,0x00,0x00,0x00,0x02,0x00,0x28,0xFF,0x48,0x01,0x65,
        0x02,0xC6,0x00,0x1D,0x00,0x24,0x00,0x00,0x17,0x22,0x26,0x35,0x11,0x34,0x36,0x33,0x32,0x16,0x1D,0x01,0x23,0x35,0x34,0x23,0x22,0x15,0x11,0x14,0x33,0x32,0x3D,0x01,
        0x23,0x35,0x33,0x15,0x14,0x06,0x07,0x37,0x23,0x35,0x33,0x15,0x07,0xC6,0x4D,0x51,0x51,0x4D,0x4E,0x51,0x4A,0x53,0x52,0x52,0x53,0x4D,0x97,0x51,0x71,0x20,0x22,0x4B,
        0x2C,0x0A,0x59,0x54,0x01,0x77,0x53,0x59,0x58,0x54,0x39,0x3E,0x60,0x60,0xFE,0x7E,0x60,0x60,0x9D,0x47,0xDE,0x54,0x59,0xAE,0x35,0x54,0x4D,0x3C,0x00,0x03,0x00,0x27,
        0xFF,0x5B,0x01,0x4E,0x02,0xC9,0x00,0x06,0x00,0x20,0x00,0x2C,0x00,0x00,0x13,0x15,0x23,0x35,0x37,0x33,0x07,0x17,0x33,0x11,0x14,0x06,0x23,0x22,0x26,0x3D,0x01,0x33,
        0x15,0x14,0x33,0x32,0x3D,0x01,0x06,0x23,0x22,0x3D,0x01,0x34,0x33,0x32,0x17,0x03,0x32,0x36,0x3D,0x01,0x34,0x26,0x23,0x22,0x1D,0x01,0x14,0xDB,0x4C,0x29,0x1D,0x1D,
        0x55,0x41,0x45,0x4E,0x47,0x49,0x48,0x47,0x49,0x23,0x44,0x75,0x75,0x51,0x1F,0x59,0x23,0x2D,0x2D,0x23,0x41,0x02,0x94,0x55,0x4E,0x3C,0x35,0x9D,0xFD,0xFA,0x4A,0x4C,
        0x42,0x3F,0x04,0x07,0x3F,0x52,0x5C,0x3C,0x92,0xD2,0x91,0x4D,0xFE,0x9B,0x3A,0x36,0x8F,0x36,0x3A,0x54,0xC6,0x55,0x00,0x00,0x00,0x02,0x00,0x30,0x00,0x00,0x01,0x72,
        0x03,0x70,0x00,0x06,0x00,0x12,0x00,0x00,0x13,0x37,0x33,0x17,0x23,0x27,0x07,0x03,0x11,0x33,0x11,0x33,0x11,0x33,0x11,0x23,0x11,0x23,0x11,0x5C,0x4E,0x4F,0x4D,0x3D,
        0x38,0x37,0x6A,0x4E,0xA6,0x4E,0x4E,0xA6,0x02,0xF0,0x80,0x80,0x54,0x54,0xFD,0x10,0x02,0xBC,0xFE,0xD5,0x01,0x2B,0xFD,0x44,0x01,0x4A,0xFE,0xB6,0x00,0x02,0xFF,0xE0,
        0x00,0x00,0x01,0x55,0x03,0x70,0x00,0x06,0x00,0x17,0x00,0x00,0x13,0x27,0x07,0x23,0x37,0x33,0x1F,0x01,0x32,0x15,0x11,0x23,0x11,0x34,0x23,0x22,0x06,0x15,0x11,0x23,
        0x11,0x33,0x15,0x36,0x8D,0x38,0x37,0x3E,0x4E,0x4F,0x4D,0x17,0x74,0x4C,0x3F,0x23,0x2C,0x4B,0x4B,0x22,0x02,0xF0,0x54,0x54,0x80,0x80,0xEF,0x91,0xFE,0x90,0x01,0x66,
        0x58,0x3A,0x36,0xFE,0xB2,0x02,0xBC,0xF5,0x3A,0x00,0x00,0x00,0x00,0x02,0x00,0x10,0x00,0x00,0x01,0xA6,0x02,0xBC,0x00,0x13,0x00,0x17,0x00,0x00,0x01,0x15,0x23,0x11,
        0x23,0x11,0x23,0x11,0x23,0x11,0x23,0x35,0x33,0x35,0x33,0x15,0x33,0x35,0x33,0x15,0x07,0x35,0x23,0x15,0x01,0xA6,0x29,0x4E,0xA7,0x4E,0x2A,0x2A,0x4E,0xA7,0x4E,0x4E,
        0xA7,0x02,0x47,0x41,0xFD,0xFA,0x01,0x4A,0xFE,0xB6,0x02,0x06,0x41,0x75,0x75,0x75,0x75,0xB6,0x75,0x75,0x00,0x01,0x00,0x00,0x00,0x00,0x01,0x55,0x02,0xBC,0x00,0x18,
        0x00,0x00,0x13,0x32,0x15,0x11,0x23,0x11,0x34,0x23,0x22,0x06,0x15,0x11,0x23,0x11,0x23,0x35,0x33,0x35,0x33,0x15,0x33,0x15,0x23,0x15,0x36,0xE1,0x74,0x4C,0x3F,0x23,
        0x2C,0x4B,0x30,0x30,0x4B,0x4F,0x4F,0x22,0x02,0x01,0x91,0xFE,0x90,0x01,0x66,0x58,0x3A,0x36,0xFE,0xB2,0x02,0x3A,0x3A,0x48,0x48,0x3A,0x73,0x3A,0x00,0x02,0xFF,0xDD,
        0x00,0x00,0x00,0xD3,0x03,0x63,0x00,0x11,0x00,0x15,0x00,0x00,0x13,0x27,0x36,0x33,0x32,0x17,0x16,0x33,0x32,0x37,0x17,0x06,0x23,0x22,0x27,0x26,0x23,0x22,0x13,0x11,
        0x33,0x11,0x07,0x2A,0x21,0x30,0x18,0x1D,0x15,0x0B,0x16,0x11,0x29,0x20,0x30,0x1A,0x1B,0x15,0x0B,0x17,0x19,0x4E,0x02,0xFE,0x17,0x4A,0x15,0x0F,0x28,0x17,0x4A,0x15,
        0x0F,0xFC,0xDA,0x02,0xBC,0xFD,0x44,0x00,0x00,0x02,0xFF,0xDB,0x00,0x00,0x00,0xD1,0x02,0xA8,0x00,0x11,0x00,0x15,0x00,0x00,0x13,0x27,0x36,0x33,0x32,0x17,0x16,0x33,
        0x32,0x37,0x17,0x06,0x23,0x22,0x27,0x26,0x23,0x22,0x13,0x11,0x33,0x11,0x05,0x2A,0x21,0x30,0x18,0x1D,0x15,0x0B,0x16,0x11,0x29,0x20,0x30,0x1A,0x1B,0x15,0x0B,0x17,
        0x1B,0x4B,0x02,0x43,0x17,0x4A,0x15,0x0F,0x28,0x17,0x4A,0x15,0x0F,0xFD,0x95,0x01,0xF7,0xFE,0x09,0x00,0x00,0x02,0xFF,0xED,0x00,0x00,0x00,0xC1,0x03,0x4E,0x00,0x03,
        0x00,0x07,0x00,0x00,0x03,0x35,0x33,0x15,0x03,0x11,0x33,0x11,0x13,0xD4,0x91,0x4E,0x03,0x13,0x3B,0x3B,0xFC,0xED,0x02,0xBC,0xFD,0x44,0x00,0x00,0x00,0x02,0xFF,0xEB,
        0x00,0x00,0x00,0xBF,0x02,0x93,0x00,0x03,0x00,0x07,0x00,0x00,0x03,0x35,0x33,0x15,0x03,0x11,0x33,0x11,0x15,0xD4,0x8F,0x4B,0x02,0x58,0x3B,0x3B,0xFD,0xA8,0x01,0xF7,
        0xFE,0x09,0x00,0x00,0x00,0x02,0xFF,0xEE,0x00,0x00,0x00,0xC1,0x03,0x65,0x00,0x0A,0x00,0x0E,0x00,0x00,0x12,0x22,0x26,0x27,0x33,0x16,0x33,0x32,0x37,0x33,0x06,0x03,
        0x11,0x33,0x11,0x88,0x62,0x36,0x02,0x31,0x06,0x32,0x34,0x06,0x30,0x02,0x8F,0x4E,0x02,0xFB,0x37,0x33,0x35,0x35,0x32,0xFC,0xCD,0x02,0xBC,0xFD,0x44,0x00,0x00,0x00,
        0x00,0x02,0xFF,0xEC,0x00,0x00,0x00,0xBF,0x02,0xAA,0x00,0x0A,0x00,0x0E,0x00,0x00,0x12,0x22,0x26,0x27,0x33,0x16,0x33,0x32,0x37,0x33,0x06,0x03,0x11,0x33,0x11,0x86,
        0x62,0x36,0x02,0x31,0x06,0x32,0x34,0x06,0x30,0x02,0x8D,0x4B,0x02,0x40,0x37,0x33,0x35,0x35,0x32,0xFD,0x88,0x01,0xF7,0xFE,0x09,0x00,0x00,0x00,0x00,0x01,0x00,0x0D,
        0xFF,0x65,0x00,0x9B,0x02,0xBC,0x00,0x11,0x00,0x00,0x17,0x32,0x37,0x07,0x06,0x23,0x22,0x35,0x34,0x37,0x23,0x11,0x33,0x11,0x23,0x06,0x15,0x14,0x75,0x10,0x16,0x01,
        0x1C,0x1D,0x54,0x37,0x14,0x4E,0x13,0x21,0x6C,0x09,0x2D,0x0B,0x41,0x35,0x25,0x02,0xBC,0xFD,0x44,0x1D,0x29,0x26,0x00,0x00,0x00,0x02,0x00,0x0C,0xFF,0x65,0x00,0x9A,
        0x02,0xAB,0x00,0x03,0x00,0x15,0x00,0x00,0x13,0x15,0x23,0x35,0x13,0x32,0x37,0x07,0x06,0x23,0x22,0x35,0x34,0x37,0x23,0x11,0x33,0x11,0x23,0x06,0x15,0x14,0x7B,0x4B,
        0x44,0x10,0x16,0x01,0x1B,0x1E,0x54,0x37,0x13,0x4B,0x11,0x21,0x02,0xAB,0x6C,0x6C,0xFC,0xE9,0x09,0x2D,0x0B,0x41,0x35,0x25,0x01,0xF7,0xFE,0x09,0x1D,0x29,0x26,0x00,
        0x00,0x02,0x00,0x30,0x00,0x00,0x00,0x7E,0x03,0x66,0x00,0x03,0x00,0x07,0x00,0x00,0x13,0x35,0x33,0x15,0x03,0x11,0x33,0x11,0x32,0x4B,0x4D,0x4E,0x02,0xFA,0x6C,0x6C,
        0xFD,0x06,0x02,0xBC,0xFD,0x44,0x00,0x00,0x00,0x01,0x00,0x30,0x00,0x00,0x00,0x7B,0x01,0xF7,0x00,0x03,0x00,0x00,0x33,0x11,0x33,0x11,0x30,0x4B,0x01,0xF7,0xFE,0x09,
        0x00,0x02,0x00,0x30,0xFF,0xFC,0x01,0x84,0x02,0xBC,0x00,0x03,0x00,0x11,0x00,0x00,0x33,0x11,0x33,0x11,0x17,0x22,0x27,0x35,0x16,0x33,0x32,0x36,0x35,0x11,0x33,0x11,
        0x14,0x06,0x30,0x4E,0x73,0x21,0x12,0x14,0x15,0x29,0x26,0x4E,0x48,0x02,0xBC,0xFD,0x44,0x04,0x06,0x47,0x06,0x2A,0x2E,0x02,0x21,0xFD,0xE1,0x52,0x4F,0x00,0x00,0x00,
        0x00,0x04,0x00,0x30,0xFF,0x5B,0x01,0x26,0x02,0xAB,0x00,0x03,0x00,0x07,0x00,0x0B,0x00,0x18,0x00,0x00,0x13,0x35,0x33,0x15,0x33,0x35,0x33,0x15,0x03,0x11,0x33,0x11,
        0x17,0x22,0x27,0x35,0x16,0x33,0x32,0x36,0x35,0x11,0x33,0x11,0x14,0x30,0x4B,0x60,0x4B,0xF6,0x4B,0x4E,0x1C,0x13,0x12,0x0F,0x11,0x0F,0x4B,0x02,0x3F,0x6C,0x6C,0x6C,
        0x6C,0xFD,0xC1,0x01,0xF7,0xFE,0x09,0xA5,0x0A,0x40,0x07,0x11,0x15,0x02,0x33,0xFD,0xC7,0x63,0x00,0x00,0x00,0x02,0x00,0x11,0xFF,0xFC,0x01,0x1D,0x03,0x70,0x00,0x06,
        0x00,0x14,0x00,0x00,0x13,0x37,0x33,0x17,0x23,0x27,0x07,0x03,0x22,0x27,0x35,0x16,0x33,0x32,0x36,0x35,0x11,0x33,0x11,0x14,0x06,0x33,0x4E,0x4F,0x4D,0x3D,0x38,0x37,
        0x2D,0x21,0x12,0x13,0x16,0x29,0x26,0x4E,0x48,0x02,0xF0,0x80,0x80,0x54,0x54,0xFD,0x0C,0x06,0x47,0x06,0x2A,0x2E,0x02,0x21,0xFD,0xE1,0x52,0x4F,0x00,0x02,0xFF,0xE0,
        0xFF,0x5B,0x00,0xCA,0x02,0xB5,0x00,0x06,0x00,0x13,0x00,0x00,0x03,0x37,0x33,0x17,0x23,0x27,0x07,0x11,0x22,0x27,0x35,0x16,0x33,0x32,0x36,0x35,0x11,0x33,0x11,0x14,
        0x20,0x4E,0x4F,0x4D,0x3D,0x38,0x37,0x1C,0x14,0x13,0x0F,0x11,0x0F,0x4B,0x02,0x35,0x80,0x80,0x54,0x54,0xFD,0x26,0x0A,0x40,0x07,0x11,0x15,0x02,0x33,0xFD,0xC7,0x63,
        0x00,0x02,0x00,0x30,0xFF,0x48,0x01,0x88,0x02,0xBC,0x00,0x0B,0x00,0x12,0x00,0x00,0x1B,0x01,0x23,0x03,0x07,0x15,0x23,0x11,0x33,0x11,0x13,0x33,0x03,0x35,0x33,0x15,
        0x07,0x23,0x37,0xF5,0x93,0x52,0x75,0x43,0x4E,0x4E,0xB7,0x51,0xD3,0x4B,0x2C,0x1D,0x20,0x01,0xB5,0xFE,0x4B,0x01,0x5C,0x75,0xE7,0x02,0xBC,0xFE,0xA7,0x01,0x59,0xFC,
        0xC1,0x54,0x4D,0x3C,0x35,0x00,0x00,0x00,0x00,0x02,0x00,0x30,0xFF,0x48,0x01,0x6F,0x02,0xBC,0x00,0x0B,0x00,0x12,0x00,0x00,0x1B,0x01,0x23,0x27,0x07,0x15,0x23,0x11,
        0x33,0x11,0x37,0x33,0x03,0x35,0x33,0x15,0x07,0x23,0x37,0xEB,0x84,0x52,0x66,0x3C,0x4B,0x4B,0x9D,0x51,0xC2,0x4B,0x2C,0x1D,0x20,0x01,0x3A,0xFE,0xC6,0xF1,0x59,0x98,
        0x02,0xBC,0xFE,0x46,0xF5,0xFD,0x86,0x54,0x4D,0x3C,0x35,0x00,0x00,0x01,0x00,0x2F,0x00,0x00,0x01,0x6F,0x01,0xF7,0x00,0x0B,0x00,0x00,0x21,0x27,0x07,0x15,0x23,0x11,
        0x33,0x15,0x37,0x33,0x07,0x13,0x01,0x1D,0x67,0x3B,0x4C,0x4C,0x9C,0x52,0x7F,0x85,0xF1,0x58,0x99,0x01,0xF7,0xF5,0xF5,0xBD,0xFE,0xC6,0x00,0x00,0x00,0x02,0x00,0x30,
        0x00,0x00,0x01,0x46,0x03,0x70,0x00,0x03,0x00,0x09,0x00,0x00,0x13,0x37,0x33,0x07,0x03,0x11,0x33,0x11,0x33,0x15,0x30,0x47,0x57,0x60,0x3E,0x4E,0xC8,0x02,0xF0,0x80,
        0x80,0xFD,0x10,0x02,0xBC,0xFD,0x8B,0x47,0x00,0x02,0x00,0x24,0x00,0x00,0x00,0xC2,0x03,0x70,0x00,0x03,0x00,0x07,0x00,0x00,0x13,0x37,0x33,0x07,0x03,0x11,0x33,0x11,
        0x24,0x47,0x57,0x60,0x32,0x4B,0x02,0xF0,0x80,0x80,0xFD,0x10,0x02,0xBC,0xFD,0x44,0x00,0x02,0x00,0x30,0xFF,0x48,0x01,0x46,0x02,0xBC,0x00,0x05,0x00,0x0C,0x00,0x00,
        0x33,0x11,0x33,0x11,0x33,0x15,0x07,0x37,0x23,0x35,0x33,0x15,0x07,0x30,0x4E,0xC8,0xAD,0x20,0x22,0x4B,0x2C,0x02,0xBC,0xFD,0x8B,0x47,0xB8,0x35,0x54,0x4D,0x3C,0x00,
        0x00,0x02,0x00,0x30,0xFF,0x48,0x00,0x7B,0x02,0xBC,0x00,0x03,0x00,0x0A,0x00,0x00,0x33,0x11,0x33,0x11,0x07,0x37,0x23,0x35,0x33,0x15,0x07,0x30,0x4B,0x49,0x20,0x22,
        0x4B,0x2C,0x02,0xBC,0xFD,0x44,0xB8,0x35,0x54,0x4D,0x3C,0x00,0x00,0x02,0x00,0x30,0x00,0x00,0x01,0x46,0x02,0xBC,0x00,0x05,0x00,0x0C,0x00,0x00,0x33,0x11,0x33,0x11,
        0x33,0x15,0x03,0x37,0x23,0x35,0x33,0x15,0x07,0x30,0x4E,0xC8,0x6E,0x19,0x1C,0x48,0x24,0x02,0xBC,0xFD,0x8B,0x47,0x02,0x00,0x5E,0x5E,0x57,0x65,0x00,0x02,0x00,0x30,
        0x00,0x00,0x00,0xE9,0x02,0xBC,0x00,0x03,0x00,0x0A,0x00,0x00,0x33,0x11,0x33,0x11,0x13,0x37,0x23,0x35,0x33,0x15,0x07,0x30,0x4B,0x29,0x19,0x1C,0x48,0x24,0x02,0xBC,
        0xFD,0x44,0x02,0x00,0x5E,0x5E,0x57,0x65,0x00,0x02,0x00,0x30,0x00,0x00,0x01,0x46,0x02,0xBC,0x00,0x05,0x00,0x09,0x00,0x00,0x33,0x11,0x33,0x11,0x33,0x15,0x03,0x35,
        0x33,0x15,0x30,0x4E,0xC8,0x6B,0x4B,0x02,0xBC,0xFD,0x8B,0x47,0x01,0x4B,0x61,0x61,0x00,0x02,0x00,0x30,0x00,0x00,0x00,0xFB,0x02,0xBC,0x00,0x03,0x00,0x07,0x00,0x00,
        0x33,0x11,0x33,0x11,0x13,0x35,0x33,0x15,0x30,0x4B,0x31,0x4F,0x02,0xBC,0xFD,0x44,0x01,0x2C,0x64,0x64,0x00,0x01,0x00,0x12,0x00,0x00,0x01,0x5F,0x02,0xBC,0x00,0x0D,
        0x00,0x00,0x37,0x33,0x15,0x21,0x35,0x07,0x35,0x37,0x11,0x33,0x11,0x37,0x15,0x07,0x97,0xC8,0xFE,0xEA,0x37,0x37,0x4E,0x88,0x88,0x47,0x47,0xBF,0x3B,0x56,0x3B,0x01,
        0xA7,0xFE,0xAC,0x92,0x56,0x92,0x00,0x00,0x00,0x01,0x00,0x13,0x00,0x00,0x00,0xC6,0x02,0xBC,0x00,0x0B,0x00,0x00,0x13,0x15,0x07,0x11,0x23,0x11,0x07,0x35,0x37,0x11,
        0x33,0x15,0xC6,0x35,0x4B,0x33,0x33,0x4B,0x02,0x02,0x4F,0x38,0xFE,0x85,0x01,0x2D,0x36,0x4F,0x36,0x01,0x40,0xF2,0x00,0x00,0x00,0x02,0x00,0x30,0x00,0x00,0x01,0x79,
        0x03,0x70,0x00,0x03,0x00,0x0D,0x00,0x00,0x13,0x37,0x33,0x07,0x03,0x11,0x33,0x13,0x11,0x33,0x11,0x23,0x03,0x11,0xA4,0x47,0x57,0x60,0xB2,0x64,0x9E,0x47,0x51,0xB1,
        0x02,0xF0,0x80,0x80,0xFD,0x10,0x02,0xBC,0xFE,0x0C,0x01,0xF4,0xFD,0x44,0x02,0x39,0xFD,0xC7,0x00,0x00,0x00,0x02,0x00,0x30,0x00,0x00,0x01,0x55,0x02,0xB5,0x00,0x03,
        0x00,0x14,0x00,0x00,0x01,0x07,0x23,0x37,0x17,0x32,0x15,0x11,0x23,0x11,0x34,0x23,0x22,0x06,0x15,0x11,0x23,0x11,0x33,0x17,0x36,0x01,0x2E,0x60,0x3E,0x47,0x0A,0x74,
        0x4C,0x3F,0x23,0x2C,0x4B,0x41,0x01,0x20,0x02,0xB5,0x80,0x80,0xB4,0x91,0xFE,0x90,0x01,0x66,0x58,0x3A,0x36,0xFE,0xB2,0x01,0xF7,0x42,0x4C,0x00,0x00,0x02,0x00,0x30,
        0xFF,0x48,0x01,0x79,0x02,0xBC,0x00,0x09,0x00,0x10,0x00,0x00,0x33,0x11,0x33,0x13,0x11,0x33,0x11,0x23,0x03,0x11,0x17,0x37,0x23,0x35,0x33,0x15,0x07,0x30,0x64,0x9E,
        0x47,0x51,0xB1,0x3B,0x20,0x22,0x4B,0x2C,0x02,0xBC,0xFE,0x0C,0x01,0xF4,0xFD,0x44,0x02,0x39,0xFD,0xC7,0xB8,0x35,0x54,0x4D,0x3C,0x00,0x00,0x00,0x00,0x02,0x00,0x30,
        0xFF,0x48,0x01,0x55,0x02,0x01,0x00,0x10,0x00,0x17,0x00,0x00,0x13,0x32,0x15,0x11,0x23,0x11,0x34,0x23,0x22,0x06,0x15,0x11,0x23,0x11,0x33,0x17,0x36,0x13,0x35,0x33,
        0x15,0x07,0x23,0x37,0xE1,0x74,0x4C,0x3F,0x23,0x2C,0x4B,0x41,0x01,0x20,0x0A,0x4B,0x2C,0x1D,0x20,0x02,0x01,0x91,0xFE,0x90,0x01,0x66,0x58,0x3A,0x36,0xFE,0xB2,0x01,
        0xF7,0x42,0x4C,0xFD,0x7C,0x54,0x4D,0x3C,0x35,0x00,0x00,0x00,0x00,0x02,0x00,0x30,0x00,0x00,0x01,0x79,0x03,0x70,0x00,0x06,0x00,0x10,0x00,0x00,0x13,0x27,0x33,0x17,
        0x37,0x33,0x07,0x03,0x11,0x33,0x13,0x11,0x33,0x11,0x23,0x03,0x11,0xAE,0x4E,0x3E,0x37,0x38,0x3D,0x4D,0xCD,0x64,0x9E,0x47,0x51,0xB1,0x02,0xF0,0x80,0x54,0x54,0x80,
        0xFD,0x10,0x02,0xBC,0xFE,0x0C,0x01,0xF4,0xFD,0x44,0x02,0x39,0xFD,0xC7,0x00,0x00,0x00,0x02,0x00,0x30,0x00,0x00,0x01,0x55,0x02,0xB5,0x00,0x06,0x00,0x17,0x00,0x00,
        0x13,0x23,0x27,0x33,0x17,0x37,0x33,0x07,0x32,0x15,0x11,0x23,0x11,0x34,0x23,0x22,0x06,0x15,0x11,0x23,0x11,0x33,0x17,0x36,0xE9,0x4F,0x4E,0x3E,0x37,0x38,0x3D,0x55,
        0x74,0x4C,0x3F,0x23,0x2C,0x4B,0x41,0x01,0x20,0x02,0x35,0x80,0x54,0x54,0xB4,0x91,0xFE,0x90,0x01,0x66,0x58,0x3A,0x36,0xFE,0xB2,0x01,0xF7,0x42,0x4C,0x00,0x00,0x00,
        0x00,0x02,0xFF,0xE4,0x00,0x00,0x01,0x55,0x02,0xBC,0x00,0x06,0x00,0x17,0x00,0x00,0x03,0x35,0x33,0x15,0x07,0x23,0x37,0x17,0x32,0x15,0x11,0x23,0x11,0x34,0x23,0x22,
        0x06,0x15,0x11,0x23,0x11,0x33,0x17,0x36,0x1C,0x4B,0x27,0x20,0x19,0xE0,0x74,0x4C,0x3F,0x23,0x2C,0x4B,0x41,0x01,0x20,0x02,0x5B,0x61,0x59,0x63,0x5B,0x5A,0x91,0xFE,
        0x90,0x01,0x66,0x58,0x3A,0x36,0xFE,0xB2,0x01,0xF7,0x42,0x4C,0x00,0x01,0x00,0x30,0xFF,0x5B,0x01,0x79,0x02,0xBC,0x00,0x15,0x00,0x00,0x17,0x22,0x27,0x35,0x16,0x33,
        0x32,0x36,0x35,0x34,0x27,0x03,0x11,0x23,0x11,0x33,0x13,0x11,0x33,0x11,0x14,0x06,0xE6,0x1F,0x14,0x15,0x14,0x29,0x26,0x07,0xAD,0x47,0x64,0x9E,0x47,0x48,0xA5,0x05,
        0x41,0x06,0x2A,0x2E,0x1B,0x1A,0x02,0x17,0xFD,0xC1,0x02,0xBC,0xFE,0x1B,0x01,0xE5,0xFD,0x40,0x52,0x4F,0x00,0x01,0x00,0x30,0xFF,0x5B,0x01,0x56,0x02,0x01,0x00,0x19,
        0x00,0x00,0x13,0x32,0x15,0x11,0x14,0x23,0x22,0x27,0x35,0x16,0x33,0x32,0x36,0x35,0x11,0x34,0x23,0x22,0x06,0x15,0x11,0x23,0x11,0x33,0x17,0x36,0xE2,0x74,0x6F,0x1F,
        0x18,0x14,0x15,0x1B,0x16,0x3F,0x24,0x2C,0x4B,0x41,0x01,0x20,0x02,0x01,0x91,0xFE,0x5D,0x72,0x0A,0x41,0x08,0x19,0x1F,0x01,0x94,0x54,0x3A,0x36,0xFE,0xB2,0x01,0xF7,
        0x42,0x4C,0x00,0x00,0x00,0x03,0x00,0x28,0xFF,0xF6,0x01,0x69,0x03,0x4E,0x00,0x03,0x00,0x11,0x00,0x1B,0x00,0x00,0x13,0x35,0x33,0x15,0x03,0x22,0x26,0x35,0x11,0x34,
        0x36,0x33,0x32,0x16,0x15,0x11,0x14,0x06,0x27,0x32,0x35,0x11,0x34,0x23,0x22,0x15,0x11,0x14,0x5E,0xD4,0x6A,0x4D,0x53,0x53,0x4D,0x4E,0x53,0x53,0x4E,0x53,0x53,0x52,
        0x03,0x13,0x3B,0x3B,0xFC,0xE3,0x5A,0x53,0x01,0x77,0x53,0x59,0x59,0x53,0xFE,0x89,0x53,0x5A,0x47,0x61,0x01,0x81,0x60,0x60,0xFE,0x7F,0x61,0x00,0x00,0x03,0x00,0x26,
        0xFF,0xF6,0x01,0x4E,0x02,0x93,0x00,0x03,0x00,0x11,0x00,0x1B,0x00,0x00,0x13,0x35,0x33,0x15,0x03,0x22,0x26,0x3D,0x01,0x34,0x36,0x33,0x32,0x16,0x1D,0x01,0x14,0x06,
        0x27,0x32,0x3D,0x01,0x34,0x23,0x22,0x1D,0x01,0x14,0x50,0xD4,0x6A,0x48,0x4C,0x4C,0x48,0x47,0x4D,0x4D,0x47,0x48,0x48,0x49,0x02,0x58,0x3B,0x3B,0xFD,0x9E,0x55,0x4E,
        0xC6,0x4E,0x54,0x54,0x4E,0xC6,0x4E,0x55,0x43,0x59,0xD4,0x58,0x58,0xD4,0x59,0x00,0x00,0x03,0x00,0x28,0xFF,0xF6,0x01,0x69,0x03,0x65,0x00,0x0A,0x00,0x18,0x00,0x22,
        0x00,0x00,0x12,0x22,0x26,0x27,0x33,0x16,0x33,0x32,0x37,0x33,0x06,0x03,0x22,0x26,0x35,0x11,0x34,0x36,0x33,0x32,0x16,0x15,0x11,0x14,0x06,0x27,0x32,0x35,0x11,0x34,
        0x23,0x22,0x15,0x11,0x14,0xF9,0x62,0x36,0x02,0x31,0x06,0x32,0x34,0x06,0x30,0x02,0x68,0x4D,0x53,0x53,0x4D,0x4E,0x53,0x53,0x4E,0x53,0x53,0x52,0x02,0xFB,0x37,0x33,
        0x35,0x35,0x32,0xFC,0xC3,0x5A,0x53,0x01,0x77,0x53,0x59,0x59,0x53,0xFE,0x89,0x53,0x5A,0x47,0x61,0x01,0x81,0x60,0x60,0xFE,0x7F,0x61,0x00,0x00,0x00,0x03,0x00,0x26,
        0xFF,0xF6,0x01,0x4E,0x02,0xAA,0x00,0x0A,0x00,0x18,0x00,0x22,0x00,0x00,0x12,0x22,0x26,0x27,0x33,0x16,0x33,0x32,0x37,0x33,0x06,0x03,0x22,0x26,0x3D,0x01,0x34,0x36,
        0x33,0x32,0x16,0x1D,0x01,0x14,0x06,0x27,0x32,0x3D,0x01,0x34,0x23,0x22,0x1D,0x01,0x14,0xEB,0x62,0x36,0x02,0x31,0x06,0x32,0x34,0x06,0x30,0x02,0x68,0x48,0x4C,0x4C,
        0x48,0x47,0x4D,0x4D,0x47,0x48,0x48,0x49,0x02,0x40,0x37,0x33,0x35,0x35,0x32,0xFD,0x7E,0x55,0x4E,0xC6,0x4E,0x54,0x54,0x4E,0xC6,0x4E,0x55,0x43,0x59,0xD4,0x58,0x58,
        0xD4,0x59,0x00,0x00,0x00,0x04,0x00,0x28,0xFF,0xF6,0x01,0x75,0x03,0x70,0x00,0x03,0x00,0x07,0x00,0x15,0x00,0x1F,0x00,0x00,0x13,0x37,0x33,0x07,0x33,0x37,0x33,0x07,
        0x03,0x22,0x26,0x35,0x11,0x34,0x36,0x33,0x32,0x16,0x15,0x11,0x14,0x06,0x27,0x32,0x35,0x11,0x34,0x23,0x22,0x15,0x11,0x14,0x58,0x47,0x52,0x60,0x4B,0x46,0x53,0x60,
        0x4D,0x4D,0x53,0x53,0x4D,0x4E,0x53,0x53,0x4E,0x53,0x53,0x52,0x02,0xF0,0x80,0x80,0x80,0x80,0xFD,0x06,0x5A,0x53,0x01,0x77,0x53,0x59,0x59,0x53,0xFE,0x89,0x53,0x5A,
        0x47,0x61,0x01,0x81,0x60,0x60,0xFE,0x7F,0x61,0x00,0x00,0x00,0x00,0x04,0x00,0x26,0xFF,0xF6,0x01,0x67,0x02,0xB5,0x00,0x03,0x00,0x07,0x00,0x15,0x00,0x1F,0x00,0x00,
        0x13,0x37,0x33,0x07,0x33,0x37,0x33,0x07,0x03,0x22,0x26,0x3D,0x01,0x34,0x36,0x33,0x32,0x16,0x1D,0x01,0x14,0x06,0x27,0x32,0x3D,0x01,0x34,0x23,0x22,0x1D,0x01,0x14,
        0x4A,0x47,0x52,0x60,0x4B,0x46,0x53,0x60,0x4D,0x48,0x4C,0x4C,0x48,0x47,0x4D,0x4D,0x47,0x48,0x48,0x49,0x02,0x35,0x80,0x80,0x80,0x80,0xFD,0xC1,0x55,0x4E,0xC6,0x4E,
        0x54,0x54,0x4E,0xC6,0x4E,0x55,0x43,0x59,0xD4,0x58,0x58,0xD4,0x59,0x00,0x00,0x00,0x00,0x02,0x00,0x28,0x00,0x00,0x02,0x37,0x02,0xBC,0x00,0x0F,0x00,0x19,0x00,0x00,
        0x33,0x22,0x35,0x11,0x34,0x33,0x21,0x15,0x23,0x15,0x33,0x15,0x23,0x11,0x33,0x15,0x25,0x33,0x11,0x23,0x22,0x06,0x15,0x11,0x14,0x16,0xC6,0x9E,0x9E,0x01,0x71,0xD1,
        0xAA,0xAA,0xD1,0xFE,0x91,0x50,0x50,0x2B,0x27,0x27,0xAA,0x01,0x68,0xAA,0x47,0xE4,0x47,0xFE,0xFD,0x47,0x47,0x02,0x2E,0x2C,0x33,0xFE,0x91,0x33,0x2D,0x00,0x00,0x00,
        0x00,0x03,0x00,0x26,0xFF,0xF6,0x02,0x2D,0x02,0x01,0x00,0x1E,0x00,0x26,0x00,0x2C,0x00,0x00,0x01,0x32,0x16,0x1D,0x01,0x23,0x15,0x14,0x33,0x32,0x3D,0x01,0x33,0x15,
        0x14,0x06,0x23,0x22,0x27,0x06,0x23,0x22,0x26,0x3D,0x01,0x34,0x36,0x33,0x32,0x17,0x36,0x03,0x35,0x34,0x22,0x1D,0x01,0x14,0x32,0x37,0x33,0x35,0x34,0x22,0x15,0x01,
        0x9F,0x44,0x4A,0xDE,0x4A,0x4C,0x48,0x4A,0x44,0x57,0x1F,0x1F,0x56,0x44,0x4A,0x4A,0x44,0x57,0x1E,0x1E,0x43,0x92,0x92,0x4B,0x94,0x94,0x02,0x01,0x54,0x4E,0x6F,0x5E,
        0x59,0x59,0x0F,0x08,0x4E,0x55,0x44,0x44,0x55,0x4E,0xC6,0x4E,0x54,0x43,0x43,0xFE,0x91,0xD4,0x58,0x58,0xD4,0x59,0xF5,0x38,0x58,0x58,0x00,0x00,0x00,0x03,0x00,0x30,
        0x00,0x00,0x01,0x72,0x03,0x70,0x00,0x03,0x00,0x1B,0x00,0x25,0x00,0x00,0x13,0x37,0x33,0x07,0x03,0x11,0x33,0x32,0x16,0x1D,0x01,0x14,0x07,0x15,0x16,0x1D,0x01,0x14,
        0x17,0x23,0x26,0x3D,0x01,0x34,0x26,0x2B,0x01,0x19,0x01,0x33,0x32,0x36,0x3D,0x01,0x34,0x26,0x2B,0x01,0x8E,0x47,0x57,0x60,0x9C,0x99,0x53,0x4B,0x51,0x52,0x0A,0x4F,
        0x09,0x2B,0x32,0x3F,0x3F,0x2F,0x2D,0x26,0x2C,0x49,0x02,0xF0,0x80,0x80,0xFD,0x10,0x02,0xBC,0x4D,0x52,0x2B,0x73,0x1A,0x01,0x15,0x7D,0x7D,0x39,0x1C,0x1E,0x37,0x81,
        0x38,0x2E,0xFE,0xC4,0x01,0x83,0x2D,0x33,0x32,0x33,0x2D,0x00,0x00,0x02,0x00,0x30,0x00,0x00,0x00,0xFC,0x02,0xB5,0x00,0x03,0x00,0x11,0x00,0x00,0x13,0x07,0x23,0x37,
        0x17,0x32,0x17,0x15,0x26,0x23,0x22,0x15,0x11,0x23,0x11,0x33,0x17,0x36,0xFB,0x60,0x3E,0x47,0x37,0x15,0x0C,0x0C,0x13,0x62,0x4B,0x41,0x01,0x19,0x02,0xB5,0x80,0x80,
        0xB4,0x06,0x4A,0x05,0x91,0xFE,0xDB,0x01,0xF7,0x53,0x5D,0x00,0x00,0x03,0x00,0x30,0xFF,0x48,0x01,0x72,0x02,0xBC,0x00,0x17,0x00,0x21,0x00,0x28,0x00,0x00,0x33,0x11,
        0x33,0x32,0x16,0x1D,0x01,0x14,0x07,0x15,0x16,0x1D,0x01,0x14,0x17,0x23,0x26,0x3D,0x01,0x34,0x26,0x2B,0x01,0x19,0x01,0x33,0x32,0x36,0x3D,0x01,0x34,0x26,0x2B,0x01,
        0x13,0x37,0x23,0x35,0x33,0x15,0x07,0x30,0x99,0x53,0x4B,0x51,0x52,0x0A,0x4F,0x09,0x2B,0x32,0x3F,0x3F,0x2F,0x2D,0x26,0x2C,0x49,0x30,0x20,0x22,0x4B,0x2C,0x02,0xBC,
        0x4D,0x52,0x2B,0x73,0x1A,0x01,0x15,0x7D,0x7D,0x39,0x1C,0x1E,0x37,0x81,0x38,0x2E,0xFE,0xC4,0x01,0x83,0x2D,0x33,0x32,0x33,0x2D,0xFC,0xD3,0x35,0x54,0x4D,0x3C,0x00,
        0x00,0x02,0x00,0x30,0xFF,0x48,0x00,0xFC,0x02,0x01,0x00,0x0D,0x00,0x14,0x00,0x00,0x13,0x32,0x17,0x15,0x26,0x23,0x22,0x15,0x11,0x23,0x11,0x33,0x17,0x36,0x03,0x35,
        0x33,0x15,0x07,0x23,0x37,0xDB,0x15,0x0C,0x0C,0x13,0x62,0x4B,0x41,0x01,0x19,0x5B,0x4B,0x2C,0x1D,0x20,0x02,0x01,0x06,0x4A,0x05,0x91,0xFE,0xDB,0x01,0xF7,0x53,0x5D,
        0xFD,0x7C,0x54,0x4D,0x3C,0x35,0x00,0x00,0x00,0x03,0x00,0x30,0x00,0x00,0x01,0x72,0x03,0x70,0x00,0x06,0x00,0x1E,0x00,0x28,0x00,0x00,0x13,0x27,0x33,0x17,0x37,0x33,
        0x07,0x03,0x11,0x33,0x32,0x16,0x1D,0x01,0x14,0x07,0x15,0x16,0x1D,0x01,0x14,0x17,0x23,0x26,0x3D,0x01,0x34,0x26,0x2B,0x01,0x19,0x01,0x33,0x32,0x36,0x3D,0x01,0x34,
        0x26,0x2B,0x01,0x98,0x4E,0x3E,0x37,0x38,0x3D,0x4D,0xB7,0x99,0x53,0x4B,0x51,0x52,0x0A,0x4F,0x09,0x2B,0x32,0x3F,0x3F,0x2F,0x2D,0x26,0x2C,0x49,0x02,0xF0,0x80,0x54,
        0x54,0x80,0xFD,0x10,0x02,0xBC,0x4D,0x52,0x2B,0x73,0x1A,0x01,0x15,0x7D,0x7D,0x39,0x1C,0x1E,0x37,0x81,0x38,0x2E,0xFE,0xC4,0x01,0x83,0x2D,0x33,0x32,0x33,0x2D,0x00,
        0x00,0x02,0x00,0x19,0x00,0x00,0x01,0x03,0x02,0xB5,0x00,0x06,0x00,0x14,0x00,0x00,0x13,0x23,0x27,0x33,0x17,0x37,0x33,0x03,0x36,0x33,0x32,0x17,0x15,0x26,0x23,0x22,
        0x15,0x11,0x23,0x11,0x33,0xB6,0x4F,0x4E,0x3E,0x37,0x38,0x3D,0x91,0x19,0x50,0x15,0x0C,0x0C,0x13,0x62,0x4B,0x41,0x02,0x35,0x80,0x54,0x54,0xFE,0xEF,0x5D,0x06,0x4A,
        0x05,0x91,0xFE,0xDB,0x01,0xF7,0x00,0x00,0x00,0x02,0x00,0x1C,0xFF,0xF6,0x01,0x57,0x03,0x70,0x00,0x03,0x00,0x26,0x00,0x00,0x13,0x37,0x33,0x07,0x12,0x22,0x26,0x3D,
        0x01,0x33,0x15,0x14,0x33,0x32,0x35,0x34,0x26,0x27,0x2E,0x01,0x35,0x34,0x36,0x32,0x16,0x1D,0x01,0x23,0x35,0x34,0x22,0x15,0x14,0x16,0x17,0x1E,0x01,0x15,0x14,0x87,
        0x47,0x57,0x60,0x3F,0x98,0x50,0x4A,0x51,0x52,0x2F,0x3D,0x48,0x39,0x52,0x96,0x4F,0x4A,0xA0,0x30,0x3F,0x48,0x37,0x02,0xF0,0x80,0x80,0xFD,0x06,0x58,0x52,0x27,0x2D,
        0x5D,0x5E,0x30,0x4A,0x33,0x3B,0x60,0x3C,0x4F,0x58,0x58,0x51,0x1C,0x21,0x5D,0x5B,0x2B,0x48,0x33,0x3C,0x61,0x40,0x52,0x00,0x00,0x02,0x00,0x1B,0xFF,0xF6,0x01,0x39,
        0x02,0xB5,0x00,0x03,0x00,0x2F,0x00,0x00,0x13,0x37,0x33,0x07,0x03,0x22,0x26,0x3D,0x01,0x33,0x15,0x14,0x32,0x35,0x34,0x2E,0x01,0x27,0x2E,0x03,0x35,0x34,0x36,0x33,
        0x32,0x16,0x1D,0x01,0x23,0x35,0x34,0x23,0x22,0x06,0x15,0x14,0x1E,0x01,0x17,0x1E,0x03,0x15,0x14,0x06,0x76,0x47,0x57,0x60,0x07,0x45,0x4D,0x49,0x8A,0x1B,0x20,0x1C,
        0x1E,0x1C,0x2A,0x13,0x48,0x40,0x3E,0x4A,0x47,0x40,0x1C,0x24,0x1C,0x20,0x1E,0x1C,0x1F,0x28,0x13,0x49,0x02,0x35,0x80,0x80,0xFD,0xC1,0x4D,0x44,0x11,0x13,0x4D,0x49,
        0x17,0x25,0x15,0x0E,0x10,0x12,0x26,0x32,0x21,0x3E,0x48,0x4B,0x41,0x0A,0x0C,0x49,0x23,0x21,0x18,0x27,0x14,0x0F,0x0E,0x14,0x25,0x31,0x20,0x41,0x4B,0x00,0x00,0x00,
        0x00,0x02,0x00,0x1C,0xFF,0xF6,0x01,0x57,0x03,0x70,0x00,0x06,0x00,0x29,0x00,0x00,0x13,0x37,0x33,0x17,0x23,0x27,0x07,0x12,0x22,0x26,0x3D,0x01,0x33,0x15,0x14,0x33,
        0x32,0x35,0x34,0x26,0x27,0x2E,0x01,0x35,0x34,0x36,0x32,0x16,0x1D,0x01,0x23,0x35,0x34,0x22,0x15,0x14,0x16,0x17,0x1E,0x01,0x15,0x14,0x43,0x4E,0x4F,0x4D,0x3D,0x38,
        0x37,0x83,0x98,0x50,0x4A,0x51,0x52,0x2F,0x3D,0x48,0x39,0x52,0x96,0x4F,0x4A,0xA0,0x30,0x3F,0x48,0x37,0x02,0xF0,0x80,0x80,0x54,0x54,0xFD,0x06,0x58,0x52,0x27,0x2D,
        0x5D,0x5E,0x30,0x4A,0x33,0x3B,0x60,0x3C,0x4F,0x58,0x58,0x51,0x1C,0x21,0x5D,0x5B,0x2B,0x48,0x33,0x3C,0x61,0x40,0x52,0x00,0x00,0x02,0x00,0x1B,0xFF,0xF6,0x01,0x39,
        0x02,0xB5,0x00,0x06,0x00,0x32,0x00,0x00,0x13,0x37,0x33,0x17,0x23,0x27,0x07,0x13,0x22,0x26,0x3D,0x01,0x33,0x15,0x14,0x32,0x35,0x34,0x2E,0x01,0x27,0x2E,0x03,0x35,
        0x34,0x36,0x33,0x32,0x16,0x1D,0x01,0x23,0x35,0x34,0x23,0x22,0x06,0x15,0x14,0x1E,0x01,0x17,0x1E,0x03,0x15,0x14,0x06,0x32,0x4E,0x4F,0x4D,0x3D,0x38,0x37,0x3D,0x45,
        0x4D,0x49,0x8A,0x1B,0x20,0x1C,0x1E,0x1C,0x2A,0x13,0x48,0x40,0x3E,0x4A,0x47,0x40,0x1C,0x24,0x1C,0x20,0x1E,0x1C,0x1F,0x28,0x13,0x49,0x02,0x35,0x80,0x80,0x54,0x54,
        0xFD,0xC1,0x4D,0x44,0x11,0x13,0x4D,0x49,0x17,0x25,0x15,0x0E,0x10,0x12,0x26,0x32,0x21,0x3E,0x48,0x4B,0x41,0x0A,0x0C,0x49,0x23,0x21,0x18,0x27,0x14,0x0F,0x0E,0x14,
        0x25,0x31,0x20,0x41,0x4B,0x00,0x00,0x00,0x00,0x01,0x00,0x1C,0xFF,0x65,0x01,0x57,0x02,0xC6,0x00,0x35,0x00,0x00,0x25,0x14,0x06,0x07,0x15,0x32,0x15,0x14,0x06,0x23,
        0x22,0x3D,0x01,0x33,0x15,0x14,0x33,0x32,0x34,0x2B,0x01,0x35,0x2E,0x01,0x3D,0x01,0x33,0x15,0x14,0x33,0x32,0x35,0x34,0x26,0x27,0x2E,0x01,0x35,0x34,0x36,0x32,0x16,
        0x1D,0x01,0x23,0x35,0x34,0x22,0x15,0x14,0x16,0x17,0x1E,0x01,0x01,0x57,0x48,0x43,0x43,0x2E,0x2E,0x59,0x38,0x20,0x24,0x27,0x0A,0x43,0x46,0x4A,0x51,0x52,0x2F,0x3D,
        0x48,0x39,0x52,0x96,0x4F,0x4A,0xA0,0x30,0x3F,0x48,0x37,0xA1,0x4C,0x58,0x06,0x23,0x32,0x24,0x19,0x3B,0x08,0x08,0x18,0x36,0x39,0x05,0x58,0x4C,0x27,0x2D,0x5D,0x5E,
        0x30,0x4A,0x33,0x3B,0x60,0x3C,0x4F,0x58,0x58,0x51,0x1C,0x21,0x5D,0x5B,0x2B,0x48,0x33,0x3C,0x61,0x00,0x00,0x01,0x00,0x1B,0xFF,0x65,0x01,0x39,0x02,0x01,0x00,0x3D,
        0x00,0x00,0x25,0x14,0x06,0x07,0x15,0x32,0x15,0x14,0x06,0x23,0x22,0x3D,0x01,0x33,0x15,0x14,0x33,0x32,0x34,0x2B,0x01,0x35,0x2E,0x01,0x3D,0x01,0x33,0x15,0x14,0x32,
        0x35,0x34,0x2E,0x01,0x27,0x2E,0x03,0x35,0x34,0x36,0x33,0x32,0x16,0x1D,0x01,0x23,0x35,0x34,0x23,0x22,0x06,0x15,0x14,0x1E,0x01,0x17,0x1E,0x03,0x01,0x39,0x40,0x3B,
        0x43,0x2E,0x2E,0x59,0x38,0x20,0x24,0x27,0x0A,0x3B,0x41,0x49,0x8A,0x1B,0x20,0x1C,0x1E,0x1C,0x2A,0x13,0x48,0x40,0x3E,0x4A,0x47,0x40,0x1C,0x24,0x1C,0x20,0x1E,0x1C,
        0x1F,0x28,0x13,0x82,0x3D,0x4A,0x04,0x23,0x32,0x24,0x19,0x3B,0x08,0x08,0x18,0x36,0x39,0x06,0x4C,0x3E,0x11,0x13,0x4D,0x49,0x17,0x25,0x15,0x0E,0x10,0x12,0x26,0x32,
        0x21,0x3E,0x48,0x4B,0x41,0x0A,0x0C,0x49,0x23,0x21,0x18,0x27,0x14,0x0F,0x0E,0x14,0x25,0x31,0x00,0x00,0x00,0x02,0x00,0x1C,0xFF,0xF6,0x01,0x57,0x03,0x70,0x00,0x06,
        0x00,0x29,0x00,0x00,0x13,0x27,0x33,0x17,0x37,0x33,0x07,0x12,0x22,0x26,0x3D,0x01,0x33,0x15,0x14,0x33,0x32,0x35,0x34,0x26,0x27,0x2E,0x01,0x35,0x34,0x36,0x32,0x16,
        0x1D,0x01,0x23,0x35,0x34,0x22,0x15,0x14,0x16,0x17,0x1E,0x01,0x15,0x14,0x91,0x4E,0x3E,0x37,0x38,0x3D,0x4D,0x24,0x98,0x50,0x4A,0x51,0x52,0x2F,0x3D,0x48,0x39,0x52,
        0x96,0x4F,0x4A,0xA0,0x30,0x3F,0x48,0x37,0x02,0xF0,0x80,0x54,0x54,0x80,0xFD,0x06,0x58,0x52,0x27,0x2D,0x5D,0x5E,0x30,0x4A,0x33,0x3B,0x60,0x3C,0x4F,0x58,0x58,0x51,
        0x1C,0x21,0x5D,0x5B,0x2B,0x48,0x33,0x3C,0x61,0x40,0x52,0x00,0x00,0x02,0x00,0x1B,0xFF,0xF6,0x01,0x39,0x02,0xB5,0x00,0x06,0x00,0x32,0x00,0x00,0x13,0x27,0x33,0x17,
        0x37,0x33,0x07,0x03,0x22,0x26,0x3D,0x01,0x33,0x15,0x14,0x32,0x35,0x34,0x2E,0x01,0x27,0x2E,0x03,0x35,0x34,0x36,0x33,0x32,0x16,0x1D,0x01,0x23,0x35,0x34,0x23,0x22,
        0x06,0x15,0x14,0x1E,0x01,0x17,0x1E,0x03,0x15,0x14,0x06,0x80,0x4E,0x3E,0x37,0x38,0x3D,0x4D,0x22,0x45,0x4D,0x49,0x8A,0x1B,0x20,0x1C,0x1E,0x1C,0x2A,0x13,0x48,0x40,
        0x3E,0x4A,0x47,0x40,0x1C,0x24,0x1C,0x20,0x1E,0x1C,0x1F,0x28,0x13,0x49,0x02,0x35,0x80,0x54,0x54,0x80,0xFD,0xC1,0x4D,0x44,0x11,0x13,0x4D,0x49,0x17,0x25,0x15,0x0E,
        0x10,0x12,0x26,0x32,0x21,0x3E,0x48,0x4B,0x41,0x0A,0x0C,0x49,0x23,0x21,0x18,0x27,0x14,0x0F,0x0E,0x14,0x25,0x31,0x20,0x41,0x4B,0x00,0x00,0x00,0x00,0x01,0x00,0x11,
        0xFF,0x65,0x01,0x57,0x02,0xBC,0x00,0x1A,0x00,0x00,0x33,0x23,0x15,0x32,0x15,0x14,0x06,0x23,0x22,0x3D,0x01,0x33,0x15,0x14,0x33,0x32,0x34,0x2B,0x01,0x35,0x23,0x11,
        0x23,0x35,0x21,0x15,0x23,0xDB,0x13,0x43,0x2E,0x2E,0x59,0x38,0x20,0x24,0x27,0x0A,0x14,0x7C,0x01,0x46,0x7C,0x2C,0x32,0x24,0x19,0x3B,0x08,0x08,0x18,0x36,0x42,0x02,
        0x75,0x47,0x47,0x00,0x00,0x01,0x00,0x10,0xFF,0x65,0x00,0xF5,0x02,0x88,0x00,0x28,0x00,0x00,0x13,0x23,0x11,0x14,0x16,0x33,0x32,0x37,0x15,0x06,0x23,0x22,0x27,0x15,
        0x32,0x15,0x14,0x06,0x23,0x22,0x3D,0x01,0x33,0x15,0x14,0x33,0x32,0x34,0x2B,0x01,0x35,0x26,0x35,0x11,0x23,0x35,0x33,0x37,0x33,0x15,0x33,0xF5,0x5B,0x16,0x1B,0x16,
        0x14,0x17,0x21,0x0A,0x05,0x43,0x2E,0x2E,0x59,0x38,0x20,0x24,0x27,0x0A,0x39,0x3E,0x41,0x08,0x41,0x5B,0x01,0xB7,0xFE,0xBA,0x1E,0x1A,0x08,0x41,0x0A,0x01,0x23,0x32,
        0x24,0x19,0x3B,0x08,0x08,0x18,0x36,0x41,0x17,0x53,0x01,0x4E,0x40,0x91,0x91,0x00,0x00,0x02,0x00,0x11,0x00,0x00,0x01,0x57,0x03,0x70,0x00,0x06,0x00,0x0E,0x00,0x00,
        0x13,0x27,0x33,0x17,0x37,0x33,0x07,0x03,0x11,0x23,0x35,0x21,0x15,0x23,0x11,0x8D,0x4E,0x3E,0x37,0x38,0x3D,0x4D,0x4F,0x7C,0x01,0x46,0x7C,0x02,0xF0,0x80,0x54,0x54,
        0x80,0xFD,0x10,0x02,0x75,0x47,0x47,0xFD,0x8B,0x00,0x00,0x00,0x00,0x02,0x00,0x10,0xFF,0xF6,0x01,0x06,0x02,0xDE,0x00,0x06,0x00,0x1B,0x00,0x00,0x13,0x33,0x15,0x07,
        0x23,0x37,0x23,0x27,0x15,0x33,0x15,0x23,0x11,0x14,0x16,0x33,0x32,0x37,0x15,0x06,0x23,0x22,0x35,0x11,0x23,0x35,0x33,0x37,0xBE,0x48,0x24,0x21,0x18,0x1B,0x24,0x5B,
        0x5B,0x16,0x1B,0x16,0x14,0x17,0x21,0x6F,0x3E,0x41,0x08,0x02,0xDE,0x57,0x65,0x5E,0x08,0x91,0x40,0xFE,0xBA,0x1E,0x1A,0x08,0x41,0x0A,0x73,0x01,0x4E,0x40,0x91,0x00,
        0x00,0x01,0x00,0x11,0x00,0x00,0x01,0x57,0x02,0xBC,0x00,0x0F,0x00,0x00,0x01,0x23,0x15,0x33,0x15,0x23,0x11,0x23,0x11,0x23,0x35,0x33,0x35,0x23,0x35,0x21,0x01,0x57,
        0x7C,0x53,0x53,0x4E,0x55,0x55,0x7C,0x01,0x46,0x02,0x75,0xE4,0x48,0xFE,0xB7,0x01,0x49,0x48,0xE4,0x47,0x00,0x01,0x00,0x10,0xFF,0xF6,0x00,0xF5,0x02,0x88,0x00,0x1C,
        0x00,0x00,0x13,0x23,0x15,0x33,0x15,0x23,0x15,0x14,0x16,0x33,0x32,0x37,0x15,0x06,0x23,0x22,0x3D,0x01,0x23,0x35,0x33,0x35,0x23,0x35,0x33,0x37,0x33,0x15,0x33,0xF5,
        0x5B,0x4A,0x4A,0x16,0x1B,0x16,0x14,0x17,0x21,0x6F,0x34,0x34,0x3E,0x41,0x08,0x41,0x5B,0x01,0xB7,0x98,0x36,0x78,0x1E,0x1A,0x08,0x41,0x0A,0x73,0x80,0x36,0x98,0x40,
        0x91,0x91,0x00,0x00,0x00,0x02,0x00,0x2C,0xFF,0xF6,0x01,0x68,0x03,0x63,0x00,0x11,0x00,0x20,0x00,0x00,0x13,0x27,0x36,0x33,0x32,0x17,0x16,0x33,0x32,0x37,0x17,0x06,
        0x23,0x22,0x27,0x26,0x23,0x22,0x13,0x22,0x26,0x35,0x11,0x33,0x11,0x14,0x32,0x35,0x11,0x33,0x11,0x14,0x06,0x7A,0x29,0x20,0x30,0x18,0x1D,0x15,0x0B,0x16,0x11,0x29,
        0x20,0x30,0x1A,0x1B,0x15,0x0B,0x17,0x40,0x4E,0x50,0x4E,0xA2,0x4C,0x51,0x02,0xFE,0x17,0x4A,0x15,0x0F,0x28,0x17,0x4A,0x15,0x0F,0xFC,0xD0,0x59,0x54,0x02,0x19,0xFD,
        0xE1,0x60,0x60,0x02,0x1F,0xFD,0xE7,0x54,0x59,0x00,0x00,0x00,0x00,0x02,0x00,0x2C,0xFF,0xF6,0x01,0x51,0x02,0xA8,0x00,0x11,0x00,0x22,0x00,0x00,0x13,0x22,0x07,0x27,
        0x36,0x33,0x32,0x17,0x16,0x33,0x32,0x37,0x17,0x06,0x23,0x22,0x27,0x26,0x17,0x33,0x11,0x23,0x27,0x06,0x23,0x22,0x35,0x11,0x33,0x11,0x14,0x33,0x32,0x36,0x35,0x96,
        0x17,0x10,0x29,0x20,0x30,0x18,0x1D,0x15,0x0B,0x16,0x11,0x29,0x20,0x30,0x1A,0x1B,0x15,0x65,0x4B,0x41,0x01,0x1F,0x50,0x74,0x4C,0x3F,0x23,0x2C,0x02,0x6B,0x28,0x17,
        0x4A,0x15,0x0F,0x28,0x17,0x4A,0x15,0x0F,0x74,0xFE,0x09,0x43,0x4D,0x92,0x01,0x6F,0xFE,0x9A,0x58,0x3A,0x36,0x00,0x00,0x00,0x00,0x02,0x00,0x2C,0xFF,0xF6,0x01,0x68,
        0x03,0x4E,0x00,0x03,0x00,0x12,0x00,0x00,0x13,0x35,0x33,0x15,0x03,0x22,0x26,0x35,0x11,0x33,0x11,0x14,0x32,0x35,0x11,0x33,0x11,0x14,0x06,0x60,0xD4,0x6A,0x4E,0x50,
        0x4E,0xA2,0x4C,0x51,0x03,0x13,0x3B,0x3B,0xFC,0xE3,0x59,0x54,0x02,0x19,0xFD,0xE1,0x60,0x60,0x02,0x1F,0xFD,0xE7,0x54,0x59,0x00,0x02,0x00,0x2C,0xFF,0xF6,0x01,0x51,
        0x02,0x93,0x00,0x03,0x00,0x14,0x00,0x00,0x01,0x15,0x23,0x35,0x17,0x33,0x11,0x23,0x27,0x06,0x23,0x22,0x35,0x11,0x33,0x11,0x14,0x33,0x32,0x36,0x35,0x01,0x29,0xD4,
        0xB1,0x4B,0x41,0x01,0x1F,0x50,0x74,0x4C,0x3F,0x23,0x2C,0x02,0x93,0x3B,0x3B,0x9C,0xFE,0x09,0x43,0x4D,0x92,0x01,0x6F,0xFE,0x9A,0x58,0x3A,0x36,0x00,0x02,0x00,0x2C,
        0xFF,0xF6,0x01,0x68,0x03,0x65,0x00,0x0A,0x00,0x19,0x00,0x00,0x12,0x22,0x26,0x27,0x33,0x16,0x33,0x32,0x37,0x33,0x06,0x03,0x22,0x26,0x35,0x11,0x33,0x11,0x14,0x32,
        0x35,0x11,0x33,0x11,0x14,0x06,0xFB,0x62,0x36,0x02,0x31,0x06,0x32,0x34,0x06,0x30,0x02,0x68,0x4E,0x50,0x4E,0xA2,0x4C,0x51,0x02,0xFB,0x37,0x33,0x35,0x35,0x32,0xFC,
        0xC3,0x59,0x54,0x02,0x19,0xFD,0xE1,0x60,0x60,0x02,0x1F,0xFD,0xE7,0x54,0x59,0x00,0x00,0x02,0x00,0x2C,0xFF,0xF6,0x01,0x51,0x02,0xAA,0x00,0x0A,0x00,0x1B,0x00,0x00,
        0x12,0x22,0x26,0x27,0x33,0x16,0x33,0x32,0x37,0x33,0x06,0x07,0x33,0x11,0x23,0x27,0x06,0x23,0x22,0x35,0x11,0x33,0x11,0x14,0x33,0x32,0x36,0x35,0xF0,0x62,0x36,0x02,
        0x31,0x06,0x32,0x34,0x06,0x30,0x02,0x21,0x4B,0x41,0x01,0x1F,0x50,0x74,0x4C,0x3F,0x23,0x2C,0x02,0x40,0x37,0x33,0x35,0x35,0x32,0x81,0xFE,0x09,0x43,0x4D,0x92,0x01,
        0x6F,0xFE,0x9A,0x58,0x3A,0x36,0x00,0x00,0x00,0x03,0x00,0x2C,0xFF,0xF6,0x01,0x68,0x03,0x8E,0x00,0x07,0x00,0x0F,0x00,0x1E,0x00,0x00,0x12,0x22,0x26,0x34,0x36,0x32,
        0x16,0x14,0x06,0x32,0x36,0x34,0x26,0x22,0x06,0x14,0x13,0x22,0x26,0x35,0x11,0x33,0x11,0x14,0x32,0x35,0x11,0x33,0x11,0x14,0x06,0xEC,0x44,0x2E,0x2E,0x44,0x2E,0x5F,
        0x1E,0x15,0x15,0x1E,0x14,0x23,0x4E,0x50,0x4E,0xA2,0x4C,0x51,0x02,0xF0,0x2E,0x42,0x2E,0x2E,0x42,0x04,0x15,0x20,0x16,0x16,0x20,0xFC,0xC7,0x59,0x54,0x02,0x19,0xFD,
        0xE1,0x60,0x60,0x02,0x1F,0xFD,0xE7,0x54,0x59,0x00,0x00,0x00,0x00,0x03,0x00,0x2C,0xFF,0xF6,0x01,0x51,0x02,0xD3,0x00,0x07,0x00,0x0F,0x00,0x20,0x00,0x00,0x12,0x22,
        0x26,0x34,0x36,0x32,0x16,0x14,0x26,0x22,0x06,0x14,0x16,0x32,0x36,0x34,0x17,0x33,0x11,0x23,0x27,0x06,0x23,0x22,0x35,0x11,0x33,0x11,0x14,0x33,0x32,0x36,0x35,0xE1,
        0x44,0x2E,0x2E,0x44,0x2E,0x41,0x1E,0x14,0x14,0x1E,0x15,0x23,0x4B,0x41,0x01,0x1F,0x50,0x74,0x4C,0x3F,0x23,0x2C,0x02,0x35,0x2E,0x42,0x2E,0x2E,0x42,0x47,0x16,0x20,
        0x15,0x15,0x20,0x9D,0xFE,0x09,0x43,0x4D,0x92,0x01,0x6F,0xFE,0x9A,0x58,0x3A,0x36,0x00,0x03,0x00,0x2C,0xFF,0xF6,0x01,0x77,0x03,0x70,0x00,0x03,0x00,0x07,0x00,0x16,
        0x00,0x00,0x13,0x37,0x33,0x07,0x33,0x37,0x33,0x07,0x03,0x22,0x26,0x35,0x11,0x33,0x11,0x14,0x32,0x35,0x11,0x33,0x11,0x14,0x06,0x5A,0x47,0x52,0x60,0x4B,0x46,0x53,
        0x60,0x4D,0x4E,0x50,0x4E,0xA2,0x4C,0x51,0x02,0xF0,0x80,0x80,0x80,0x80,0xFD,0x06,0x59,0x54,0x02,0x19,0xFD,0xE1,0x60,0x60,0x02,0x1F,0xFD,0xE7,0x54,0x59,0x00,0x00,
        0x00,0x03,0x00,0x2C,0xFF,0xF6,0x01,0x6C,0x02,0xB5,0x00,0x03,0x00,0x07,0x00,0x18,0x00,0x00,0x13,0x07,0x23,0x37,0x17,0x23,0x37,0x33,0x03,0x11,0x33,0x11,0x23,0x27,
        0x06,0x23,0x22,0x35,0x11,0x33,0x11,0x14,0x33,0x32,0x36,0xE8,0x60,0x39,0x47,0x76,0x39,0x46,0x53,0x66,0x4B,0x41,0x01,0x1F,0x50,0x74,0x4C,0x3F,0x23,0x2C,0x02,0xB5,
        0x80,0x80,0x80,0x80,0xFD,0xF4,0x01,0x4E,0xFE,0x09,0x43,0x4D,0x92,0x01,0x6F,0xFE,0x9A,0x58,0x3A,0x00,0x00,0x01,0x00,0x2C,0xFF,0x65,0x01,0x68,0x02,0xBC,0x00,0x1B,
        0x00,0x00,0x01,0x33,0x11,0x14,0x07,0x06,0x15,0x14,0x33,0x32,0x37,0x07,0x06,0x23,0x22,0x35,0x34,0x37,0x23,0x22,0x26,0x35,0x11,0x33,0x11,0x14,0x32,0x35,0x01,0x1C,
        0x4C,0x6C,0x22,0x2B,0x10,0x16,0x01,0x1C,0x1D,0x54,0x2E,0x01,0x4E,0x50,0x4E,0xA2,0x02,0xBC,0xFD,0xE7,0x8C,0x1B,0x1D,0x25,0x26,0x09,0x2D,0x0B,0x40,0x30,0x21,0x59,
        0x54,0x02,0x19,0xFD,0xE1,0x60,0x60,0x00,0x00,0x01,0x00,0x2C,0xFF,0x65,0x01,0x59,0x01,0xF7,0x00,0x1D,0x00,0x00,0x05,0x32,0x37,0x07,0x06,0x23,0x22,0x35,0x34,0x37,
        0x27,0x06,0x23,0x22,0x35,0x11,0x33,0x11,0x14,0x33,0x32,0x36,0x35,0x11,0x33,0x11,0x23,0x06,0x15,0x14,0x01,0x33,0x10,0x16,0x01,0x1C,0x1D,0x54,0x45,0x01,0x1F,0x50,
        0x74,0x4C,0x3F,0x23,0x2C,0x4B,0x1D,0x2C,0x6C,0x09,0x2D,0x0B,0x41,0x37,0x26,0x40,0x4D,0x92,0x01,0x6F,0xFE,0x9A,0x58,0x3A,0x36,0x01,0x4E,0xFE,0x09,0x22,0x24,0x26,
        0x00,0x02,0x00,0x14,0x00,0x00,0x02,0x1A,0x03,0x70,0x00,0x06,0x00,0x13,0x00,0x00,0x13,0x37,0x33,0x17,0x23,0x27,0x07,0x0B,0x01,0x33,0x1B,0x01,0x33,0x1B,0x01,0x33,
        0x03,0x23,0x0B,0x01,0xA2,0x4E,0x4F,0x4D,0x3D,0x38,0x37,0x76,0x56,0x4C,0x46,0x48,0x58,0x49,0x46,0x45,0x56,0x64,0x46,0x47,0x02,0xF0,0x80,0x80,0x54,0x54,0xFD,0x10,
        0x02,0xBC,0xFD,0xB0,0x02,0x50,0xFD,0xB0,0x02,0x50,0xFD,0x44,0x02,0x22,0xFD,0xDE,0x00,0x02,0x00,0x14,0x00,0x00,0x02,0x03,0x02,0xB5,0x00,0x06,0x00,0x13,0x00,0x00,
        0x13,0x37,0x33,0x17,0x23,0x27,0x07,0x0B,0x01,0x33,0x1B,0x01,0x33,0x1B,0x01,0x33,0x03,0x23,0x0B,0x01,0x97,0x4E,0x4F,0x4D,0x3D,0x38,0x37,0x6A,0x57,0x4A,0x46,0x43,
        0x4F,0x43,0x46,0x44,0x57,0x5C,0x42,0x42,0x02,0x35,0x80,0x80,0x54,0x54,0xFD,0xCB,0x01,0xF7,0xFE,0x71,0x01,0x8F,0xFE,0x71,0x01,0x8F,0xFE,0x09,0x01,0x6B,0xFE,0x95,
        0x00,0x02,0x00,0x0F,0x00,0x00,0x01,0x77,0x03,0x70,0x00,0x06,0x00,0x0F,0x00,0x00,0x13,0x37,0x33,0x17,0x23,0x27,0x07,0x13,0x11,0x03,0x33,0x1B,0x01,0x33,0x03,0x11,
        0x4E,0x4E,0x4F,0x4D,0x3D,0x38,0x37,0x10,0x8D,0x53,0x64,0x64,0x4D,0x8D,0x02,0xF0,0x80,0x80,0x54,0x54,0xFD,0x10,0x01,0x33,0x01,0x89,0xFE,0xDC,0x01,0x24,0xFE,0x77,
        0xFE,0xCD,0x00,0x00,0x00,0x02,0x00,0x11,0xFF,0x5B,0x01,0x51,0x02,0xB5,0x00,0x06,0x00,0x18,0x00,0x00,0x13,0x37,0x33,0x17,0x23,0x27,0x07,0x03,0x22,0x27,0x35,0x16,
        0x33,0x32,0x36,0x3F,0x01,0x03,0x33,0x1B,0x01,0x33,0x03,0x0E,0x01,0x3D,0x4E,0x4F,0x4D,0x3D,0x38,0x37,0x22,0x21,0x12,0x10,0x18,0x1B,0x19,0x07,0x0A,0x82,0x4D,0x5A,
        0x52,0x47,0x7F,0x0D,0x38,0x02,0x35,0x80,0x80,0x54,0x54,0xFD,0x26,0x0A,0x41,0x08,0x16,0x1E,0x24,0x02,0x01,0xFE,0x81,0x01,0x7F,0xFD,0xD0,0x3A,0x32,0x00,0x00,0x00,
        0x00,0x03,0x00,0x0F,0x00,0x00,0x01,0x77,0x03,0x66,0x00,0x03,0x00,0x07,0x00,0x10,0x00,0x00,0x13,0x35,0x33,0x15,0x33,0x35,0x33,0x15,0x03,0x11,0x03,0x33,0x1B,0x01,
        0x33,0x03,0x11,0x61,0x46,0x38,0x46,0x89,0x8D,0x53,0x64,0x64,0x4D,0x8D,0x02,0xFA,0x6C,0x6C,0x6C,0x6C,0xFD,0x06,0x01,0x33,0x01,0x89,0xFE,0xDC,0x01,0x24,0xFE,0x77,
        0xFE,0xCD,0x00,0x00,0x00,0x02,0x00,0x15,0x00,0x00,0x01,0x4C,0x03,0x70,0x00,0x03,0x00,0x0D,0x00,0x00,0x13,0x37,0x33,0x07,0x03,0x35,0x13,0x23,0x35,0x21,0x15,0x03,
        0x33,0x15,0x85,0x47,0x57,0x60,0xAE,0xE3,0xD9,0x01,0x2D,0xE3,0xE3,0x02,0xF0,0x80,0x80,0xFD,0x10,0x46,0x02,0x2F,0x47,0x45,0xFD,0xD0,0x47,0x00,0x00,0x02,0x00,0x18,
        0x00,0x00,0x01,0x2E,0x02,0xB5,0x00,0x03,0x00,0x0D,0x00,0x00,0x13,0x37,0x33,0x07,0x03,0x35,0x13,0x23,0x35,0x21,0x15,0x03,0x33,0x15,0x77,0x47,0x57,0x60,0x9D,0xC6,
        0xBC,0x01,0x0C,0xC6,0xC6,0x02,0x35,0x80,0x80,0xFD,0xCB,0x3F,0x01,0x78,0x40,0x3F,0xFE,0x89,0x41,0x00,0x00,0x02,0x00,0x15,0x00,0x00,0x01,0x4C,0x03,0x66,0x00,0x03,
        0x00,0x0D,0x00,0x00,0x13,0x35,0x33,0x15,0x03,0x35,0x13,0x23,0x35,0x21,0x15,0x03,0x33,0x15,0x91,0x4B,0xC7,0xE3,0xD9,0x01,0x2D,0xE3,0xE3,0x02,0xFA,0x6C,0x6C,0xFD,
        0x06,0x46,0x02,0x2F,0x47,0x45,0xFD,0xD0,0x47,0x00,0x00,0x00,0x00,0x02,0x00,0x18,0x00,0x00,0x01,0x2E,0x02,0xAB,0x00,0x03,0x00,0x0D,0x00,0x00,0x13,0x35,0x33,0x15,
        0x03,0x35,0x13,0x23,0x35,0x21,0x15,0x03,0x33,0x15,0x83,0x4B,0xB6,0xC6,0xBC,0x01,0x0C,0xC6,0xC6,0x02,0x3F,0x6C,0x6C,0xFD,0xC1,0x3F,0x01,0x78,0x40,0x3F,0xFE,0x89,
        0x41,0x00,0x00,0x00,0x00,0x02,0x00,0x15,0x00,0x00,0x01,0x4C,0x03,0x70,0x00,0x06,0x00,0x10,0x00,0x00,0x13,0x27,0x33,0x17,0x37,0x33,0x07,0x03,0x35,0x13,0x23,0x35,
        0x21,0x15,0x03,0x33,0x15,0x8F,0x4E,0x3E,0x37,0x38,0x3D,0x4D,0xC9,0xE3,0xD9,0x01,0x2D,0xE3,0xE3,0x02,0xF0,0x80,0x54,0x54,0x80,0xFD,0x10,0x46,0x02,0x2F,0x47,0x45,
        0xFD,0xD0,0x47,0x00,0x00,0x02,0x00,0x18,0x00,0x00,0x01,0x2E,0x02,0xB5,0x00,0x06,0x00,0x10,0x00,0x00,0x13,0x27,0x33,0x17,0x37,0x33,0x07,0x03,0x35,0x13,0x23,0x35,
        0x21,0x15,0x03,0x33,0x15,0x81,0x4E,0x3E,0x37,0x38,0x3D,0x4D,0xB8,0xC6,0xBC,0x01,0x0C,0xC6,0xC6,0x02,0x35,0x80,0x54,0x54,0x80,0xFD,0xCB,0x3F,0x01,0x78,0x40,0x3F,
        0xFE,0x89,0x41,0x00,0x00,0x03,0x00,0x18,0xFF,0xC9,0x01,0x74,0x02,0xE9,0x00,0x1F,0x00,0x29,0x00,0x33,0x00,0x00,0x01,0x16,0x1D,0x01,0x14,0x07,0x15,0x23,0x35,0x23,
        0x15,0x23,0x35,0x23,0x35,0x33,0x11,0x23,0x35,0x33,0x35,0x33,0x15,0x33,0x35,0x33,0x15,0x16,0x1D,0x01,0x14,0x07,0x37,0x34,0x26,0x2B,0x01,0x15,0x33,0x32,0x36,0x35,
        0x13,0x35,0x34,0x26,0x2B,0x01,0x15,0x33,0x32,0x36,0x01,0x1A,0x5A,0x6A,0x34,0x41,0x34,0x49,0x2B,0x2B,0x49,0x34,0x41,0x34,0x5F,0x4F,0x01,0x26,0x2C,0x38,0x2E,0x2F,
        0x2D,0x0B,0x2D,0x36,0x32,0x42,0x2B,0x28,0x01,0x68,0x1C,0x79,0x17,0x85,0x18,0x56,0x50,0x50,0x50,0x47,0x01,0xFC,0x47,0x46,0x46,0x46,0x4D,0x18,0x7D,0x0F,0x71,0x1D,
        0x92,0x33,0x2D,0xD5,0x2D,0x33,0xFE,0xD7,0x19,0x39,0x30,0xE0,0x2C,0x00,0x00,0x00,0x00,0x03,0x00,0x0F,0x00,0x00,0x02,0x30,0x03,0x70,0x00,0x03,0x00,0x13,0x00,0x16,
        0x00,0x00,0x01,0x07,0x23,0x37,0x17,0x23,0x15,0x33,0x15,0x23,0x11,0x33,0x15,0x21,0x35,0x23,0x07,0x23,0x13,0x21,0x01,0x33,0x11,0x01,0x94,0x60,0x3E,0x47,0xF3,0xD0,
        0xA9,0xA9,0xD0,0xFE,0xE2,0x8B,0x2D,0x4B,0xD9,0x01,0x48,0xFE,0x6C,0x76,0x03,0x70,0x80,0x80,0xFB,0xE4,0x47,0xFE,0xFD,0x47,0x95,0x95,0x02,0xBC,0xFE,0x1D,0x01,0x84,
        0x00,0x04,0x00,0x1A,0xFF,0xF6,0x02,0x20,0x02,0xB5,0x00,0x03,0x00,0x2F,0x00,0x36,0x00,0x40,0x00,0x00,0x01,0x07,0x23,0x37,0x13,0x23,0x15,0x14,0x33,0x32,0x3D,0x01,
        0x33,0x15,0x14,0x06,0x23,0x22,0x27,0x06,0x23,0x22,0x26,0x34,0x36,0x37,0x3E,0x01,0x3D,0x01,0x34,0x23,0x22,0x06,0x1D,0x01,0x23,0x35,0x34,0x36,0x33,0x32,0x17,0x36,
        0x33,0x32,0x16,0x15,0x27,0x22,0x1D,0x01,0x33,0x35,0x34,0x01,0x32,0x36,0x3D,0x01,0x06,0x07,0x06,0x15,0x14,0x01,0x8F,0x60,0x3E,0x47,0xE8,0xDE,0x4A,0x4B,0x49,0x4D,
        0x48,0x5B,0x25,0x23,0x55,0x38,0x41,0x39,0x44,0x3F,0x20,0x40,0x21,0x26,0x47,0x49,0x3F,0x54,0x1B,0x1F,0x53,0x44,0x4B,0x95,0x49,0x94,0xFE,0xCE,0x27,0x2B,0x0C,0x3D,
        0x47,0x02,0xB5,0x80,0x80,0xFE,0x3B,0x5E,0x59,0x59,0x0F,0x08,0x4E,0x55,0x42,0x42,0x42,0x74,0x4B,0x20,0x1D,0x1C,0x19,0x0C,0x4B,0x28,0x25,0x0F,0x0B,0x46,0x4C,0x3D,
        0x3D,0x54,0x4E,0x5F,0x58,0x38,0x38,0x58,0xFE,0x7A,0x3B,0x36,0x66,0x10,0x1F,0x24,0x3F,0x45,0x00,0x00,0x00,0x04,0x00,0x21,0xFF,0xE6,0x01,0x6F,0x03,0x70,0x00,0x03,
        0x00,0x19,0x00,0x1F,0x00,0x25,0x00,0x00,0x01,0x07,0x23,0x37,0x17,0x07,0x16,0x15,0x11,0x14,0x06,0x23,0x22,0x27,0x07,0x27,0x37,0x26,0x35,0x11,0x34,0x36,0x33,0x32,
        0x17,0x37,0x07,0x11,0x13,0x26,0x23,0x22,0x13,0x11,0x03,0x16,0x33,0x32,0x01,0x35,0x60,0x3E,0x47,0x91,0x1B,0x15,0x53,0x4E,0x40,0x28,0x13,0x2C,0x1C,0x15,0x53,0x4D,
        0x3F,0x2A,0x12,0xCD,0x9B,0x13,0x36,0x52,0xA5,0x9B,0x13,0x35,0x53,0x03,0x70,0x80,0x80,0xAD,0x45,0x28,0x3C,0xFE,0x89,0x53,0x5A,0x20,0x30,0x13,0x47,0x27,0x3C,0x01,
        0x77,0x53,0x59,0x1F,0x2F,0xB7,0xFE,0xB1,0x01,0x87,0x28,0xFE,0x1F,0x01,0x51,0xFE,0x78,0x2A,0x00,0x00,0x00,0x04,0x00,0x26,0xFF,0xE4,0x01,0x4E,0x02,0xB5,0x00,0x03,
        0x00,0x19,0x00,0x1F,0x00,0x25,0x00,0x00,0x01,0x07,0x23,0x37,0x17,0x16,0x1D,0x01,0x14,0x06,0x23,0x22,0x27,0x07,0x27,0x37,0x26,0x3D,0x01,0x34,0x36,0x33,0x32,0x17,
        0x37,0x17,0x07,0x15,0x13,0x26,0x23,0x22,0x13,0x32,0x3D,0x01,0x03,0x16,0x01,0x27,0x60,0x3E,0x47,0x62,0x1C,0x4D,0x47,0x36,0x22,0x14,0x26,0x1A,0x1C,0x4C,0x48,0x35,
        0x23,0x14,0x26,0xDB,0x81,0x11,0x27,0x49,0x49,0x48,0x81,0x13,0x02,0xB5,0x80,0x80,0xEB,0x2A,0x41,0xC6,0x4E,0x55,0x18,0x2A,0x13,0x37,0x28,0x43,0xC6,0x4E,0x54,0x17,
        0x2A,0x13,0x9B,0xD4,0x01,0x13,0x19,0xFE,0x7B,0x59,0xD1,0xFE,0xEF,0x19,0x00,0x00,0x00,0x02,0x00,0x1C,0xFF,0x48,0x01,0x57,0x02,0xC6,0x00,0x22,0x00,0x29,0x00,0x00,
        0x04,0x22,0x26,0x3D,0x01,0x33,0x15,0x14,0x33,0x32,0x35,0x34,0x26,0x27,0x2E,0x01,0x35,0x34,0x36,0x32,0x16,0x1D,0x01,0x23,0x35,0x34,0x22,0x15,0x14,0x16,0x17,0x1E,
        0x01,0x15,0x14,0x03,0x37,0x23,0x35,0x33,0x15,0x07,0x01,0x04,0x98,0x50,0x4A,0x51,0x52,0x2F,0x3D,0x48,0x39,0x52,0x96,0x4F,0x4A,0xA0,0x30,0x3F,0x48,0x37,0xC2,0x20,
        0x22,0x4B,0x2C,0x0A,0x58,0x52,0x27,0x2D,0x5D,0x5E,0x30,0x4A,0x33,0x3B,0x60,0x3C,0x4F,0x58,0x58,0x51,0x1C,0x21,0x5D,0x5B,0x2B,0x48,0x33,0x3C,0x61,0x40,0x52,0xFE,
        0xF9,0x35,0x54,0x4D,0x3C,0x00,0x00,0x00,0x00,0x02,0x00,0x1B,0xFF,0x48,0x01,0x39,0x02,0x01,0x00,0x2B,0x00,0x32,0x00,0x00,0x17,0x22,0x26,0x3D,0x01,0x33,0x15,0x14,
        0x32,0x35,0x34,0x2E,0x01,0x27,0x2E,0x03,0x35,0x34,0x36,0x33,0x32,0x16,0x1D,0x01,0x23,0x35,0x34,0x23,0x22,0x06,0x15,0x14,0x1E,0x01,0x17,0x1E,0x03,0x15,0x14,0x06,
        0x07,0x37,0x23,0x35,0x33,0x15,0x07,0xAD,0x45,0x4D,0x49,0x8A,0x1B,0x20,0x1C,0x1E,0x1C,0x2A,0x13,0x48,0x40,0x3E,0x4A,0x47,0x40,0x1C,0x24,0x1C,0x20,0x1E,0x1C,0x1F,
        0x28,0x13,0x49,0x69,0x20,0x22,0x4B,0x2C,0x0A,0x4D,0x44,0x11,0x13,0x4D,0x49,0x17,0x25,0x15,0x0E,0x10,0x12,0x26,0x32,0x21,0x3E,0x48,0x4B,0x41,0x0A,0x0C,0x49,0x23,
        0x21,0x18,0x27,0x14,0x0F,0x0E,0x14,0x25,0x31,0x20,0x41,0x4B,0xAE,0x35,0x54,0x4D,0x3C,0x00,0x00,0x00,0x00,0x02,0x00,0x11,0xFF,0x48,0x01,0x57,0x02,0xBC,0x00,0x07,
        0x00,0x0E,0x00,0x00,0x33,0x11,0x23,0x35,0x21,0x15,0x23,0x11,0x07,0x37,0x23,0x35,0x33,0x15,0x07,0x8D,0x7C,0x01,0x46,0x7C,0x4A,0x20,0x22,0x4B,0x2C,0x02,0x75,0x47,
        0x47,0xFD,0x8B,0xB8,0x35,0x54,0x4D,0x3C,0x00,0x02,0x00,0x10,0xFF,0x48,0x00,0xF5,0x02,0x88,0x00,0x14,0x00,0x1B,0x00,0x00,0x13,0x23,0x11,0x14,0x16,0x33,0x32,0x37,
        0x15,0x06,0x23,0x22,0x35,0x11,0x23,0x35,0x33,0x37,0x33,0x15,0x33,0x03,0x35,0x33,0x15,0x07,0x23,0x37,0xF5,0x5B,0x16,0x1B,0x16,0x14,0x17,0x21,0x6F,0x3E,0x41,0x08,
        0x41,0x5B,0x80,0x4B,0x2C,0x1D,0x20,0x01,0xB7,0xFE,0xBA,0x1E,0x1A,0x08,0x41,0x0A,0x73,0x01,0x4E,0x40,0x91,0x91,0xFD,0x86,0x54,0x4D,0x3C,0x35,0x00,0x01,0xFF,0xEE,
        0xFF,0x5B,0x00,0x7B,0x01,0xF7,0x00,0x0C,0x00,0x00,0x17,0x22,0x27,0x35,0x16,0x33,0x32,0x36,0x35,0x11,0x33,0x11,0x14,0x1E,0x1C,0x14,0x13,0x0F,0x11,0x0F,0x4B,0xA5,
        0x0A,0x40,0x07,0x11,0x15,0x02,0x33,0xFD,0xC7,0x63,0x00,0x00,0x00,0x01,0xFF,0xDA,0x02,0x00,0x00,0x26,0x02,0xBC,0x00,0x06,0x00,0x00,0x03,0x37,0x23,0x35,0x33,0x15,
        0x07,0x22,0x19,0x1D,0x4C,0x28,0x02,0x00,0x5B,0x61,0x59,0x63,0x00,0x01,0x00,0x85,0x02,0x35,0x01,0x6F,0x02,0xB5,0x00,0x06,0x00,0x00,0x13,0x37,0x33,0x17,0x23,0x27,
        0x07,0x85,0x4E,0x4F,0x4D,0x3D,0x38,0x37,0x02,0x35,0x80,0x80,0x54,0x54,0x00,0x00,0x00,0x01,0x00,0x85,0x02,0x35,0x01,0x6F,0x02,0xB5,0x00,0x06,0x00,0x00,0x13,0x27,
        0x33,0x17,0x37,0x33,0x07,0xD3,0x4E,0x3E,0x37,0x38,0x3D,0x4D,0x02,0x35,0x80,0x54,0x54,0x80,0x00,0x00,0x00,0x01,0x00,0x90,0x02,0x58,0x01,0x64,0x02,0x93,0x00,0x03,
        0x00,0x00,0x13,0x35,0x33,0x15,0x90,0xD4,0x02,0x58,0x3B,0x3B,0x00,0x01,0x00,0x91,0x02,0x40,0x01,0x64,0x02,0xAA,0x00,0x0A,0x00,0x00,0x00,0x22,0x26,0x27,0x33,0x16,
        0x33,0x32,0x37,0x33,0x06,0x01,0x2B,0x62,0x36,0x02,0x31,0x06,0x32,0x34,0x06,0x30,0x02,0x02,0x40,0x37,0x33,0x35,0x35,0x32,0x00,0x01,0x00,0xD5,0x02,0x3F,0x01,0x20,
        0x02,0xAB,0x00,0x03,0x00,0x00,0x13,0x35,0x33,0x15,0xD5,0x4B,0x02,0x3F,0x6C,0x6C,0x00,0x02,0x00,0xAA,0x02,0x35,0x01,0x4A,0x02,0xD3,0x00,0x07,0x00,0x0F,0x00,0x00,
        0x00,0x22,0x26,0x34,0x36,0x32,0x16,0x14,0x06,0x32,0x36,0x34,0x26,0x22,0x06,0x14,0x01,0x1C,0x44,0x2E,0x2E,0x44,0x2E,0x5F,0x1E,0x15,0x15,0x1E,0x14,0x02,0x35,0x2E,
        0x42,0x2E,0x2E,0x42,0x04,0x15,0x20,0x16,0x16,0x20,0x00,0x00,0x00,0x01,0x00,0xB4,0xFF,0x65,0x01,0x42,0x00,0x04,0x00,0x0D,0x00,0x00,0x05,0x22,0x35,0x34,0x37,0x33,
        0x06,0x15,0x14,0x33,0x32,0x37,0x07,0x06,0x01,0x08,0x54,0x44,0x26,0x2D,0x2B,0x10,0x16,0x01,0x1B,0x9B,0x40,0x39,0x26,0x1F,0x2B,0x26,0x09,0x2D,0x0B,0x00,0x00,0x00,
        0x00,0x01,0x00,0x81,0x02,0x43,0x01,0x76,0x02,0xA8,0x00,0x11,0x00,0x00,0x13,0x27,0x36,0x33,0x32,0x17,0x16,0x33,0x32,0x37,0x17,0x06,0x23,0x22,0x27,0x26,0x23,0x22,
        0xAA,0x29,0x20,0x30,0x18,0x1D,0x15,0x0B,0x16,0x11,0x29,0x20,0x30,0x1A,0x1B,0x15,0x0B,0x17,0x02,0x43,0x17,0x4A,0x15,0x0F,0x28,0x17,0x4A,0x15,0x0F,0x00,0x00,0x00,
        0x00,0x02,0x00,0x8A,0x02,0x35,0x01,0xA7,0x02,0xB5,0x00,0x03,0x00,0x07,0x00,0x00,0x13,0x37,0x33,0x07,0x33,0x37,0x33,0x07,0x8A,0x47,0x52,0x60,0x4B,0x46,0x53,0x60,
        0x02,0x35,0x80,0x80,0x80,0x80,0x00,0x00,0x00,0x01,0xFF,0x93,0x02,0x35,0x00,0x31,0x02,0xB5,0x00,0x03,0x00,0x00,0x03,0x27,0x33,0x17,0x0D,0x60,0x57,0x47,0x02,0x35,
        0x80,0x80,0x00,0x00,0x00,0x01,0xFF,0xCF,0x02,0x35,0x00,0x6D,0x02,0xB5,0x00,0x03,0x00,0x00,0x03,0x37,0x33,0x07,0x31,0x47,0x57,0x60,0x02,0x35,0x80,0x80,0x00,0x00,
        0x00,0x01,0xFF,0x8B,0x02,0x35,0x00,0x75,0x02,0xB5,0x00,0x06,0x00,0x00,0x03,0x37,0x33,0x17,0x23,0x27,0x07,0x75,0x4D,0x50,0x4D,0x3D,0x38,0x38,0x02,0x35,0x80,0x80,
        0x54,0x54,0x00,0x00,0x00,0x01,0xFF,0x86,0x02,0x43,0x00,0x7C,0x02,0xA8,0x00,0x11,0x00,0x00,0x03,0x27,0x36,0x33,0x32,0x17,0x16,0x33,0x32,0x37,0x17,0x06,0x23,0x22,
        0x27,0x26,0x23,0x22,0x51,0x29,0x21,0x2F,0x16,0x20,0x15,0x0B,0x16,0x11,0x29,0x20,0x30,0x19,0x1D,0x13,0x0D,0x17,0x02,0x43,0x17,0x4A,0x15,0x0F,0x28,0x17,0x4A,0x15,
        0x0F,0x00,0x00,0x00,0x00,0x01,0xFF,0x96,0x02,0x58,0x00,0x6A,0x02,0x93,0x00,0x03,0x00,0x00,0x03,0x35,0x33,0x15,0x6A,0xD4,0x02,0x58,0x3B,0x3B,0x00,0x01,0xFF,0x97,
        0x02,0x40,0x00,0x6A,0x02,0xAA,0x00,0x0A,0x00,0x00,0x11,0x22,0x26,0x27,0x33,0x16,0x32,0x37,0x33,0x0E,0x01,0x32,0x35,0x02,0x31,0x04,0x68,0x06,0x30,0x02,0x37,0x02,
        0x40,0x37,0x33,0x35,0x35,0x32,0x38,0x00,0x00,0x01,0xFF,0xDA,0x02,0x3F,0x00,0x26,0x02,0xAB,0x00,0x03,0x00,0x00,0x03,0x35,0x33,0x15,0x26,0x4C,0x02,0x3F,0x6C,0x6C,
        0x00,0x02,0xFF,0x9E,0x02,0x3F,0x00,0x62,0x02,0xAB,0x00,0x03,0x00,0x07,0x00,0x00,0x03,0x35,0x33,0x15,0x33,0x35,0x33,0x15,0x62,0x46,0x38,0x46,0x02,0x3F,0x6C,0x6C,
        0x6C,0x6C,0x00,0x00,0x00,0x02,0xFF,0xB0,0x02,0x35,0x00,0x50,0x02,0xD3,0x00,0x07,0x00,0x0F,0x00,0x00,0x12,0x22,0x26,0x34,0x36,0x32,0x16,0x14,0x06,0x32,0x36,0x34,
        0x26,0x22,0x06,0x14,0x22,0x44,0x2E,0x2E,0x44,0x2E,0x5F,0x1E,0x15,0x15,0x1E,0x15,0x02,0x35,0x2E,0x42,0x2E,0x2E,0x42,0x04,0x15,0x20,0x16,0x16,0x20,0x00,0x00,0x00,
        0x00,0x02,0xFF,0x90,0x02,0x35,0x00,0xAD,0x02,0xB5,0x00,0x03,0x00,0x07,0x00,0x00,0x03,0x37,0x33,0x07,0x33,0x37,0x33,0x07,0x70,0x46,0x53,0x60,0x4B,0x46,0x53,0x60,
        0x02,0x35,0x80,0x80,0x80,0x80,0x00,0x00,0x00,0x01,0xFF,0x8B,0x02,0x35,0x00,0x75,0x02,0xB5,0x00,0x06,0x00,0x00,0x03,0x27,0x33,0x17,0x37,0x33,0x07,0x28,0x4D,0x3D,
        0x38,0x38,0x3D,0x4D,0x02,0x35,0x80,0x54,0x54,0x80,0x00,0x00,0x00,0x01,0xFF,0xDA,0x02,0x3F,0x00,0x26,0x02,0xC9,0x00,0x06,0x00,0x00,0x03,0x35,0x37,0x33,0x07,0x33,
        0x15,0x26,0x29,0x1D,0x1D,0x23,0x02,0x3F,0x4E,0x3C,0x35,0x55,0x00,0x01,0xFF,0xDA,0xFF,0x48,0x00,0x26,0xFF,0xD1,0x00,0x06,0x00,0x00,0x07,0x37,0x23,0x35,0x33,0x15,
        0x07,0x24,0x21,0x23,0x4C,0x2D,0xB8,0x35,0x54,0x4D,0x3C,0x00,0x00,0x01,0xFF,0xA2,0xFF,0x65,0x00,0x57,0x00,0x0A,0x00,0x12,0x00,0x00,0x07,0x22,0x3D,0x01,0x33,0x15,
        0x14,0x33,0x32,0x34,0x2B,0x01,0x35,0x33,0x15,0x32,0x15,0x14,0x06,0x06,0x58,0x37,0x20,0x25,0x28,0x09,0x27,0x43,0x2E,0x9B,0x3B,0x08,0x08,0x18,0x36,0x4C,0x36,0x32,
        0x24,0x19,0x00,0x00,0x00,0x01,0xFF,0xB9,0xFF,0x65,0x00,0x48,0x00,0x04,0x00,0x0D,0x00,0x00,0x17,0x22,0x35,0x34,0x37,0x33,0x06,0x15,0x14,0x33,0x32,0x37,0x07,0x06,
        0x0E,0x55,0x44,0x27,0x2D,0x2B,0x10,0x16,0x01,0x1B,0x9B,0x40,0x38,0x27,0x1F,0x2B,0x26,0x09,0x2D,0x0B,0x00,0x01,0xFF,0x9B,0x01,0x3C,0x00,0x65,0x01,0x80,0x00,0x03,
        0x00,0x00,0x03,0x35,0x33,0x15,0x65,0xCA,0x01,0x3C,0x44,0x44,0x00,0x01,0xFF,0x35,0x01,0x3E,0x00,0xCB,0x01,0x7E,0x00,0x03,0x00,0x00,0x03,0x35,0x21,0x15,0xCB,0x01,
        0x96,0x01,0x3E,0x40,0x40,0x00,0x00,0x00,0x00,0x01,0xFF,0x6E,0xFF,0xE4,0x00,0x92,0x02,0x14,0x00,0x03,0x00,0x00,0x07,0x27,0x13,0x17,0x6C,0x26,0xFE,0x26,0x1C,0x13,
        0x02,0x1D,0x13,0x00,0x00,0x01,0xFF,0x59,0xFF,0xE6,0x00,0xA7,0x02,0xD6,0x00,0x03,0x00,0x00,0x07,0x27,0x01,0x17,0x7B,0x2C,0x01,0x22,0x2C,0x1A,0x13,0x02,0xDD,0x13,
        0x00,0x02,0x00,0x11,0x00,0x00,0x01,0x7F,0x02,0xBC,0x00,0x03,0x00,0x06,0x00,0x00,0x33,0x13,0x33,0x13,0x25,0x33,0x03,0x11,0x82,0x69,0x83,0xFE,0xE6,0xBF,0x60,0x02,
        0xBC,0xFD,0x44,0x47,0x02,0x17,0x00,0x00,0x00,0x01,0x00,0x26,0x00,0x00,0x01,0x67,0x02,0xC6,0x00,0x20,0x00,0x00,0x33,0x35,0x33,0x2E,0x01,0x3D,0x01,0x34,0x36,0x32,
        0x16,0x1D,0x01,0x14,0x06,0x07,0x33,0x15,0x23,0x35,0x3E,0x01,0x35,0x11,0x34,0x23,0x22,0x15,0x11,0x14,0x16,0x17,0x15,0x26,0x57,0x30,0x27,0x53,0x9A,0x54,0x28,0x2F,
        0x57,0x8E,0x24,0x1C,0x53,0x52,0x1C,0x23,0x47,0x32,0x6F,0x56,0xDC,0x53,0x59,0x59,0x53,0xDC,0x55,0x6F,0x33,0x47,0x47,0x2E,0x60,0x49,0x01,0x01,0x60,0x60,0xFE,0xFF,
        0x49,0x60,0x2E,0x47,0x00,0x01,0x00,0x30,0xFF,0x65,0x01,0x55,0x01,0xF7,0x00,0x12,0x00,0x00,0x01,0x33,0x11,0x23,0x27,0x06,0x23,0x22,0x27,0x15,0x23,0x11,0x33,0x11,
        0x14,0x33,0x32,0x36,0x35,0x01,0x09,0x4C,0x42,0x01,0x1F,0x50,0x14,0x14,0x4B,0x4B,0x3F,0x24,0x2B,0x01,0xF7,0xFE,0x09,0x41,0x4B,0x05,0x96,0x02,0x92,0xFE,0x9A,0x58,
        0x39,0x37,0x00,0x00,0x00,0x01,0x00,0x12,0x00,0x00,0x01,0xA5,0x01,0xF7,0x00,0x0B,0x00,0x00,0x33,0x11,0x23,0x35,0x21,0x15,0x23,0x11,0x23,0x11,0x23,0x11,0x52,0x40,
        0x01,0x93,0x40,0x4B,0x7D,0x01,0xB7,0x40,0x40,0xFE,0x49,0x01,0xB7,0xFE,0x49,0x00,0x00,0x03,0x00,0x30,0x00,0x00,0x01,0x4F,0x03,0x66,0x00,0x03,0x00,0x07,0x00,0x13,
        0x00,0x00,0x13,0x35,0x33,0x15,0x33,0x35,0x33,0x15,0x03,0x11,0x21,0x15,0x23,0x15,0x33,0x15,0x23,0x11,0x33,0x15,0x5D,0x46,0x38,0x46,0xF1,0x01,0x1F,0xD1,0xAA,0xAA,
        0xD1,0x02,0xFA,0x6C,0x6C,0x6C,0x6C,0xFD,0x06,0x02,0xBC,0x47,0xE4,0x47,0xFE,0xFD,0x47,0x00,0x00,0x00,0x00,0x01,0x00,0x28,0xFF,0xF6,0x01,0x64,0x02,0xC6,0x00,0x21,
        0x00,0x00,0x01,0x23,0x35,0x34,0x26,0x22,0x06,0x1D,0x01,0x33,0x15,0x23,0x15,0x14,0x16,0x32,0x36,0x3D,0x01,0x33,0x15,0x14,0x06,0x23,0x22,0x26,0x35,0x11,0x34,0x36,
        0x33,0x32,0x16,0x15,0x01,0x64,0x4A,0x2C,0x4C,0x2C,0x83,0x83,0x2C,0x4C,0x2C,0x4A,0x52,0x4C,0x4B,0x53,0x53,0x4B,0x4C,0x52,0x01,0xF8,0x2C,0x2C,0x2F,0x2F,0x2C,0x93,
        0x47,0xB2,0x2C,0x2F,0x2F,0x2C,0x3E,0x39,0x4F,0x58,0x58,0x4F,0x01,0x82,0x4F,0x58,0x58,0x4F,0x00,0x00,0x00,0x01,0x00,0x30,0x00,0x00,0x00,0x7E,0x02,0xBC,0x00,0x03,
        0x00,0x00,0x33,0x11,0x33,0x11,0x30,0x4E,0x02,0xBC,0xFD,0x44,0x00,0x03,0xFF,0xF5,0x00,0x00,0x00,0xB9,0x03,0x66,0x00,0x03,0x00,0x07,0x00,0x0B,0x00,0x00,0x03,0x35,
        0x33,0x15,0x33,0x35,0x33,0x15,0x03,0x11,0x33,0x11,0x0B,0x46,0x38,0x46,0x89,0x4E,0x02,0xFA,0x6C,0x6C,0x6C,0x6C,0xFD,0x06,0x02,0xBC,0xFD,0x44,0x00,0x02,0x00,0x11,
        0x00,0x00,0x01,0x7F,0x02,0xBC,0x00,0x07,0x00,0x0A,0x00,0x00,0x21,0x27,0x23,0x07,0x23,0x13,0x33,0x13,0x27,0x33,0x03,0x01,0x30,0x1A,0xA2,0x1A,0x49,0x82,0x69,0x83,
        0xFF,0x8A,0x46,0x95,0x95,0x02,0xBC,0xFD,0x44,0xD9,0x01,0x8A,0x00,0x02,0x00,0x30,0x00,0x00,0x01,0x6F,0x02,0xBC,0x00,0x0B,0x00,0x15,0x00,0x00,0x33,0x11,0x21,0x15,
        0x23,0x15,0x33,0x32,0x1D,0x01,0x14,0x23,0x27,0x33,0x32,0x36,0x3D,0x01,0x34,0x26,0x2B,0x01,0x30,0x01,0x17,0xC9,0x53,0x9E,0x9E,0x53,0x53,0x2A,0x26,0x26,0x2A,0x53,
        0x02,0xBC,0x47,0xDA,0xAA,0x47,0xAA,0x47,0x2B,0x33,0x51,0x33,0x2B,0x00,0x00,0x00,0x00,0x03,0x00,0x30,0x00,0x00,0x01,0x75,0x02,0xBC,0x00,0x0E,0x00,0x18,0x00,0x22,
        0x00,0x00,0x33,0x11,0x33,0x32,0x16,0x1D,0x01,0x14,0x07,0x15,0x16,0x1D,0x01,0x14,0x23,0x03,0x33,0x32,0x36,0x3D,0x01,0x34,0x26,0x2B,0x01,0x11,0x33,0x32,0x36,0x3D,
        0x01,0x34,0x26,0x2B,0x01,0x30,0x9C,0x53,0x4B,0x4E,0x59,0xA1,0x56,0x42,0x2F,0x2D,0x26,0x2C,0x4C,0x56,0x2B,0x28,0x2D,0x36,0x46,0x02,0xBC,0x4D,0x52,0x1D,0x70,0x1C,
        0x02,0x19,0x7A,0x3C,0xA3,0x01,0x91,0x2D,0x33,0x24,0x33,0x2D,0xFD,0xD2,0x2C,0x32,0x3C,0x39,0x30,0x00,0x00,0x01,0x00,0x30,0x00,0x00,0x01,0x3C,0x02,0xBC,0x00,0x05,
        0x00,0x00,0x33,0x11,0x21,0x15,0x23,0x11,0x30,0x01,0x0C,0xBE,0x02,0xBC,0x47,0xFD,0x8B,0x00,0x00,0x00,0x00,0x02,0x00,0x11,0xFF,0xA2,0x01,0xC6,0x02,0xBC,0x00,0x0D,
        0x00,0x13,0x00,0x00,0x25,0x33,0x15,0x23,0x35,0x21,0x15,0x23,0x35,0x33,0x36,0x37,0x13,0x21,0x03,0x33,0x11,0x23,0x03,0x06,0x01,0x94,0x32,0x4E,0xFE,0xE7,0x4E,0x37,
        0x18,0x03,0x14,0x01,0x1D,0xFF,0xB1,0x85,0x0F,0x03,0x47,0xA5,0x5E,0x5E,0xA5,0x1C,0x44,0x02,0x15,0xFD,0x8B,0x02,0x2E,0xFE,0x35,0x3F,0x00,0x00,0x00,0x01,0x00,0x30,
        0x00,0x00,0x01,0x4F,0x02,0xBC,0x00,0x0B,0x00,0x00,0x33,0x11,0x21,0x15,0x23,0x15,0x33,0x15,0x23,0x11,0x33,0x15,0x30,0x01,0x1F,0xD1,0xAA,0xAA,0xD1,0x02,0xBC,0x47,
        0xE4,0x47,0xFE,0xFD,0x47,0x00,0x00,0x00,0x00,0x01,0x00,0x10,0x00,0x00,0x02,0x56,0x02,0xBC,0x00,0x13,0x00,0x00,0x21,0x03,0x07,0x15,0x23,0x35,0x27,0x03,0x23,0x13,
        0x03,0x33,0x13,0x11,0x33,0x11,0x13,0x33,0x03,0x13,0x02,0x07,0x6F,0x3E,0x4E,0x3E,0x6F,0x4F,0x8B,0x89,0x52,0xA8,0x4E,0xA8,0x52,0x89,0x8B,0x01,0x6A,0x70,0xFA,0xFA,
        0x70,0xFE,0x96,0x01,0xBB,0x01,0x01,0xFE,0xB0,0x01,0x50,0xFE,0xB0,0x01,0x50,0xFE,0xFF,0xFE,0x45,0x00,0x00,0x01,0x00,0x1A,0xFF,0xF6,0x01,0x57,0x02,0xC6,0x00,0x2A,
        0x00,0x00,0x17,0x22,0x26,0x3D,0x01,0x33,0x15,0x14,0x33,0x32,0x3D,0x01,0x34,0x2B,0x01,0x35,0x33,0x32,0x36,0x3D,0x01,0x34,0x23,0x22,0x1D,0x01,0x23,0x35,0x34,0x36,
        0x33,0x32,0x16,0x1D,0x01,0x14,0x07,0x15,0x16,0x1D,0x01,0x14,0x06,0xB9,0x50,0x4F,0x4A,0x53,0x52,0x58,0x2A,0x2C,0x28,0x2C,0x50,0x4F,0x4A,0x4E,0x4E,0x4C,0x4F,0x52,
        0x54,0x4F,0x0A,0x5B,0x50,0x35,0x38,0x61,0x68,0x3D,0x68,0x47,0x30,0x2F,0x2E,0x61,0x5E,0x29,0x23,0x52,0x59,0x58,0x52,0x1C,0x73,0x1B,0x02,0x1B,0x73,0x41,0x52,0x59,
        0x00,0x01,0x00,0x30,0x00,0x00,0x01,0x79,0x02,0xBC,0x00,0x09,0x00,0x00,0x01,0x33,0x11,0x23,0x11,0x03,0x23,0x11,0x33,0x11,0x01,0x28,0x51,0x47,0xB1,0x51,0x47,0x02,
        0xBC,0xFD,0x44,0x02,0x0F,0xFD,0xF1,0x02,0xBC,0xFD,0xF5,0x00,0x00,0x02,0x00,0x30,0x00,0x00,0x01,0x79,0x03,0x65,0x00,0x0A,0x00,0x14,0x00,0x00,0x00,0x22,0x26,0x27,
        0x33,0x16,0x33,0x32,0x37,0x33,0x06,0x07,0x33,0x11,0x23,0x11,0x03,0x23,0x11,0x33,0x11,0x01,0x05,0x62,0x36,0x02,0x31,0x06,0x32,0x34,0x06,0x30,0x02,0x14,0x51,0x47,
        0xB1,0x51,0x47,0x02,0xFB,0x37,0x33,0x35,0x35,0x32,0x77,0xFD,0x44,0x02,0x0F,0xFD,0xF1,0x02,0xBC,0xFD,0xF5,0x00,0x00,0x00,0x00,0x01,0x00,0x30,0x00,0x00,0x01,0x88,
        0x02,0xBC,0x00,0x0B,0x00,0x00,0x21,0x03,0x07,0x15,0x23,0x11,0x33,0x11,0x13,0x33,0x03,0x13,0x01,0x36,0x75,0x43,0x4E,0x4E,0xB7,0x51,0x91,0x93,0x01,0x5C,0x75,0xE7,
        0x02,0xBC,0xFE,0xA7,0x01,0x59,0xFE,0xF9,0xFE,0x4B,0x00,0x00,0x00,0x01,0x00,0x11,0xFF,0xFF,0x01,0x97,0x02,0xBC,0x00,0x11,0x00,0x00,0x17,0x22,0x27,0x35,0x16,0x33,
        0x32,0x36,0x37,0x13,0x21,0x11,0x23,0x11,0x23,0x03,0x0E,0x01,0x2A,0x0E,0x0B,0x0A,0x06,0x25,0x20,0x01,0x13,0x01,0x1D,0x4E,0x85,0x0F,0x03,0x3E,0x01,0x03,0x45,0x02,
        0x2C,0x36,0x02,0x15,0xFD,0x44,0x02,0x75,0xFE,0x35,0x57,0x54,0x00,0x01,0x00,0x30,0x00,0x00,0x01,0xE0,0x02,0xBC,0x00,0x0C,0x00,0x00,0x33,0x11,0x33,0x1B,0x01,0x33,
        0x11,0x23,0x11,0x03,0x23,0x03,0x11,0x30,0x71,0x67,0x66,0x72,0x4B,0x6F,0x42,0x6F,0x02,0xBC,0xFD,0xD1,0x02,0x2F,0xFD,0x44,0x02,0x48,0xFD,0xB8,0x02,0x48,0xFD,0xB8,
        0x00,0x01,0x00,0x30,0x00,0x00,0x01,0x72,0x02,0xBC,0x00,0x0B,0x00,0x00,0x33,0x11,0x33,0x11,0x33,0x11,0x33,0x11,0x23,0x11,0x23,0x11,0x30,0x4E,0xA6,0x4E,0x4E,0xA6,
        0x02,0xBC,0xFE,0xD5,0x01,0x2B,0xFD,0x44,0x01,0x4A,0xFE,0xB6,0x00,0x02,0x00,0x28,0xFF,0xF6,0x01,0x69,0x02,0xC6,0x00,0x0D,0x00,0x17,0x00,0x00,0x17,0x22,0x26,0x35,
        0x11,0x34,0x36,0x33,0x32,0x16,0x15,0x11,0x14,0x06,0x27,0x32,0x35,0x11,0x34,0x23,0x22,0x15,0x11,0x14,0xC8,0x4D,0x53,0x53,0x4D,0x4E,0x53,0x53,0x4E,0x53,0x53,0x52,
        0x0A,0x5A,0x53,0x01,0x77,0x53,0x59,0x59,0x53,0xFE,0x89,0x53,0x5A,0x47,0x61,0x01,0x81,0x60,0x60,0xFE,0x7F,0x61,0x00,0x00,0x00,0x01,0x00,0x30,0x00,0x00,0x01,0x72,
        0x02,0xBC,0x00,0x07,0x00,0x00,0x33,0x11,0x21,0x11,0x23,0x11,0x23,0x11,0x30,0x01,0x42,0x4E,0xA6,0x02,0xBC,0xFD,0x44,0x02,0x75,0xFD,0x8B,0x00,0x00,0x02,0x00,0x30,
        0x00,0x00,0x01,0x67,0x02,0xBC,0x00,0x09,0x00,0x13,0x00,0x00,0x33,0x11,0x33,0x32,0x1D,0x01,0x14,0x2B,0x01,0x19,0x01,0x33,0x32,0x36,0x3D,0x01,0x34,0x26,0x2B,0x01,
        0x30,0x99,0x9E,0x9E,0x4B,0x4B,0x2A,0x26,0x26,0x2A,0x4B,0x02,0xBC,0xAA,0x3C,0xA9,0xFE,0xD3,0x01,0x74,0x2B,0x33,0x45,0x33,0x2B,0x00,0x00,0x00,0x00,0x01,0x00,0x28,
        0xFF,0xF6,0x01,0x60,0x02,0xC6,0x00,0x1C,0x00,0x00,0x17,0x22,0x26,0x35,0x11,0x34,0x36,0x32,0x16,0x1D,0x01,0x23,0x35,0x34,0x26,0x22,0x06,0x15,0x11,0x14,0x16,0x32,
        0x36,0x3D,0x01,0x33,0x15,0x14,0x06,0xC4,0x4A,0x52,0x51,0x96,0x51,0x4A,0x2B,0x4A,0x2B,0x2B,0x4A,0x2B,0x4A,0x51,0x0A,0x58,0x4F,0x01,0x82,0x4F,0x58,0x58,0x4F,0x48,
        0x4D,0x2C,0x2F,0x2F,0x2C,0xFE,0x74,0x2C,0x2F,0x2F,0x2C,0x62,0x5D,0x4F,0x58,0x00,0x00,0x01,0x00,0x11,0x00,0x00,0x01,0x57,0x02,0xBC,0x00,0x07,0x00,0x00,0x33,0x11,
        0x23,0x35,0x21,0x15,0x23,0x11,0x8D,0x7C,0x01,0x46,0x7C,0x02,0x75,0x47,0x47,0xFD,0x8B,0x00,0x00,0x00,0x00,0x01,0x00,0x14,0xFF,0xF6,0x01,0x78,0x02,0xBC,0x00,0x11,
        0x00,0x00,0x01,0x33,0x03,0x0E,0x01,0x23,0x22,0x27,0x35,0x16,0x33,0x32,0x36,0x3F,0x01,0x03,0x33,0x13,0x01,0x2E,0x4A,0x91,0x0F,0x3E,0x39,0x21,0x16,0x16,0x17,0x1E,
        0x1E,0x08,0x0B,0x92,0x50,0x6B,0x02,0xBC,0xFD,0xAD,0x3E,0x35,0x0B,0x45,0x09,0x18,0x1E,0x2D,0x02,0x1C,0xFE,0x66,0x00,0x00,0x00,0x03,0x00,0x1E,0x00,0x00,0x02,0x07,
        0x02,0xBC,0x00,0x15,0x00,0x1D,0x00,0x25,0x00,0x00,0x33,0x35,0x23,0x22,0x26,0x3D,0x01,0x34,0x3B,0x01,0x35,0x33,0x15,0x33,0x32,0x1D,0x01,0x14,0x06,0x2B,0x01,0x15,
        0x27,0x33,0x11,0x23,0x22,0x1D,0x01,0x14,0x3B,0x01,0x32,0x3D,0x01,0x34,0x2B,0x01,0xEC,0x20,0x55,0x59,0xAE,0x20,0x4E,0x20,0xAD,0x58,0x55,0x20,0x6E,0x20,0x20,0x60,
        0xCE,0x20,0x5F,0x5F,0x20,0x4F,0x5E,0x5B,0xAC,0xB9,0x4F,0x4F,0xB9,0xAC,0x5B,0x5E,0x4F,0x97,0x01,0x8F,0x6D,0xB6,0x6C,0x6C,0xB6,0x6D,0x00,0x00,0x00,0x01,0x00,0x10,
        0x00,0x00,0x01,0x80,0x02,0xBC,0x00,0x0B,0x00,0x00,0x33,0x13,0x03,0x33,0x1B,0x01,0x33,0x03,0x13,0x23,0x0B,0x01,0x10,0x8A,0x84,0x53,0x62,0x64,0x4B,0x84,0x8A,0x53,
        0x69,0x69,0x01,0x66,0x01,0x56,0xFE,0xFA,0x01,0x06,0xFE,0xAA,0xFE,0x9A,0x01,0x17,0xFE,0xE9,0x00,0x00,0x00,0x01,0x00,0x30,0xFF,0xA2,0x01,0xAD,0x02,0xBC,0x00,0x0B,
        0x00,0x00,0x05,0x35,0x21,0x11,0x33,0x11,0x33,0x11,0x33,0x11,0x33,0x15,0x01,0x5F,0xFE,0xD1,0x4E,0xA6,0x4E,0x3B,0x5E,0x5E,0x02,0xBC,0xFD,0x8B,0x02,0x75,0xFD,0x8B,
        0xA5,0x00,0x00,0x00,0x00,0x01,0x00,0x1F,0x00,0x00,0x01,0x65,0x02,0xBC,0x00,0x10,0x00,0x00,0x01,0x33,0x11,0x23,0x11,0x06,0x23,0x22,0x35,0x11,0x33,0x11,0x14,0x33,
        0x32,0x36,0x35,0x01,0x17,0x4E,0x4E,0x29,0x49,0x86,0x4E,0x4B,0x2A,0x35,0x02,0xBC,0xFD,0x44,0x01,0x36,0x34,0x92,0x01,0x28,0xFE,0xE3,0x56,0x38,0x35,0x00,0x00,0x00,
        0x00,0x01,0x00,0x30,0x00,0x00,0x02,0x1D,0x02,0xBC,0x00,0x0B,0x00,0x00,0x33,0x11,0x33,0x11,0x33,0x11,0x33,0x11,0x33,0x11,0x33,0x11,0x30,0x4E,0x81,0x4E,0x82,0x4E,
        0x02,0xBC,0xFD,0x8B,0x02,0x75,0xFD,0x8B,0x02,0x75,0xFD,0x44,0x00,0x01,0x00,0x30,0xFF,0xA1,0x02,0x57,0x02,0xBC,0x00,0x0F,0x00,0x00,0x25,0x33,0x15,0x23,0x35,0x21,
        0x11,0x33,0x11,0x33,0x11,0x33,0x11,0x33,0x11,0x33,0x02,0x1D,0x3A,0x4E,0xFE,0x27,0x4E,0x81,0x4E,0x82,0x4E,0x47,0xA6,0x5F,0x02,0xBC,0xFD,0x8B,0x02,0x75,0xFD,0x8B,
        0x02,0x75,0x00,0x00,0x00,0x02,0x00,0x11,0x00,0x00,0x01,0x9F,0x02,0xBC,0x00,0x0B,0x00,0x15,0x00,0x00,0x33,0x11,0x23,0x35,0x33,0x11,0x33,0x32,0x1D,0x01,0x14,0x23,
        0x27,0x33,0x32,0x36,0x3D,0x01,0x34,0x26,0x2B,0x01,0x68,0x57,0xA5,0x4B,0x9E,0x9E,0x4B,0x4B,0x2A,0x26,0x26,0x2A,0x4B,0x02,0x75,0x47,0xFE,0xE9,0xAA,0x51,0xAA,0x47,
        0x2B,0x33,0x5B,0x33,0x2B,0x00,0x00,0x00,0x00,0x03,0x00,0x30,0x00,0x00,0x01,0xFE,0x02,0xBC,0x00,0x09,0x00,0x0D,0x00,0x17,0x00,0x00,0x33,0x11,0x33,0x11,0x33,0x32,
        0x1D,0x01,0x14,0x23,0x33,0x11,0x33,0x11,0x25,0x33,0x32,0x36,0x3D,0x01,0x34,0x26,0x2B,0x01,0x30,0x4E,0x4B,0x9E,0x9E,0xE7,0x4E,0xFE,0x80,0x4B,0x2A,0x26,0x26,0x2A,
        0x4B,0x02,0xBC,0xFE,0xE9,0xAA,0x51,0xAA,0x02,0xBC,0xFD,0x44,0x47,0x2B,0x33,0x5B,0x33,0x2B,0x00,0x00,0x00,0x02,0x00,0x30,0x00,0x00,0x01,0x67,0x02,0xBC,0x00,0x09,
        0x00,0x13,0x00,0x00,0x33,0x11,0x33,0x11,0x33,0x32,0x1D,0x01,0x14,0x23,0x27,0x33,0x32,0x36,0x3D,0x01,0x34,0x26,0x2B,0x01,0x30,0x4E,0x4B,0x9E,0x9E,0x4B,0x4B,0x2A,
        0x26,0x26,0x2A,0x4B,0x02,0xBC,0xFE,0xE9,0xAA,0x51,0xAA,0x47,0x2B,0x33,0x5B,0x33,0x2B,0x00,0x00,0x00,0x00,0x01,0x00,0x1B,0xFF,0xF6,0x01,0x57,0x02,0xC6,0x00,0x21,
        0x00,0x00,0x13,0x32,0x16,0x15,0x11,0x14,0x06,0x23,0x22,0x26,0x3D,0x01,0x33,0x15,0x14,0x16,0x32,0x36,0x3D,0x01,0x23,0x35,0x33,0x35,0x34,0x26,0x22,0x06,0x1D,0x01,
        0x23,0x35,0x34,0x36,0xBA,0x4B,0x52,0x52,0x4B,0x4D,0x52,0x4A,0x2D,0x4C,0x2B,0x83,0x83,0x2B,0x4C,0x2D,0x4A,0x52,0x02,0xC6,0x58,0x4F,0xFE,0x7E,0x4F,0x58,0x58,0x4F,
        0x39,0x3E,0x2C,0x2F,0x2F,0x2C,0xB2,0x47,0x93,0x2C,0x2F,0x2F,0x2C,0x2C,0x27,0x4F,0x58,0x00,0x00,0x00,0x00,0x02,0x00,0x30,0xFF,0xF6,0x02,0x1D,0x02,0xC6,0x00,0x15,
        0x00,0x1F,0x00,0x00,0x01,0x32,0x16,0x15,0x11,0x14,0x06,0x23,0x22,0x26,0x3D,0x01,0x23,0x11,0x23,0x11,0x33,0x11,0x33,0x35,0x34,0x36,0x13,0x11,0x34,0x23,0x22,0x15,
        0x11,0x14,0x33,0x32,0x01,0x7C,0x4E,0x53,0x53,0x4E,0x4D,0x53,0x5E,0x4E,0x4E,0x5E,0x53,0xA0,0x53,0x52,0x52,0x53,0x02,0xC6,0x59,0x53,0xFE,0x89,0x53,0x5A,0x5A,0x53,
        0xA7,0xFE,0xB6,0x02,0xBC,0xFE,0xD5,0x89,0x53,0x59,0xFD,0xD8,0x01,0x81,0x60,0x60,0xFE,0x7F,0x61,0x00,0x00,0x02,0x00,0x1F,0x00,0x00,0x01,0x62,0x02,0xBC,0x00,0x18,
        0x00,0x22,0x00,0x00,0x21,0x23,0x11,0x23,0x22,0x06,0x1D,0x01,0x14,0x07,0x23,0x36,0x3D,0x01,0x34,0x36,0x37,0x35,0x26,0x3D,0x01,0x34,0x36,0x3B,0x01,0x03,0x35,0x23,
        0x22,0x06,0x1D,0x01,0x14,0x16,0x33,0x01,0x62,0x4E,0x40,0x32,0x2A,0x09,0x50,0x0B,0x26,0x2B,0x51,0x4B,0x53,0x9A,0x4E,0x4A,0x2C,0x26,0x2D,0x2F,0x01,0x3C,0x2E,0x38,
        0x81,0x31,0x24,0x1F,0x36,0x7D,0x3F,0x48,0x0B,0x01,0x1B,0x72,0x2B,0x52,0x4D,0xFE,0xC7,0xF2,0x2D,0x33,0x32,0x33,0x2D,0x00,0x00,0x02,0x00,0x1A,0xFF,0xF6,0x01,0x4C,
        0x02,0x01,0x00,0x1E,0x00,0x28,0x00,0x00,0x21,0x23,0x26,0x27,0x06,0x23,0x22,0x26,0x35,0x34,0x36,0x37,0x3E,0x01,0x3D,0x01,0x34,0x23,0x22,0x06,0x1D,0x01,0x23,0x35,
        0x34,0x36,0x33,0x32,0x1D,0x01,0x14,0x27,0x32,0x36,0x3D,0x01,0x06,0x07,0x06,0x15,0x14,0x01,0x4C,0x45,0x05,0x03,0x1F,0x56,0x34,0x3C,0x39,0x44,0x3F,0x20,0x41,0x21,
        0x25,0x47,0x4A,0x44,0x8B,0x9D,0x26,0x2C,0x0C,0x3D,0x47,0x10,0x34,0x4E,0x43,0x39,0x3A,0x4B,0x20,0x1C,0x1C,0x1A,0x0C,0x4B,0x28,0x25,0x0F,0x0B,0x46,0x4C,0x98,0xE0,
        0x5B,0x0A,0x3C,0x36,0x65,0x10,0x1F,0x24,0x3F,0x45,0x00,0x00,0x00,0x02,0x00,0x2B,0xFF,0xF6,0x01,0x53,0x02,0xC6,0x00,0x1B,0x00,0x26,0x00,0x00,0x13,0x32,0x1D,0x01,
        0x14,0x06,0x22,0x26,0x35,0x11,0x34,0x3E,0x03,0x37,0x36,0x37,0x15,0x06,0x07,0x0E,0x03,0x1D,0x01,0x36,0x13,0x35,0x34,0x23,0x22,0x06,0x1D,0x01,0x14,0x33,0x32,0xDD,
        0x76,0x4C,0x90,0x4C,0x13,0x18,0x32,0x22,0x22,0x40,0x26,0x20,0x34,0x1D,0x1A,0x23,0x0E,0x23,0x6E,0x40,0x24,0x2D,0x49,0x48,0x01,0xE8,0x91,0xBE,0x4E,0x55,0x55,0x4E,
        0x01,0x17,0x2C,0x44,0x29,0x26,0x12,0x0F,0x1B,0x1B,0x4D,0x16,0x16,0x0C,0x0F,0x1E,0x2D,0x20,0x1B,0x3C,0xFE,0xAA,0xBF,0x54,0x3A,0x36,0xA3,0x59,0x00,0x03,0x00,0x30,
        0x00,0x00,0x01,0x66,0x01,0xF7,0x00,0x0E,0x00,0x18,0x00,0x22,0x00,0x00,0x33,0x11,0x33,0x32,0x16,0x1D,0x01,0x14,0x07,0x15,0x16,0x1D,0x01,0x14,0x23,0x03,0x33,0x32,
        0x36,0x3D,0x01,0x34,0x26,0x2B,0x01,0x11,0x33,0x32,0x36,0x3D,0x01,0x34,0x26,0x2B,0x01,0x30,0x95,0x48,0x4E,0x49,0x54,0x99,0x52,0x3F,0x2B,0x2A,0x26,0x26,0x48,0x52,
        0x28,0x25,0x29,0x34,0x42,0x01,0xF7,0x39,0x44,0x08,0x59,0x14,0x02,0x14,0x5E,0x08,0x89,0x01,0x1F,0x21,0x2A,0x08,0x26,0x1F,0xFE,0x8A,0x23,0x29,0x09,0x24,0x25,0x00,
        0x00,0x01,0x00,0x30,0x00,0x00,0x01,0x15,0x01,0xF7,0x00,0x05,0x00,0x00,0x33,0x11,0x33,0x15,0x23,0x11,0x30,0xE5,0x9A,0x01,0xF7,0x40,0xFE,0x49,0x00,0x02,0x00,0x12,
        0xFF,0xA2,0x01,0xA4,0x01,0xF7,0x00,0x0D,0x00,0x13,0x00,0x00,0x25,0x33,0x15,0x23,0x35,0x23,0x15,0x23,0x35,0x33,0x36,0x37,0x13,0x21,0x03,0x33,0x11,0x23,0x03,0x06,
        0x01,0x75,0x2F,0x4B,0xFC,0x4B,0x36,0x15,0x03,0x13,0x01,0x02,0xE5,0x9A,0x70,0x0E,0x03,0x41,0x9F,0x5E,0x5E,0x9F,0x14,0x35,0x01,0x6D,0xFE,0x4A,0x01,0x76,0xFE,0xD8,
        0x36,0x00,0x00,0x00,0x00,0x02,0x00,0x26,0xFF,0xF6,0x01,0x50,0x02,0x01,0x00,0x15,0x00,0x1C,0x00,0x00,0x13,0x32,0x16,0x1D,0x01,0x23,0x15,0x14,0x33,0x32,0x3D,0x01,
        0x33,0x15,0x14,0x06,0x22,0x26,0x3D,0x01,0x34,0x36,0x15,0x33,0x35,0x34,0x23,0x22,0x15,0xBB,0x48,0x4D,0xDE,0x4A,0x4B,0x49,0x4D,0x90,0x4D,0x4C,0x94,0x4B,0x49,0x02,
        0x01,0x54,0x4E,0x6F,0x5E,0x59,0x59,0x0F,0x08,0x4E,0x55,0x55,0x4E,0xC6,0x4E,0x54,0xD3,0x38,0x58,0x58,0x00,0x01,0x00,0x11,0x00,0x00,0x02,0x26,0x01,0xF7,0x00,0x13,
        0x00,0x00,0x21,0x27,0x07,0x15,0x23,0x35,0x27,0x07,0x23,0x13,0x27,0x33,0x17,0x35,0x33,0x15,0x37,0x33,0x07,0x13,0x01,0xD7,0x5D,0x39,0x4B,0x39,0x5D,0x4F,0x7B,0x75,
        0x52,0x8D,0x4B,0x8D,0x52,0x75,0x7B,0xFD,0x58,0xA5,0xA5,0x58,0xFD,0x01,0x3A,0xBD,0xF4,0xF4,0xF4,0xF4,0xBD,0xFE,0xC6,0x00,0x00,0x01,0x00,0x1B,0xFF,0xF6,0x01,0x4B,
        0x02,0x01,0x00,0x29,0x00,0x00,0x17,0x22,0x26,0x3D,0x01,0x33,0x15,0x14,0x32,0x3D,0x01,0x34,0x26,0x2B,0x01,0x35,0x33,0x32,0x3D,0x01,0x34,0x23,0x22,0x1D,0x01,0x23,
        0x35,0x34,0x36,0x33,0x32,0x16,0x1D,0x01,0x14,0x07,0x15,0x16,0x1D,0x01,0x14,0x06,0xB3,0x49,0x4F,0x48,0x9C,0x29,0x2C,0x27,0x29,0x51,0x4C,0x4B,0x48,0x4E,0x48,0x47,
        0x4E,0x4E,0x50,0x50,0x0A,0x4C,0x44,0x1B,0x15,0x52,0x54,0x0A,0x29,0x26,0x3F,0x49,0x06,0x48,0x4F,0x09,0x11,0x42,0x49,0x47,0x3F,0x06,0x55,0x15,0x02,0x14,0x5F,0x0C,
        0x46,0x4E,0x00,0x00,0x00,0x01,0x00,0x30,0x00,0x00,0x01,0x5B,0x01,0xF7,0x00,0x09,0x00,0x00,0x01,0x33,0x11,0x23,0x11,0x03,0x23,0x11,0x33,0x11,0x01,0x0D,0x4E,0x45,
        0x98,0x4E,0x45,0x01,0xF7,0xFE,0x09,0x01,0x6E,0xFE,0x92,0x01,0xF7,0xFE,0x92,0x00,0x00,0x02,0x00,0x30,0x00,0x00,0x01,0x5B,0x02,0xAA,0x00,0x0A,0x00,0x14,0x00,0x00,
        0x12,0x22,0x26,0x27,0x33,0x16,0x33,0x32,0x37,0x33,0x06,0x07,0x33,0x11,0x23,0x11,0x03,0x23,0x11,0x33,0x11,0xF7,0x62,0x36,0x02,0x31,0x06,0x32,0x34,0x06,0x30,0x02,
        0x21,0x4E,0x45,0x98,0x4E,0x45,0x02,0x40,0x37,0x33,0x35,0x35,0x32,0x81,0xFE,0x09,0x01,0x6E,0xFE,0x92,0x01,0xF7,0xFE,0x92,0x00,0x01,0x00,0x2F,0x00,0x00,0x01,0x6F,
        0x01,0xF7,0x00,0x0B,0x00,0x00,0x21,0x27,0x07,0x15,0x23,0x11,0x33,0x15,0x37,0x33,0x07,0x13,0x01,0x1D,0x67,0x3B,0x4C,0x4C,0x9C,0x52,0x7F,0x85,0xF1,0x58,0x99,0x01,
        0xF7,0xF5,0xF5,0xBD,0xFE,0xC6,0x00,0x00,0x00,0x01,0x00,0x12,0xFF,0xFD,0x01,0x79,0x01,0xF7,0x00,0x11,0x00,0x00,0x17,0x22,0x27,0x35,0x16,0x33,0x32,0x36,0x37,0x13,
        0x21,0x11,0x23,0x11,0x23,0x03,0x0E,0x01,0x37,0x19,0x0C,0x0C,0x10,0x1B,0x19,0x02,0x11,0x01,0x04,0x4C,0x70,0x0F,0x03,0x39,0x03,0x05,0x42,0x03,0x1F,0x27,0x01,0x70,
        0xFE,0x09,0x01,0xB3,0xFE,0xCB,0x41,0x40,0x00,0x01,0x00,0x30,0x00,0x00,0x01,0xDE,0x01,0xF7,0x00,0x0C,0x00,0x00,0x01,0x33,0x11,0x23,0x11,0x03,0x23,0x03,0x11,0x23,
        0x11,0x33,0x13,0x01,0x70,0x6E,0x49,0x73,0x3C,0x72,0x44,0x6D,0x6A,0x01,0xF7,0xFE,0x09,0x01,0x9E,0xFE,0x62,0x01,0x9E,0xFE,0x62,0x01,0xF7,0xFE,0x81,0x00,0x00,0x00,
        0x00,0x01,0x00,0x30,0x00,0x00,0x01,0x59,0x01,0xF7,0x00,0x0B,0x00,0x00,0x01,0x33,0x11,0x23,0x35,0x23,0x15,0x23,0x11,0x33,0x15,0x33,0x01,0x0E,0x4B,0x4B,0x93,0x4B,
        0x4B,0x93,0x01,0xF7,0xFE,0x09,0xE6,0xE6,0x01,0xF7,0xD1,0x00,0x00,0x02,0x00,0x26,0xFF,0xF6,0x01,0x4E,0x02,0x01,0x00,0x0D,0x00,0x17,0x00,0x00,0x17,0x22,0x26,0x3D,
        0x01,0x34,0x36,0x33,0x32,0x16,0x1D,0x01,0x14,0x06,0x27,0x32,0x3D,0x01,0x34,0x23,0x22,0x1D,0x01,0x14,0xBA,0x48,0x4C,0x4C,0x48,0x47,0x4D,0x4D,0x47,0x48,0x48,0x49,
        0x0A,0x55,0x4E,0xC6,0x4E,0x54,0x54,0x4E,0xC6,0x4E,0x55,0x43,0x59,0xD4,0x58,0x58,0xD4,0x59,0x00,0x00,0x00,0x01,0x00,0x30,0x00,0x00,0x01,0x55,0x01,0xF7,0x00,0x07,
        0x00,0x00,0x01,0x11,0x23,0x11,0x23,0x11,0x23,0x11,0x01,0x55,0x4C,0x8E,0x4B,0x01,0xF7,0xFE,0x09,0x01,0xB7,0xFE,0x49,0x01,0xF7,0x00,0x00,0x00,0x00,0x02,0x00,0x30,
        0xFF,0x65,0x01,0x58,0x02,0x01,0x00,0x0D,0x00,0x19,0x00,0x00,0x13,0x32,0x1D,0x01,0x14,0x23,0x22,0x27,0x15,0x23,0x11,0x33,0x17,0x36,0x13,0x35,0x34,0x23,0x22,0x06,
        0x1D,0x01,0x14,0x16,0x33,0x32,0xE2,0x76,0x76,0x44,0x23,0x4B,0x41,0x01,0x1F,0x7B,0x40,0x24,0x2D,0x2D,0x24,0x40,0x02,0x01,0x91,0xE8,0x92,0x3C,0xCD,0x02,0x92,0x44,
        0x4E,0xFE,0x8D,0xDC,0x54,0x3A,0x36,0xA5,0x36,0x3A,0x00,0x00,0x00,0x01,0x00,0x26,0xFF,0xF6,0x01,0x49,0x02,0x01,0x00,0x19,0x00,0x00,0x17,0x22,0x26,0x3D,0x01,0x34,
        0x36,0x33,0x32,0x16,0x1D,0x01,0x23,0x35,0x34,0x22,0x1D,0x01,0x14,0x32,0x3D,0x01,0x33,0x15,0x14,0x06,0xB9,0x48,0x4B,0x4B,0x48,0x47,0x49,0x49,0x8E,0x8E,0x49,0x49,
        0x0A,0x53,0x4E,0xCA,0x4E,0x52,0x54,0x4C,0x16,0x1D,0x56,0x56,0xD8,0x57,0x57,0x27,0x20,0x4D,0x54,0x00,0x00,0x01,0x00,0x12,0x00,0x00,0x01,0x4D,0x01,0xF7,0x00,0x07,
        0x00,0x00,0x33,0x11,0x23,0x35,0x21,0x15,0x23,0x11,0x89,0x77,0x01,0x3B,0x78,0x01,0xB7,0x40,0x40,0xFE,0x49,0x00,0x00,0x00,0x00,0x01,0x00,0x11,0xFF,0x5B,0x01,0x51,
        0x01,0xF7,0x00,0x11,0x00,0x00,0x17,0x22,0x27,0x35,0x16,0x33,0x32,0x36,0x3F,0x01,0x03,0x33,0x1B,0x01,0x33,0x03,0x0E,0x01,0x59,0x21,0x12,0x10,0x18,0x1B,0x19,0x07,
        0x0A,0x82,0x4D,0x5A,0x52,0x47,0x7F,0x0D,0x38,0xA5,0x0A,0x41,0x08,0x16,0x1E,0x24,0x02,0x01,0xFE,0x81,0x01,0x7F,0xFD,0xD0,0x3A,0x32,0x00,0x00,0x00,0x03,0x00,0x25,
        0xFF,0x65,0x01,0xD0,0x02,0xBC,0x00,0x13,0x00,0x1C,0x00,0x25,0x00,0x00,0x17,0x35,0x23,0x22,0x3D,0x01,0x34,0x3B,0x01,0x35,0x33,0x15,0x33,0x32,0x1D,0x01,0x14,0x2B,
        0x01,0x15,0x27,0x33,0x11,0x23,0x22,0x1D,0x01,0x14,0x16,0x3B,0x01,0x32,0x36,0x3D,0x01,0x34,0x2B,0x01,0xD5,0x11,0x9F,0x9F,0x11,0x4B,0x10,0xA0,0xA0,0x10,0x5C,0x11,
        0x11,0x54,0x23,0x8D,0x10,0x25,0x30,0x55,0x10,0x9B,0x9B,0xA2,0xB3,0xA2,0xC5,0xC5,0xA2,0xB3,0xA2,0x9B,0xDC,0x01,0x76,0x59,0xC5,0x29,0x2F,0x23,0x35,0xC5,0x59,0x00,
        0x00,0x01,0x00,0x11,0x00,0x00,0x01,0x5E,0x01,0xF7,0x00,0x0B,0x00,0x00,0x33,0x13,0x27,0x33,0x17,0x37,0x33,0x07,0x13,0x23,0x27,0x07,0x11,0x79,0x73,0x52,0x52,0x52,
        0x4B,0x73,0x79,0x53,0x57,0x58,0x01,0x02,0xF5,0xB6,0xB6,0xF5,0xFE,0xFE,0xC5,0xC5,0x00,0x01,0x00,0x30,0xFF,0xA2,0x01,0x8D,0x01,0xF7,0x00,0x0B,0x00,0x00,0x05,0x35,
        0x21,0x11,0x33,0x11,0x33,0x11,0x33,0x11,0x33,0x15,0x01,0x41,0xFE,0xEF,0x4B,0x8E,0x4C,0x38,0x5E,0x5E,0x01,0xF7,0xFE,0x4A,0x01,0xB6,0xFE,0x4A,0x9F,0x00,0x00,0x00,
        0x00,0x01,0x00,0x1E,0x00,0x00,0x01,0x43,0x01,0xF7,0x00,0x10,0x00,0x00,0x13,0x33,0x11,0x23,0x35,0x06,0x23,0x22,0x3D,0x01,0x33,0x15,0x14,0x33,0x32,0x36,0x35,0xF8,
        0x4B,0x4B,0x23,0x41,0x76,0x4C,0x3F,0x23,0x2C,0x01,0xF7,0xFE,0x09,0xF0,0x37,0x92,0xAC,0xA3,0x58,0x3A,0x36,0x00,0x00,0x00,0x00,0x01,0x00,0x30,0x00,0x00,0x02,0x11,
        0x01,0xF7,0x00,0x0B,0x00,0x00,0x33,0x11,0x33,0x11,0x33,0x11,0x33,0x11,0x33,0x11,0x33,0x11,0x30,0x4B,0x80,0x4B,0x80,0x4B,0x01,0xF7,0xFE,0x4A,0x01,0xB6,0xFE,0x4A,
        0x01,0xB6,0xFE,0x09,0x00,0x01,0x00,0x30,0xFF,0xA2,0x02,0x49,0x01,0xF7,0x00,0x0F,0x00,0x00,0x05,0x35,0x21,0x11,0x33,0x11,0x33,0x11,0x33,0x11,0x33,0x11,0x33,0x11,
        0x33,0x15,0x01,0xFE,0xFE,0x32,0x4B,0x80,0x4B,0x80,0x4B,0x38,0x5E,0x5E,0x01,0xF7,0xFE,0x4A,0x01,0xB6,0xFE,0x4A,0x01,0xB6,0xFE,0x4A,0x9F,0x00,0x00,0x02,0x00,0x12,
        0x00,0x00,0x01,0xA0,0x01,0xF7,0x00,0x0A,0x00,0x13,0x00,0x00,0x33,0x11,0x23,0x35,0x33,0x15,0x33,0x32,0x15,0x14,0x23,0x27,0x33,0x32,0x36,0x35,0x34,0x26,0x2B,0x01,
        0x6B,0x59,0xA5,0x4B,0x9E,0x9E,0x4B,0x4B,0x28,0x2A,0x25,0x2D,0x4B,0x01,0xB7,0x40,0xBC,0x9D,0x9E,0x45,0x27,0x32,0x2C,0x2C,0x00,0x03,0x00,0x30,0x00,0x00,0x01,0xF6,
        0x01,0xF7,0x00,0x08,0x00,0x0C,0x00,0x15,0x00,0x00,0x13,0x33,0x15,0x33,0x32,0x15,0x14,0x2B,0x01,0x21,0x11,0x33,0x11,0x25,0x15,0x33,0x32,0x36,0x35,0x34,0x26,0x23,
        0x30,0x4B,0x4B,0x9E,0x9E,0x96,0x01,0x7B,0x4B,0xFE,0x85,0x4B,0x29,0x2A,0x26,0x2D,0x01,0xF7,0xBC,0x9D,0x9E,0x01,0xF7,0xFE,0x09,0xF6,0xB1,0x27,0x32,0x2C,0x2C,0x00,
        0x00,0x02,0x00,0x30,0x00,0x00,0x01,0x64,0x01,0xF7,0x00,0x08,0x00,0x11,0x00,0x00,0x13,0x33,0x15,0x33,0x32,0x15,0x14,0x2B,0x01,0x37,0x15,0x33,0x32,0x36,0x35,0x34,
        0x26,0x23,0x30,0x4B,0x4B,0x9E,0x9E,0x96,0x4B,0x4B,0x29,0x2A,0x26,0x2D,0x01,0xF7,0xBC,0x9D,0x9E,0xF6,0xB1,0x27,0x32,0x2C,0x2C,0x00,0x00,0x00,0x00,0x01,0x00,0x1B,
        0xFF,0xF6,0x01,0x44,0x02,0x01,0x00,0x1B,0x00,0x00,0x12,0x32,0x16,0x1D,0x01,0x14,0x06,0x22,0x26,0x3D,0x01,0x33,0x15,0x14,0x33,0x32,0x3D,0x01,0x23,0x35,0x33,0x35,
        0x34,0x22,0x1D,0x01,0x23,0x34,0x68,0x90,0x4C,0x4C,0x90,0x4D,0x49,0x4B,0x4A,0x7A,0x7A,0x94,0x4A,0x02,0x01,0x54,0x4E,0xC6,0x4F,0x54,0x55,0x4E,0x08,0x0F,0x59,0x59,
        0x55,0x3E,0x41,0x58,0x58,0x06,0x4E,0x00,0x00,0x02,0x00,0x30,0xFF,0xF6,0x02,0x04,0x02,0x01,0x00,0x15,0x00,0x1F,0x00,0x00,0x01,0x32,0x16,0x1D,0x01,0x14,0x06,0x23,
        0x22,0x26,0x3D,0x01,0x23,0x15,0x23,0x11,0x33,0x15,0x33,0x35,0x34,0x36,0x13,0x35,0x34,0x23,0x22,0x1D,0x01,0x14,0x33,0x32,0x01,0x70,0x48,0x4C,0x4C,0x48,0x47,0x4D,
        0x61,0x4B,0x4B,0x61,0x4D,0x90,0x49,0x48,0x48,0x49,0x02,0x01,0x54,0x4E,0xC6,0x4E,0x55,0x55,0x4E,0x4D,0xE6,0x01,0xF7,0xD1,0x39,0x4E,0x54,0xFE,0x91,0xD4,0x58,0x58,
        0xD4,0x59,0x00,0x00,0x00,0x02,0x00,0x1E,0x00,0x00,0x01,0x5B,0x01,0xF7,0x00,0x17,0x00,0x21,0x00,0x00,0x33,0x36,0x3D,0x01,0x34,0x36,0x37,0x35,0x26,0x35,0x34,0x36,
        0x3B,0x01,0x11,0x23,0x35,0x23,0x22,0x06,0x1D,0x01,0x14,0x07,0x13,0x33,0x35,0x23,0x22,0x06,0x1D,0x01,0x14,0x16,0x1E,0x0A,0x26,0x2B,0x50,0x4B,0x51,0x96,0x4B,0x3F,
        0x32,0x2B,0x09,0x68,0x3D,0x46,0x2D,0x29,0x2E,0x1C,0x26,0x38,0x3A,0x3C,0x08,0x01,0x13,0x64,0x46,0x41,0xFE,0x09,0xD4,0x28,0x2E,0x3B,0x29,0x1A,0x01,0x14,0xA3,0x27,
        0x2A,0x01,0x2A,0x27,0x00,0x04,0x00,0x26,0xFF,0xF6,0x01,0x50,0x02,0xAB,0x00,0x03,0x00,0x07,0x00,0x1D,0x00,0x24,0x00,0x00,0x13,0x15,0x23,0x35,0x33,0x15,0x23,0x35,
        0x07,0x32,0x16,0x1D,0x01,0x23,0x15,0x14,0x33,0x32,0x3D,0x01,0x33,0x15,0x14,0x06,0x22,0x26,0x3D,0x01,0x34,0x36,0x15,0x33,0x35,0x34,0x23,0x22,0x15,0x9E,0x46,0xC4,
        0x46,0x1B,0x48,0x4D,0xDE,0x4A,0x4B,0x49,0x4D,0x90,0x4D,0x4C,0x94,0x4B,0x49,0x02,0xAB,0x6C,0x6C,0x6C,0x6C,0xAA,0x54,0x4E,0x6F,0x5E,0x59,0x59,0x0F,0x08,0x4E,0x55,
        0x55,0x4E,0xC6,0x4E,0x54,0xD3,0x38,0x58,0x58,0x00,0x00,0x00,0x00,0x01,0x00,0x26,0xFF,0xF6,0x01,0x50,0x02,0x01,0x00,0x1D,0x00,0x00,0x25,0x33,0x15,0x14,0x06,0x22,
        0x26,0x3D,0x01,0x34,0x36,0x33,0x32,0x16,0x15,0x23,0x35,0x34,0x23,0x22,0x1D,0x01,0x33,0x15,0x23,0x15,0x14,0x33,0x32,0x35,0x01,0x07,0x49,0x4D,0x90,0x4D,0x4C,0x49,
        0x48,0x4C,0x49,0x4B,0x49,0x7A,0x7A,0x4A,0x4B,0xA1,0x08,0x4E,0x55,0x55,0x4E,0xC6,0x4E,0x54,0x53,0x4E,0x06,0x58,0x58,0x41,0x3E,0x55,0x59,0x59,0x00,0x02,0x00,0x30,
        0x00,0x00,0x00,0x7B,0x02,0xAB,0x00,0x03,0x00,0x07,0x00,0x00,0x13,0x35,0x33,0x15,0x03,0x11,0x33,0x11,0x30,0x4B,0x4B,0x4B,0x02,0x3F,0x6C,0x6C,0xFD,0xC1,0x01,0xF7,
        0xFE,0x09,0x00,0x00,0x00,0x03,0xFF,0xF3,0x00,0x00,0x00,0xB7,0x02,0xAB,0x00,0x03,0x00,0x07,0x00,0x0B,0x00,0x00,0x03,0x35,0x33,0x15,0x33,0x35,0x33,0x15,0x03,0x11,
        0x33,0x11,0x0D,0x46,0x38,0x46,0x87,0x4B,0x02,0x3F,0x6C,0x6C,0x6C,0x6C,0xFD,0xC1,0x01,0xF7,0xFE,0x09,0x00,0x01,0x00,0x30,0x00,0x00,0x01,0x3C,0x03,0x1A,0x00,0x07,
        0x00,0x00,0x13,0x33,0x15,0x23,0x11,0x23,0x11,0x33,0xEE,0x4E,0xBE,0x4E,0xBE,0x03,0x1A,0xA5,0xFD,0x8B,0x02,0xBC,0x00,0x00,0x00,0x01,0x00,0x30,0x00,0x00,0x01,0x15,
        0x02,0x55,0x00,0x07,0x00,0x00,0x13,0x33,0x15,0x23,0x11,0x23,0x11,0x33,0xC9,0x4C,0x9A,0x4B,0x99,0x02,0x55,0x9E,0xFE,0x49,0x01,0xF7,0x00,0x00,0x00,0x04,0x00,0x30,
        0x00,0x00,0x01,0x75,0x03,0x66,0x00,0x03,0x00,0x12,0x00,0x1C,0x00,0x26,0x00,0x00,0x13,0x35,0x33,0x15,0x03,0x11,0x33,0x32,0x16,0x1D,0x01,0x14,0x07,0x15,0x16,0x1D,
        0x01,0x14,0x23,0x03,0x33,0x32,0x36,0x3D,0x01,0x34,0x26,0x2B,0x01,0x11,0x33,0x32,0x36,0x3D,0x01,0x34,0x26,0x2B,0x01,0x99,0x4B,0xB4,0x9C,0x53,0x4B,0x4E,0x59,0xA1,
        0x56,0x42,0x2F,0x2D,0x26,0x2C,0x4C,0x56,0x2B,0x28,0x2D,0x36,0x46,0x02,0xFA,0x6C,0x6C,0xFD,0x06,0x02,0xBC,0x4D,0x52,0x1D,0x70,0x1C,0x02,0x19,0x7A,0x3C,0xA3,0x01,
        0x91,0x2D,0x33,0x24,0x33,0x2D,0xFD,0xD2,0x2C,0x32,0x3C,0x39,0x30,0x00,0x00,0x00,0x00,0x03,0x00,0x30,0xFF,0xF6,0x01,0x58,0x03,0x66,0x00,0x03,0x00,0x11,0x00,0x1D,
        0x00,0x00,0x13,0x15,0x23,0x35,0x13,0x32,0x1D,0x01,0x14,0x23,0x22,0x27,0x07,0x23,0x11,0x33,0x15,0x36,0x13,0x35,0x34,0x23,0x22,0x06,0x1D,0x01,0x14,0x16,0x33,0x32,
        0x7B,0x4B,0xB2,0x76,0x76,0x51,0x20,0x0A,0x37,0x4B,0x23,0x6F,0x41,0x24,0x2D,0x2D,0x24,0x41,0x03,0x66,0x6C,0x6C,0xFE,0x9B,0x91,0xE8,0x92,0x51,0x47,0x02,0xBC,0xF7,
        0x3C,0xFE,0x8D,0xDC,0x54,0x3A,0x36,0xA5,0x36,0x3A,0x00,0x00,0x00,0x03,0x00,0x30,0x00,0x00,0x01,0x6E,0x03,0x66,0x00,0x03,0x00,0x0B,0x00,0x15,0x00,0x00,0x13,0x35,
        0x33,0x15,0x03,0x11,0x33,0x32,0x15,0x11,0x14,0x23,0x27,0x33,0x32,0x36,0x35,0x11,0x34,0x26,0x2B,0x01,0x9D,0x4B,0xB8,0xA0,0x9E,0x9E,0x52,0x50,0x2A,0x28,0x28,0x2A,
        0x50,0x02,0xFA,0x6C,0x6C,0xFD,0x06,0x02,0xBC,0xAA,0xFE,0x98,0xAA,0x47,0x2D,0x33,0x01,0x6F,0x33,0x2C,0x00,0x03,0x00,0x28,0xFF,0xF6,0x01,0x5B,0x03,0x66,0x00,0x03,
        0x00,0x14,0x00,0x20,0x00,0x00,0x01,0x15,0x23,0x35,0x13,0x23,0x26,0x27,0x06,0x23,0x22,0x3D,0x01,0x34,0x33,0x32,0x17,0x35,0x33,0x11,0x14,0x27,0x32,0x36,0x3D,0x01,
        0x34,0x26,0x23,0x22,0x1D,0x01,0x14,0x01,0x50,0x4B,0x56,0x45,0x06,0x02,0x21,0x50,0x75,0x75,0x45,0x23,0x4B,0x9C,0x24,0x2D,0x2D,0x24,0x40,0x03,0x66,0x6C,0x6C,0xFC,
        0x9A,0x12,0x32,0x4E,0x92,0xE8,0x91,0x3C,0xF7,0xFD,0xCD,0x5B,0x0B,0x3A,0x36,0xA5,0x36,0x3A,0x54,0xDC,0x55,0x00,0x00,0x00,0x00,0x02,0x00,0x30,0x00,0x00,0x01,0x46,
        0x03,0x66,0x00,0x03,0x00,0x0D,0x00,0x00,0x13,0x35,0x33,0x15,0x03,0x11,0x21,0x15,0x23,0x15,0x33,0x15,0x23,0x11,0x95,0x4B,0xB0,0x01,0x16,0xC8,0xA1,0xA1,0x02,0xFA,
        0x6C,0x6C,0xFD,0x06,0x02,0xBC,0x47,0xEE,0x47,0xFE,0xC0,0x00,0x00,0x02,0x00,0x11,0x00,0x00,0x00,0xF7,0x03,0x66,0x00,0x03,0x00,0x18,0x00,0x00,0x13,0x15,0x23,0x35,
        0x17,0x22,0x06,0x1D,0x01,0x33,0x15,0x23,0x11,0x23,0x11,0x23,0x35,0x33,0x35,0x34,0x33,0x32,0x17,0x15,0x26,0xC2,0x4B,0x56,0x1A,0x17,0x5B,0x5B,0x4B,0x40,0x40,0x6E,
        0x21,0x17,0x14,0x03,0x66,0x6C,0x6C,0xE3,0x19,0x1F,0x54,0x40,0xFE,0x49,0x01,0xB7,0x40,0x5D,0x72,0x0A,0x41,0x08,0x00,0x00,0x00,0x02,0x00,0x30,0x00,0x00,0x01,0xE0,
        0x03,0x66,0x00,0x03,0x00,0x10,0x00,0x00,0x13,0x35,0x33,0x15,0x03,0x11,0x33,0x1B,0x01,0x33,0x11,0x23,0x11,0x03,0x23,0x03,0x11,0xE3,0x4B,0xFE,0x71,0x67,0x66,0x72,
        0x4B,0x6F,0x42,0x6F,0x02,0xFA,0x6C,0x6C,0xFD,0x06,0x02,0xBC,0xFD,0xD1,0x02,0x2F,0xFD,0x44,0x02,0x48,0xFD,0xB8,0x02,0x48,0xFD,0xB8,0x00,0x00,0x00,0x02,0x00,0x30,
        0x00,0x00,0x02,0x22,0x02,0xAB,0x00,0x03,0x00,0x20,0x00,0x00,0x01,0x15,0x23,0x35,0x17,0x32,0x15,0x11,0x23,0x11,0x34,0x23,0x22,0x06,0x15,0x11,0x23,0x11,0x34,0x23,
        0x22,0x06,0x15,0x11,0x23,0x11,0x33,0x17,0x36,0x33,0x32,0x17,0x36,0x01,0x4D,0x4B,0xAF,0x71,0x4B,0x3C,0x22,0x2A,0x4C,0x3C,0x22,0x2A,0x4B,0x41,0x01,0x20,0x4C,0x51,
        0x17,0x1F,0x02,0xAB,0x6C,0x6C,0xAA,0x8D,0xFE,0x8C,0x01,0x6F,0x4F,0x3A,0x36,0xFE,0xB2,0x01,0x6F,0x4F,0x3A,0x36,0xFE,0xB2,0x01,0xF7,0x42,0x4C,0x4A,0x4A,0x00,0x00,
        0x00,0x03,0x00,0x30,0x00,0x00,0x01,0x67,0x03,0x66,0x00,0x03,0x00,0x0D,0x00,0x17,0x00,0x00,0x13,0x35,0x33,0x15,0x03,0x11,0x33,0x32,0x1D,0x01,0x14,0x2B,0x01,0x19,
        0x01,0x33,0x32,0x36,0x3D,0x01,0x34,0x26,0x2B,0x01,0x9A,0x4B,0xB5,0x99,0x9E,0x9E,0x4B,0x4B,0x2A,0x26,0x26,0x2A,0x4B,0x02,0xFA,0x6C,0x6C,0xFD,0x06,0x02,0xBC,0xAA,
        0x3C,0xA9,0xFE,0xD3,0x01,0x74,0x2B,0x33,0x45,0x33,0x2B,0x00,0x00,0x03,0x00,0x30,0xFF,0x65,0x01,0x58,0x02,0xAB,0x00,0x03,0x00,0x11,0x00,0x1D,0x00,0x00,0x13,0x15,
        0x23,0x35,0x17,0x32,0x1D,0x01,0x14,0x23,0x22,0x27,0x15,0x23,0x11,0x33,0x17,0x36,0x13,0x35,0x34,0x23,0x22,0x06,0x1D,0x01,0x14,0x16,0x33,0x32,0xEA,0x4B,0x43,0x76,
        0x76,0x44,0x23,0x4B,0x41,0x01,0x1F,0x7B,0x40,0x24,0x2D,0x2D,0x24,0x40,0x02,0xAB,0x6C,0x6C,0xAA,0x91,0xE8,0x92,0x3C,0xCD,0x02,0x92,0x44,0x4E,0xFE,0x8D,0xDC,0x54,
        0x3A,0x36,0xA5,0x36,0x3A,0x00,0x00,0x00,0x00,0x02,0x00,0x1C,0xFF,0xF6,0x01,0x57,0x03,0x66,0x00,0x03,0x00,0x26,0x00,0x00,0x13,0x35,0x33,0x15,0x12,0x22,0x26,0x3D,
        0x01,0x33,0x15,0x14,0x33,0x32,0x35,0x34,0x26,0x27,0x2E,0x01,0x35,0x34,0x36,0x32,0x16,0x1D,0x01,0x23,0x35,0x34,0x22,0x15,0x14,0x16,0x17,0x1E,0x01,0x15,0x14,0x93,
        0x4B,0x26,0x98,0x50,0x4A,0x51,0x52,0x2F,0x3D,0x48,0x39,0x52,0x96,0x4F,0x4A,0xA0,0x30,0x3F,0x48,0x37,0x02,0xFA,0x6C,0x6C,0xFC,0xFC,0x58,0x52,0x27,0x2D,0x5D,0x5E,
        0x30,0x4A,0x33,0x3B,0x60,0x3C,0x4F,0x58,0x58,0x51,0x1C,0x21,0x5D,0x5B,0x2B,0x48,0x33,0x3C,0x61,0x40,0x52,0x00,0x00,0x00,0x00,0x02,0x00,0x1B,0xFF,0xF6,0x01,0x39,
        0x02,0xAB,0x00,0x03,0x00,0x2F,0x00,0x00,0x13,0x35,0x33,0x15,0x03,0x22,0x26,0x3D,0x01,0x33,0x15,0x14,0x32,0x35,0x34,0x2E,0x01,0x27,0x2E,0x03,0x35,0x34,0x36,0x33,
        0x32,0x16,0x1D,0x01,0x23,0x35,0x34,0x23,0x22,0x06,0x15,0x14,0x1E,0x01,0x17,0x1E,0x03,0x15,0x14,0x06,0x82,0x4B,0x20,0x45,0x4D,0x49,0x8A,0x1B,0x20,0x1C,0x1E,0x1C,
        0x2A,0x13,0x48,0x40,0x3E,0x4A,0x47,0x40,0x1C,0x24,0x1C,0x20,0x1E,0x1C,0x1F,0x28,0x13,0x49,0x02,0x3F,0x6C,0x6C,0xFD,0xB7,0x4D,0x44,0x11,0x13,0x4D,0x49,0x17,0x25,
        0x15,0x0E,0x10,0x12,0x26,0x32,0x21,0x3E,0x48,0x4B,0x41,0x0A,0x0C,0x49,0x23,0x21,0x18,0x27,0x14,0x0F,0x0E,0x14,0x25,0x31,0x20,0x41,0x4B,0x00,0x00,0x02,0x00,0x11,
        0x00,0x00,0x01,0x57,0x03,0x66,0x00,0x03,0x00,0x0B,0x00,0x00,0x13,0x35,0x33,0x15,0x03,0x11,0x23,0x35,0x21,0x15,0x23,0x11,0x8F,0x4B,0x4D,0x7C,0x01,0x46,0x7C,0x02,
        0xFA,0x6C,0x6C,0xFD,0x06,0x02,0x75,0x47,0x47,0xFD,0x8B,0x00,0x00,0x02,0x00,0x10,0xFF,0xF6,0x00,0xF5,0x03,0x32,0x00,0x03,0x00,0x18,0x00,0x00,0x13,0x15,0x23,0x35,
        0x13,0x23,0x11,0x14,0x16,0x33,0x32,0x37,0x15,0x06,0x23,0x22,0x35,0x11,0x23,0x35,0x33,0x37,0x33,0x15,0x33,0x9F,0x4B,0xA1,0x5B,0x16,0x1B,0x16,0x14,0x17,0x21,0x6F,
        0x3E,0x41,0x08,0x41,0x5B,0x03,0x32,0x6C,0x6C,0xFE,0x85,0xFE,0xBA,0x1E,0x1A,0x08,0x41,0x0A,0x73,0x01,0x4E,0x40,0x91,0x91,0x00,0x02,0x00,0x14,0x00,0x00,0x02,0x1A,
        0x03,0x70,0x00,0x03,0x00,0x10,0x00,0x00,0x01,0x27,0x33,0x17,0x0B,0x01,0x33,0x1B,0x01,0x33,0x1B,0x01,0x33,0x03,0x23,0x0B,0x01,0x01,0x0B,0x60,0x57,0x46,0xDE,0x56,
        0x4C,0x46,0x48,0x58,0x49,0x46,0x45,0x56,0x64,0x46,0x47,0x02,0xF0,0x80,0x80,0xFD,0x10,0x02,0xBC,0xFD,0xB0,0x02,0x50,0xFD,0xB0,0x02,0x50,0xFD,0x44,0x02,0x22,0xFD,
        0xDE,0x00,0x00,0x00,0x00,0x02,0x00,0x14,0x00,0x00,0x02,0x03,0x02,0xB5,0x00,0x03,0x00,0x10,0x00,0x00,0x01,0x27,0x33,0x17,0x0B,0x01,0x33,0x1B,0x01,0x33,0x1B,0x01,
        0x33,0x03,0x23,0x0B,0x01,0x01,0x00,0x60,0x57,0x46,0xD2,0x57,0x4A,0x46,0x43,0x4F,0x43,0x46,0x44,0x57,0x5C,0x42,0x42,0x02,0x35,0x80,0x80,0xFD,0xCB,0x01,0xF7,0xFE,
        0x71,0x01,0x8F,0xFE,0x71,0x01,0x8F,0xFE,0x09,0x01,0x6B,0xFE,0x95,0x00,0x00,0x00,0x00,0x02,0x00,0x14,0x00,0x00,0x02,0x1A,0x03,0x70,0x00,0x03,0x00,0x10,0x00,0x00,
        0x13,0x37,0x33,0x07,0x0B,0x01,0x33,0x1B,0x01,0x33,0x1B,0x01,0x33,0x03,0x23,0x0B,0x01,0xE6,0x47,0x57,0x60,0xBA,0x56,0x4C,0x46,0x48,0x58,0x49,0x46,0x45,0x56,0x64,
        0x46,0x47,0x02,0xF0,0x80,0x80,0xFD,0x10,0x02,0xBC,0xFD,0xB0,0x02,0x50,0xFD,0xB0,0x02,0x50,0xFD,0x44,0x02,0x22,0xFD,0xDE,0x00,0x02,0x00,0x14,0x00,0x00,0x02,0x03,
        0x02,0xB5,0x00,0x03,0x00,0x10,0x00,0x00,0x13,0x37,0x33,0x07,0x0B,0x01,0x33,0x1B,0x01,0x33,0x1B,0x01,0x33,0x03,0x23,0x0B,0x01,0xDB,0x47,0x57,0x60,0xAE,0x57,0x4A,
        0x46,0x43,0x4F,0x43,0x46,0x44,0x57,0x5C,0x42,0x42,0x02,0x35,0x80,0x80,0xFD,0xCB,0x01,0xF7,0xFE,0x71,0x01,0x8F,0xFE,0x71,0x01,0x8F,0xFE,0x09,0x01,0x6B,0xFE,0x95,
        0x00,0x03,0x00,0x14,0x00,0x00,0x02,0x1A,0x03,0x66,0x00,0x03,0x00,0x07,0x00,0x14,0x00,0x00,0x13,0x35,0x33,0x15,0x33,0x35,0x33,0x15,0x01,0x03,0x33,0x1B,0x01,0x33,
        0x1B,0x01,0x33,0x03,0x23,0x0B,0x01,0xB5,0x46,0x38,0x46,0xFE,0xF1,0x56,0x4C,0x46,0x48,0x58,0x49,0x46,0x45,0x56,0x64,0x46,0x47,0x02,0xFA,0x6C,0x6C,0x6C,0x6C,0xFD,
        0x06,0x02,0xBC,0xFD,0xB0,0x02,0x50,0xFD,0xB0,0x02,0x50,0xFD,0x44,0x02,0x22,0xFD,0xDE,0x00,0x00,0x00,0x00,0x03,0x00,0x14,0x00,0x00,0x02,0x03,0x02,0xAB,0x00,0x03,
        0x00,0x07,0x00,0x14,0x00,0x00,0x13,0x35,0x33,0x15,0x33,0x35,0x33,0x15,0x01,0x03,0x33,0x1B,0x01,0x33,0x1B,0x01,0x33,0x03,0x23,0x0B,0x01,0xAA,0x46,0x38,0x46,0xFE,
        0xFD,0x57,0x4A,0x46,0x43,0x4F,0x43,0x46,0x44,0x57,0x5C,0x42,0x42,0x02,0x3F,0x6C,0x6C,0x6C,0x6C,0xFD,0xC1,0x01,0xF7,0xFE,0x71,0x01,0x8F,0xFE,0x71,0x01,0x8F,0xFE,
        0x09,0x01,0x6B,0xFE,0x95,0x00,0x00,0x00,0x00,0x01,0x00,0x30,0x00,0x00,0x01,0x7A,0x02,0xBC,0x00,0x19,0x00,0x00,0x01,0x1E,0x01,0x1D,0x01,0x14,0x2B,0x01,0x35,0x33,
        0x32,0x36,0x3D,0x01,0x34,0x26,0x2B,0x01,0x35,0x37,0x23,0x11,0x23,0x11,0x21,0x15,0x01,0x0D,0x3C,0x31,0x9E,0x1E,0x1E,0x2A,0x26,0x26,0x2A,0x1C,0x63,0xA5,0x4E,0x01,
        0x40,0x01,0x9F,0x0B,0x53,0x47,0x50,0xAA,0x47,0x2B,0x33,0x59,0x33,0x2B,0x43,0xD6,0xFD,0x8B,0x02,0xBC,0x46,0x00,0x00,0x00,0x00,0x02,0x00,0x0F,0x00,0x00,0x01,0x77,
        0x03,0x70,0x00,0x03,0x00,0x0C,0x00,0x00,0x13,0x27,0x33,0x17,0x03,0x11,0x03,0x33,0x1B,0x01,0x33,0x03,0x11,0xB7,0x60,0x57,0x46,0x58,0x8D,0x53,0x64,0x64,0x4D,0x8D,
        0x02,0xF0,0x80,0x80,0xFD,0x10,0x01,0x33,0x01,0x89,0xFE,0xDC,0x01,0x24,0xFE,0x77,0xFE,0xCD,0x00,0x00,0x00,0x02,0x00,0x11,0xFF,0x5B,0x01,0x51,0x02,0xB5,0x00,0x03,
        0x00,0x15,0x00,0x00,0x13,0x27,0x33,0x17,0x03,0x22,0x27,0x35,0x16,0x33,0x32,0x36,0x3F,0x01,0x03,0x33,0x1B,0x01,0x33,0x03,0x0E,0x01,0xA6,0x60,0x57,0x46,0x8A,0x21,
        0x12,0x10,0x18,0x1B,0x19,0x07,0x0A,0x82,0x4D,0x5A,0x52,0x47,0x7F,0x0D,0x38,0x02,0x35,0x80,0x80,0xFD,0x26,0x0A,0x41,0x08,0x16,0x1E,0x24,0x02,0x01,0xFE,0x81,0x01,
        0x7F,0xFD,0xD0,0x3A,0x32,0x00,0x00,0x00,0x00,0x01,0x00,0x00,0x01,0x0F,0x01,0x90,0x01,0x49,0x00,0x03,0x00,0x00,0x11,0x35,0x21,0x15,0x01,0x90,0x01,0x0F,0x3A,0x3A,
        0x00,0x01,0x00,0x00,0x01,0x0F,0x01,0x2C,0x01,0x49,0x00,0x03,0x00,0x00,0x11,0x35,0x21,0x15,0x01,0x2C,0x01,0x0F,0x3A,0x3A,0x00,0x01,0x00,0x00,0x01,0x0F,0x01,0xF4,
        0x01,0x49,0x00,0x03,0x00,0x00,0x11,0x35,0x21,0x15,0x01,0xF4,0x01,0x0F,0x3A,0x3A,0x00,0x01,0x00,0x34,0x01,0xED,0x00,0x8A,0x02,0xBE,0x00,0x06,0x00,0x00,0x13,0x07,
        0x33,0x15,0x23,0x35,0x37,0x8A,0x23,0x1C,0x4F,0x31,0x02,0xBE,0x6C,0x65,0x5D,0x74,0x00,0x01,0x00,0x2E,0x01,0xEC,0x00,0x83,0x02,0xBC,0x00,0x06,0x00,0x00,0x13,0x37,
        0x23,0x35,0x33,0x15,0x07,0x2E,0x22,0x1C,0x4F,0x31,0x01,0xEC,0x6C,0x64,0x5D,0x73,0x00,0x01,0x00,0x2E,0xFF,0x94,0x00,0x83,0x00,0x65,0x00,0x06,0x00,0x00,0x17,0x37,
        0x23,0x35,0x33,0x15,0x07,0x2E,0x22,0x1C,0x4F,0x31,0x6C,0x6C,0x65,0x5D,0x74,0x00,0x00,0x02,0x00,0x34,0x01,0xEC,0x01,0x08,0x02,0xBC,0x00,0x06,0x00,0x0D,0x00,0x00,
        0x13,0x07,0x33,0x15,0x23,0x35,0x37,0x33,0x07,0x33,0x15,0x23,0x35,0x37,0x8A,0x23,0x1C,0x4F,0x31,0xA3,0x23,0x1C,0x4F,0x31,0x02,0xBC,0x6C,0x64,0x5D,0x73,0x6C,0x64,
        0x5D,0x73,0x00,0x00,0x00,0x02,0x00,0x2E,0x01,0xEC,0x01,0x01,0x02,0xBC,0x00,0x06,0x00,0x0D,0x00,0x00,0x13,0x37,0x23,0x35,0x33,0x15,0x07,0x33,0x37,0x23,0x35,0x33,
        0x15,0x07,0x2E,0x22,0x1C,0x4F,0x31,0x59,0x23,0x1C,0x4F,0x31,0x01,0xEC,0x6C,0x64,0x5D,0x73,0x6C,0x64,0x5D,0x73,0x00,0x00,0x00,0x02,0x00,0x2E,0xFF,0x94,0x01,0x01,
        0x00,0x65,0x00,0x06,0x00,0x0D,0x00,0x00,0x17,0x37,0x23,0x35,0x33,0x15,0x07,0x33,0x37,0x23,0x35,0x33,0x15,0x07,0x2E,0x22,0x1C,0x4F,0x31,0x59,0x23,0x1C,0x4F,0x31,
        0x6C,0x6C,0x65,0x5D,0x74,0x6C,0x65,0x5D,0x74,0x00,0x00,0x00,0x00,0x01,0x00,0x1D,0xFF,0x9F,0x01,0x7F,0x02,0xBC,0x00,0x0B,0x00,0x00,0x17,0x11,0x23,0x35,0x33,0x35,
        0x33,0x15,0x33,0x15,0x23,0x11,0xAA,0x8D,0x8D,0x47,0x8E,0x8E,0x61,0x02,0x17,0x44,0xC2,0xC2,0x44,0xFD,0xE9,0x00,0x00,0x00,0x00,0x01,0x00,0x21,0xFF,0x9F,0x01,0x83,
        0x02,0xBC,0x00,0x13,0x00,0x00,0x17,0x35,0x23,0x35,0x33,0x11,0x23,0x35,0x33,0x35,0x33,0x15,0x33,0x15,0x23,0x11,0x33,0x15,0x23,0x15,0xAF,0x8E,0x8E,0x8E,0x8E,0x47,
        0x8D,0x8D,0x8D,0x8D,0x61,0xCE,0x44,0x01,0x05,0x44,0xC2,0xC2,0x44,0xFE,0xFB,0x44,0xCE,0x00,0x00,0x00,0x00,0x01,0x00,0x57,0x00,0xED,0x00,0xD5,0x01,0x6B,0x00,0x0B,
        0x00,0x00,0x37,0x22,0x26,0x35,0x34,0x36,0x33,0x32,0x16,0x15,0x14,0x06,0x96,0x1A,0x25,0x25,0x1A,0x1B,0x24,0x24,0xED,0x25,0x1A,0x1B,0x24,0x24,0x1B,0x1A,0x25,0x00,
        0x00,0x03,0x00,0x2C,0x00,0x00,0x01,0xC9,0x00,0x65,0x00,0x03,0x00,0x07,0x00,0x0B,0x00,0x00,0x33,0x35,0x33,0x15,0x33,0x35,0x33,0x15,0x33,0x35,0x33,0x15,0x2C,0x4F,
        0x58,0x4F,0x58,0x4F,0x65,0x65,0x65,0x65,0x65,0x65,0x00,0x00,0x00,0x07,0x00,0x1C,0xFF,0xF6,0x03,0x1C,0x02,0xC7,0x00,0x0C,0x00,0x10,0x00,0x18,0x00,0x25,0x00,0x32,
        0x00,0x3A,0x00,0x42,0x00,0x00,0x12,0x22,0x26,0x3D,0x01,0x34,0x36,0x33,0x32,0x16,0x1D,0x01,0x14,0x03,0x01,0x33,0x01,0x02,0x32,0x3D,0x01,0x34,0x22,0x1D,0x01,0x01,
        0x22,0x26,0x3D,0x01,0x34,0x36,0x32,0x16,0x1D,0x01,0x14,0x06,0x33,0x22,0x26,0x3D,0x01,0x34,0x36,0x32,0x16,0x1D,0x01,0x14,0x06,0x24,0x32,0x3D,0x01,0x34,0x22,0x1D,
        0x01,0x16,0x32,0x3D,0x01,0x34,0x22,0x1D,0x01,0xB5,0x64,0x35,0x35,0x32,0x31,0x36,0x71,0x01,0x11,0x35,0xFE,0xF0,0x5D,0x62,0x62,0x01,0x65,0x32,0x35,0x35,0x64,0x35,
        0x36,0xCD,0x32,0x35,0x35,0x64,0x35,0x36,0xFE,0xA0,0x62,0x62,0xFE,0x62,0x62,0x01,0x36,0x39,0x35,0xB4,0x35,0x3A,0x3A,0x35,0xB4,0x35,0xFE,0x91,0x02,0xBC,0xFD,0x44,
        0x01,0x66,0x3A,0xBC,0x3A,0x3A,0xBC,0xFE,0x56,0x3A,0x35,0xB4,0x35,0x39,0x39,0x35,0xB4,0x35,0x3A,0x3A,0x35,0xB4,0x35,0x39,0x39,0x35,0xB4,0x35,0x3A,0x31,0x3A,0xBC,
        0x3A,0x3A,0xBC,0x3A,0x3A,0xBC,0x3A,0x3A,0xBC,0x00,0x00,0x00,0x00,0x01,0x00,0x1B,0x00,0xC4,0x00,0x96,0x01,0x90,0x00,0x05,0x00,0x00,0x37,0x27,0x37,0x33,0x07,0x17,
        0x5C,0x41,0x41,0x3A,0x33,0x33,0xC4,0x68,0x64,0x64,0x68,0x00,0x00,0x01,0x00,0x1D,0x00,0xC4,0x00,0x98,0x01,0x90,0x00,0x05,0x00,0x00,0x3F,0x01,0x27,0x33,0x17,0x07,
        0x1D,0x33,0x33,0x3A,0x41,0x41,0xC4,0x68,0x64,0x64,0x68,0x00,0x00,0x01,0xFF,0x88,0x00,0x00,0x00,0xCF,0x02,0xBC,0x00,0x03,0x00,0x00,0x23,0x01,0x33,0x01,0x78,0x01,
        0x11,0x36,0xFE,0xEF,0x02,0xBC,0xFD,0x44,0x00,0x02,0x00,0x27,0x01,0x55,0x00,0xF5,0x03,0x25,0x00,0x0C,0x00,0x14,0x00,0x00,0x13,0x22,0x26,0x3D,0x01,0x34,0x36,0x32,
        0x16,0x1D,0x01,0x14,0x06,0x26,0x32,0x3D,0x01,0x34,0x22,0x1D,0x01,0x8E,0x32,0x35,0x35,0x64,0x35,0x36,0x62,0x62,0x62,0x01,0x55,0x3A,0x35,0xF3,0x35,0x39,0x39,0x35,
        0xF3,0x35,0x3A,0x31,0x3A,0xFB,0x3A,0x3A,0xFB,0x00,0x00,0x00,0x00,0x02,0x00,0x1B,0x01,0x5F,0x01,0x02,0x03,0x1B,0x00,0x0A,0x00,0x0D,0x00,0x00,0x13,0x35,0x23,0x35,
        0x13,0x33,0x11,0x33,0x15,0x23,0x15,0x27,0x33,0x35,0xA9,0x8E,0x89,0x3B,0x23,0x23,0x92,0x5D,0x01,0x5F,0x57,0x31,0x01,0x34,0xFE,0xCB,0x30,0x57,0x87,0xD6,0x00,0x00,
        0x00,0x01,0x00,0x2A,0x01,0x55,0x00,0xF5,0x03,0x1B,0x00,0x1C,0x00,0x00,0x13,0x22,0x26,0x3D,0x01,0x33,0x15,0x14,0x32,0x3D,0x01,0x34,0x23,0x22,0x07,0x15,0x23,0x37,
        0x33,0x15,0x23,0x07,0x36,0x33,0x32,0x1D,0x01,0x14,0x06,0x90,0x33,0x33,0x33,0x62,0x2E,0x2B,0x07,0x33,0x0D,0xB2,0x83,0x07,0x16,0x2E,0x50,0x33,0x01,0x55,0x3B,0x33,
        0x19,0x1C,0x39,0x39,0x61,0x3A,0x30,0x09,0xF9,0x30,0x83,0x24,0x67,0x62,0x34,0x3A,0x00,0x02,0x00,0x2A,0x01,0x55,0x00,0xF8,0x03,0x25,0x00,0x18,0x00,0x22,0x00,0x00,
        0x13,0x22,0x26,0x3D,0x01,0x34,0x33,0x32,0x16,0x1D,0x01,0x23,0x35,0x34,0x23,0x22,0x1D,0x01,0x36,0x33,0x32,0x1D,0x01,0x14,0x06,0x26,0x32,0x3D,0x01,0x34,0x23,0x22,
        0x06,0x1D,0x01,0x91,0x32,0x35,0x67,0x31,0x35,0x33,0x31,0x33,0x14,0x32,0x52,0x36,0x62,0x62,0x30,0x17,0x1B,0x01,0x55,0x3A,0x35,0xF1,0x70,0x39,0x35,0x06,0x0A,0x3A,
        0x43,0x65,0x29,0x65,0x4D,0x35,0x3A,0x31,0x39,0x4D,0x3A,0x20,0x1D,0x4A,0x00,0x00,0x00,0x01,0x00,0x26,0x01,0x5F,0x00,0xF2,0x03,0x1B,0x00,0x06,0x00,0x00,0x1B,0x01,
        0x23,0x35,0x33,0x15,0x03,0x43,0x7A,0x97,0xCC,0x78,0x01,0x5F,0x01,0x8C,0x30,0x2F,0xFE,0x73,0x00,0x00,0x00,0x03,0x00,0x22,0x01,0x55,0x00,0xFA,0x03,0x25,0x00,0x18,
        0x00,0x20,0x00,0x28,0x00,0x00,0x12,0x22,0x26,0x3D,0x01,0x34,0x37,0x35,0x26,0x3D,0x01,0x34,0x36,0x33,0x32,0x16,0x1D,0x01,0x14,0x07,0x15,0x16,0x1D,0x01,0x14,0x26,
        0x32,0x3D,0x01,0x34,0x22,0x1D,0x01,0x02,0x32,0x3D,0x01,0x34,0x22,0x1D,0x01,0xC2,0x6A,0x36,0x31,0x2E,0x36,0x32,0x34,0x36,0x2F,0x32,0x9F,0x66,0x66,0x03,0x6C,0x6C,
        0x01,0x55,0x3A,0x34,0x26,0x47,0x15,0x02,0x15,0x43,0x19,0x34,0x39,0x39,0x34,0x19,0x43,0x15,0x02,0x15,0x47,0x26,0x34,0xD0,0x39,0x21,0x3C,0x3C,0x21,0xFE,0xEE,0x3D,
        0x2F,0x3D,0x3D,0x2F,0x00,0x02,0x00,0x23,0x01,0x55,0x00,0xF2,0x03,0x25,0x00,0x18,0x00,0x23,0x00,0x00,0x13,0x22,0x26,0x3D,0x01,0x33,0x15,0x14,0x33,0x32,0x3D,0x01,
        0x06,0x23,0x22,0x3D,0x01,0x34,0x36,0x33,0x32,0x16,0x1D,0x01,0x14,0x27,0x32,0x36,0x3D,0x01,0x34,0x23,0x22,0x1D,0x01,0x14,0x8A,0x31,0x34,0x33,0x31,0x33,0x16,0x31,
        0x52,0x36,0x32,0x31,0x36,0x69,0x17,0x1C,0x31,0x32,0x01,0x55,0x39,0x36,0x06,0x0A,0x3A,0x42,0x65,0x29,0x66,0x4D,0x35,0x39,0x39,0x35,0xF1,0x71,0xE0,0x20,0x1C,0x4A,
        0x3A,0x3A,0x4D,0x39,0x00,0x02,0x00,0x27,0xFF,0xB5,0x00,0xF5,0x01,0x85,0x00,0x0B,0x00,0x13,0x00,0x00,0x16,0x22,0x26,0x3D,0x01,0x34,0x36,0x32,0x16,0x1D,0x01,0x14,
        0x06,0x32,0x3D,0x01,0x34,0x22,0x1D,0x01,0xC0,0x64,0x35,0x35,0x64,0x35,0x98,0x62,0x62,0x4B,0x39,0x36,0xF3,0x35,0x39,0x39,0x35,0xF3,0x36,0x09,0x3B,0xFB,0x3A,0x3A,
        0xFB,0x00,0x00,0x00,0x00,0x01,0x00,0x3E,0xFF,0xBF,0x00,0xC0,0x01,0x7B,0x00,0x09,0x00,0x00,0x17,0x11,0x06,0x07,0x35,0x3E,0x01,0x37,0x33,0x11,0x8A,0x21,0x2B,0x28,
        0x29,0x0C,0x25,0x41,0x01,0x66,0x0A,0x02,0x28,0x01,0x1A,0x1F,0xFE,0x44,0x00,0x00,0x00,0x01,0x00,0x2B,0xFF,0xBF,0x00,0xF5,0x01,0x85,0x00,0x1D,0x00,0x00,0x17,0x35,
        0x34,0x36,0x37,0x3E,0x01,0x35,0x34,0x23,0x22,0x1D,0x01,0x23,0x35,0x34,0x36,0x33,0x32,0x16,0x15,0x14,0x06,0x07,0x0E,0x01,0x1D,0x01,0x33,0x15,0x2B,0x24,0x29,0x27,
        0x20,0x30,0x31,0x33,0x32,0x33,0x32,0x33,0x28,0x2D,0x24,0x1C,0x90,0x41,0x2A,0x34,0x4D,0x2A,0x28,0x3A,0x22,0x3D,0x3A,0x25,0x22,0x33,0x3A,0x39,0x32,0x2B,0x4A,0x2F,
        0x27,0x34,0x22,0x0A,0x30,0x00,0x00,0x00,0x00,0x01,0x00,0x25,0xFF,0xB5,0x00,0xF0,0x01,0x85,0x00,0x22,0x00,0x00,0x17,0x22,0x3D,0x01,0x33,0x15,0x14,0x32,0x3D,0x01,
        0x34,0x2B,0x01,0x35,0x33,0x32,0x3D,0x01,0x34,0x22,0x1D,0x01,0x23,0x35,0x34,0x32,0x1D,0x01,0x14,0x07,0x15,0x16,0x1D,0x01,0x14,0x8A,0x65,0x33,0x62,0x36,0x1A,0x1D,
        0x33,0x62,0x32,0xCA,0x33,0x33,0x4B,0x6F,0x22,0x26,0x3B,0x40,0x2A,0x40,0x30,0x3B,0x1B,0x40,0x3A,0x1A,0x16,0x6E,0x6E,0x14,0x47,0x13,0x02,0x11,0x4B,0x27,0x6F,0x00,
        0x00,0x02,0x00,0x1B,0xFF,0xBF,0x01,0x02,0x01,0x7B,0x00,0x0A,0x00,0x0D,0x00,0x00,0x17,0x35,0x23,0x35,0x13,0x33,0x11,0x33,0x15,0x23,0x15,0x27,0x33,0x35,0xA9,0x8E,
        0x89,0x3B,0x23,0x23,0x92,0x5D,0x41,0x57,0x31,0x01,0x34,0xFE,0xCB,0x30,0x57,0x87,0xD6,0x00,0x00,0x00,0x00,0x01,0x00,0x2A,0xFF,0xB5,0x00,0xF5,0x01,0x7B,0x00,0x1C,
        0x00,0x00,0x17,0x22,0x26,0x3D,0x01,0x33,0x15,0x14,0x32,0x3D,0x01,0x34,0x23,0x22,0x07,0x15,0x23,0x37,0x33,0x15,0x23,0x07,0x36,0x33,0x32,0x1D,0x01,0x14,0x06,0x90,
        0x33,0x33,0x33,0x62,0x2E,0x2B,0x07,0x33,0x0D,0xB2,0x83,0x07,0x16,0x2E,0x50,0x33,0x4B,0x3A,0x34,0x19,0x1C,0x3A,0x3A,0x61,0x3A,0x30,0x09,0xF9,0x30,0x83,0x24,0x67,
        0x62,0x34,0x3A,0x00,0x00,0x02,0x00,0x2A,0xFF,0xB5,0x00,0xF8,0x01,0x85,0x00,0x18,0x00,0x22,0x00,0x00,0x17,0x22,0x26,0x3D,0x01,0x34,0x33,0x32,0x16,0x1D,0x01,0x23,
        0x35,0x34,0x23,0x22,0x1D,0x01,0x36,0x33,0x32,0x1D,0x01,0x14,0x06,0x26,0x32,0x3D,0x01,0x34,0x23,0x22,0x06,0x1D,0x01,0x91,0x32,0x35,0x67,0x31,0x35,0x33,0x31,0x33,
        0x14,0x32,0x52,0x36,0x62,0x62,0x30,0x17,0x1B,0x4B,0x3A,0x35,0xF1,0x70,0x39,0x35,0x06,0x0A,0x3A,0x43,0x65,0x29,0x65,0x4D,0x35,0x3A,0x30,0x3A,0x4D,0x3A,0x20,0x1D,
        0x4A,0x00,0x00,0x00,0x00,0x01,0x00,0x26,0xFF,0xBF,0x00,0xF2,0x01,0x7B,0x00,0x06,0x00,0x00,0x17,0x13,0x23,0x35,0x33,0x15,0x03,0x43,0x7A,0x97,0xCC,0x78,0x41,0x01,
        0x8C,0x30,0x2F,0xFE,0x73,0x00,0x00,0x00,0x00,0x03,0x00,0x22,0xFF,0xB5,0x00,0xFA,0x01,0x85,0x00,0x18,0x00,0x20,0x00,0x28,0x00,0x00,0x16,0x22,0x26,0x3D,0x01,0x34,
        0x37,0x35,0x26,0x3D,0x01,0x34,0x36,0x33,0x32,0x16,0x1D,0x01,0x14,0x07,0x15,0x16,0x1D,0x01,0x14,0x26,0x32,0x3D,0x01,0x34,0x22,0x1D,0x01,0x02,0x32,0x3D,0x01,0x34,
        0x22,0x1D,0x01,0xC2,0x6A,0x36,0x31,0x2E,0x36,0x32,0x34,0x36,0x2F,0x32,0x9F,0x66,0x66,0x03,0x6C,0x6C,0x4B,0x3A,0x34,0x26,0x47,0x15,0x02,0x15,0x43,0x19,0x34,0x39,
        0x39,0x34,0x19,0x43,0x15,0x02,0x15,0x47,0x26,0x34,0xD0,0x39,0x21,0x3C,0x3C,0x21,0xFE,0xED,0x3E,0x2F,0x3D,0x3D,0x2F,0x00,0x00,0x02,0x00,0x23,0xFF,0xB5,0x00,0xF2,
        0x01,0x85,0x00,0x18,0x00,0x23,0x00,0x00,0x17,0x22,0x26,0x3D,0x01,0x33,0x15,0x14,0x33,0x32,0x3D,0x01,0x06,0x23,0x22,0x3D,0x01,0x34,0x36,0x33,0x32,0x16,0x1D,0x01,
        0x14,0x27,0x32,0x36,0x3D,0x01,0x34,0x23,0x22,0x1D,0x01,0x14,0x8A,0x31,0x34,0x33,0x31,0x33,0x16,0x31,0x52,0x36,0x32,0x31,0x36,0x69,0x17,0x1C,0x31,0x32,0x4B,0x39,
        0x36,0x06,0x0A,0x3B,0x43,0x65,0x29,0x66,0x4D,0x35,0x39,0x39,0x35,0xF1,0x71,0xE0,0x20,0x1C,0x4A,0x3A,0x3A,0x4D,0x39,0x00,0x00,0x01,0x00,0x1A,0xFF,0xF6,0x01,0x72,
        0x02,0xC6,0x00,0x27,0x00,0x00,0x04,0x22,0x26,0x3D,0x01,0x23,0x35,0x33,0x35,0x23,0x35,0x33,0x35,0x34,0x36,0x32,0x16,0x1D,0x01,0x23,0x35,0x34,0x22,0x1D,0x01,0x33,
        0x15,0x23,0x15,0x33,0x15,0x23,0x15,0x14,0x32,0x3D,0x01,0x33,0x15,0x14,0x01,0x23,0x98,0x4F,0x22,0x22,0x22,0x22,0x4F,0x98,0x4F,0x4A,0x9E,0xAA,0xAA,0xAA,0xAA,0x9E,
        0x4A,0x0A,0x59,0x51,0x7C,0x2E,0x42,0x2D,0x63,0x52,0x58,0x58,0x52,0x26,0x2B,0x5E,0x5E,0x68,0x2D,0x42,0x2E,0x81,0x5E,0x5E,0x43,0x3E,0x51,0x00,0x00,0x01,0x00,0x21,
        0x00,0x00,0x01,0x73,0x02,0xBC,0x00,0x19,0x00,0x00,0x1B,0x01,0x23,0x03,0x35,0x33,0x32,0x37,0x23,0x35,0x33,0x26,0x2B,0x01,0x37,0x21,0x07,0x23,0x16,0x17,0x33,0x15,
        0x23,0x0E,0x01,0x23,0x81,0xF2,0x60,0xF2,0x64,0x69,0x02,0xCF,0xCF,0x02,0x69,0x64,0x01,0x01,0x50,0x01,0x61,0x28,0x05,0x34,0x34,0x04,0x5B,0x3E,0x01,0x45,0xFE,0xBB,
        0x01,0x45,0x3F,0x5D,0x3F,0x5D,0x3F,0x3F,0x1F,0x3E,0x3F,0x47,0x55,0x00,0x00,0x00,0x00,0x03,0x00,0x56,0x00,0x02,0x02,0x37,0x02,0xBB,0x00,0x4A,0x00,0x51,0x00,0x55,
        0x00,0x00,0x01,0x32,0x15,0x06,0x07,0x06,0x07,0x06,0x07,0x06,0x2B,0x01,0x22,0x37,0x11,0x07,0x06,0x23,0x22,0x2F,0x02,0x35,0x34,0x3F,0x01,0x35,0x0F,0x01,0x23,0x22,
        0x2F,0x02,0x35,0x34,0x3F,0x01,0x35,0x34,0x3B,0x01,0x32,0x1D,0x01,0x3F,0x01,0x33,0x32,0x1F,0x02,0x15,0x14,0x0F,0x01,0x15,0x3F,0x01,0x33,0x32,0x1F,0x02,0x15,0x14,
        0x0F,0x01,0x11,0x36,0x37,0x36,0x37,0x34,0x33,0x01,0x32,0x37,0x22,0x06,0x22,0x23,0x37,0x36,0x37,0x06,0x02,0x27,0x10,0x02,0x1D,0x1F,0x38,0x39,0x4D,0x2C,0x29,0x0D,
        0x11,0x01,0x55,0x03,0x05,0x0C,0x01,0x07,0x02,0x0D,0x66,0x56,0x04,0x02,0x0A,0x04,0x07,0x02,0x0D,0x66,0x10,0x32,0x10,0x7D,0x04,0x01,0x0B,0x04,0x07,0x01,0x0C,0x8D,
        0x7D,0x04,0x01,0x0B,0x04,0x07,0x01,0x0C,0x8D,0x5B,0x35,0x37,0x03,0x10,0xFE,0xE4,0x0F,0x15,0x03,0x09,0x08,0x03,0x25,0x19,0x16,0x1C,0x01,0x14,0x10,0x40,0x37,0x36,
        0x24,0x23,0x09,0x05,0x10,0x01,0x22,0x18,0x01,0x0B,0x18,0x03,0x02,0x0A,0x05,0x1E,0x35,0x1A,0x01,0x0C,0x18,0x04,0x01,0x0B,0x04,0x1E,0xCB,0x10,0x10,0xB5,0x25,0x02,
        0x0D,0x17,0x04,0x02,0x0A,0x04,0x29,0x36,0x25,0x01,0x0C,0x17,0x04,0x02,0x0A,0x04,0x29,0xFE,0xFF,0x05,0x33,0x34,0x4D,0x10,0xFE,0xF4,0x01,0x01,0x01,0x01,0x03,0x03,
        0x00,0x02,0x00,0x16,0x00,0x00,0x01,0x7A,0x02,0xBC,0x00,0x15,0x00,0x1F,0x00,0x00,0x13,0x32,0x1D,0x01,0x14,0x2B,0x01,0x15,0x33,0x15,0x23,0x15,0x23,0x35,0x23,0x35,
        0x33,0x35,0x23,0x35,0x33,0x11,0x17,0x35,0x34,0x26,0x2B,0x01,0x15,0x33,0x32,0x36,0xDC,0x9E,0x9E,0x3C,0x76,0x76,0x4E,0x3C,0x3C,0x3C,0x3C,0xDA,0x26,0x2A,0x3C,0x3C,
        0x2A,0x26,0x02,0xBC,0xAA,0x23,0xA9,0x59,0x47,0xA6,0xA6,0x47,0x59,0x47,0x01,0x2F,0xD1,0x2C,0x33,0x2B,0xE8,0x2B,0x00,0x00,0x00,0x03,0x00,0x18,0xFF,0xC9,0x01,0x74,
        0x02,0xE9,0x00,0x1F,0x00,0x29,0x00,0x33,0x00,0x00,0x01,0x16,0x1D,0x01,0x14,0x07,0x15,0x23,0x35,0x23,0x15,0x23,0x35,0x23,0x35,0x33,0x11,0x23,0x35,0x33,0x35,0x33,
        0x15,0x33,0x35,0x33,0x15,0x16,0x1D,0x01,0x14,0x07,0x37,0x34,0x26,0x2B,0x01,0x15,0x33,0x32,0x36,0x35,0x13,0x35,0x34,0x26,0x2B,0x01,0x15,0x33,0x32,0x36,0x01,0x1A,
        0x5A,0x6A,0x34,0x41,0x34,0x49,0x2B,0x2B,0x49,0x34,0x41,0x34,0x5F,0x4F,0x01,0x26,0x2C,0x38,0x2E,0x2F,0x2D,0x0B,0x2D,0x36,0x32,0x42,0x2B,0x28,0x01,0x68,0x1C,0x79,
        0x17,0x85,0x18,0x56,0x50,0x50,0x50,0x47,0x01,0xFC,0x47,0x46,0x46,0x46,0x4D,0x18,0x7D,0x0F,0x71,0x1D,0x92,0x33,0x2D,0xD5,0x2D,0x33,0xFE,0xD7,0x19,0x39,0x30,0xE0,
        0x2C,0x00,0x00,0x00,0x00,0x01,0x00,0x2F,0xFF,0xF6,0x00,0xD6,0x02,0xBC,0x00,0x0C,0x00,0x00,0x17,0x22,0x35,0x11,0x33,0x11,0x14,0x16,0x33,0x32,0x37,0x15,0x06,0x9E,
        0x6F,0x4C,0x16,0x1C,0x18,0x11,0x16,0x0A,0x73,0x02,0x53,0xFD,0xB6,0x1D,0x1B,0x08,0x42,0x0A,0x00,0x00,0x00,0x04,0x00,0x30,0x00,0x00,0x02,0x6E,0x02,0xBC,0x00,0x09,
        0x00,0x17,0x00,0x21,0x00,0x25,0x00,0x00,0x33,0x11,0x33,0x13,0x11,0x33,0x11,0x23,0x03,0x11,0x01,0x22,0x26,0x3D,0x01,0x34,0x36,0x33,0x32,0x16,0x1D,0x01,0x14,0x06,
        0x27,0x32,0x3D,0x01,0x34,0x23,0x22,0x1D,0x01,0x14,0x07,0x35,0x33,0x15,0x30,0x66,0x7D,0x47,0x53,0x90,0x01,0x8D,0x32,0x38,0x38,0x32,0x33,0x37,0x37,0x33,0x35,0x35,
        0x34,0x32,0xCD,0x02,0xBC,0xFE,0x0C,0x01,0xF4,0xFD,0x44,0x02,0x39,0xFD,0xC7,0x01,0x1C,0x3D,0x38,0x8F,0x37,0x3D,0x3C,0x38,0x8F,0x38,0x3D,0x31,0x3F,0x99,0x3F,0x3F,
        0x99,0x3F,0x9A,0x30,0x30,0x00,0x00,0x00,0x00,0x04,0x00,0x1D,0xFF,0xF6,0x02,0xD5,0x02,0xC6,0x00,0x07,0x00,0x11,0x00,0x1B,0x00,0x25,0x00,0x00,0x04,0x20,0x26,0x10,
        0x36,0x20,0x16,0x10,0x05,0x32,0x36,0x10,0x26,0x23,0x22,0x06,0x10,0x16,0x37,0x11,0x33,0x32,0x1D,0x01,0x14,0x2B,0x01,0x15,0x35,0x33,0x32,0x36,0x3D,0x01,0x34,0x26,
        0x2B,0x01,0x02,0x0F,0xFE,0xD4,0xC6,0xC6,0x01,0x2C,0xC6,0xFE,0xA4,0x80,0xA5,0xA5,0x80,0x7F,0xA5,0xA5,0x26,0x6E,0x6D,0x6D,0x34,0x31,0x1C,0x1A,0x1A,0x1C,0x31,0x0A,
        0xCD,0x01,0x36,0xCD,0xCD,0xFE,0xCA,0x97,0xAD,0x01,0x0A,0xAD,0xAC,0xFE,0xF4,0xAC,0x53,0x01,0xAC,0x6D,0x27,0x6D,0xAB,0xE1,0x1C,0x21,0x1B,0x22,0x1B,0x00,0x00,0x00,
        0x00,0x02,0x00,0x1B,0x01,0x50,0x02,0x2A,0x02,0xC2,0x00,0x24,0x00,0x31,0x00,0x00,0x12,0x22,0x26,0x3D,0x01,0x33,0x15,0x14,0x32,0x35,0x34,0x26,0x27,0x2E,0x01,0x35,
        0x34,0x36,0x33,0x32,0x16,0x1D,0x01,0x23,0x35,0x34,0x23,0x22,0x06,0x15,0x14,0x16,0x17,0x1E,0x01,0x15,0x14,0x17,0x11,0x33,0x1B,0x01,0x33,0x11,0x23,0x11,0x03,0x23,
        0x03,0x11,0xAD,0x5E,0x34,0x33,0x5E,0x1E,0x25,0x2A,0x24,0x33,0x2D,0x2E,0x32,0x33,0x2B,0x14,0x18,0x1E,0x26,0x2A,0x22,0x2D,0x4E,0x40,0x3F,0x4F,0x33,0x48,0x29,0x49,
        0x01,0x50,0x2F,0x2B,0x14,0x13,0x2E,0x2E,0x1C,0x1F,0x13,0x14,0x32,0x26,0x2A,0x33,0x2F,0x2A,0x0A,0x09,0x2D,0x17,0x15,0x19,0x1E,0x14,0x16,0x32,0x26,0x2D,0x2B,0x01,
        0x64,0xFE,0xFF,0x01,0x01,0xFE,0x9C,0x01,0x21,0xFE,0xDF,0x01,0x21,0xFE,0xDF,0x00,0x00,0x02,0x00,0x0E,0x01,0x58,0x02,0x2C,0x02,0xBC,0x00,0x07,0x00,0x14,0x00,0x00,
        0x13,0x11,0x23,0x35,0x33,0x15,0x23,0x11,0x33,0x11,0x33,0x1B,0x01,0x33,0x11,0x23,0x11,0x03,0x23,0x03,0x11,0x5E,0x50,0xD5,0x4F,0x7C,0x4E,0x40,0x3F,0x4F,0x33,0x48,
        0x29,0x49,0x01,0x58,0x01,0x33,0x31,0x31,0xFE,0xCD,0x01,0x64,0xFE,0xFF,0x01,0x01,0xFE,0x9C,0x01,0x21,0xFE,0xDF,0x01,0x21,0xFE,0xDF,0x00,0x00,0x00,0x01,0x00,0x26,
        0x00,0x00,0x01,0x67,0x02,0xC6,0x00,0x20,0x00,0x00,0x33,0x35,0x33,0x2E,0x01,0x3D,0x01,0x34,0x36,0x32,0x16,0x1D,0x01,0x14,0x06,0x07,0x33,0x15,0x23,0x35,0x3E,0x01,
        0x35,0x11,0x34,0x23,0x22,0x15,0x11,0x14,0x16,0x17,0x15,0x26,0x57,0x30,0x27,0x53,0x9A,0x54,0x28,0x2F,0x57,0x8E,0x24,0x1C,0x53,0x52,0x1C,0x23,0x47,0x32,0x6F,0x56,
        0xDC,0x53,0x59,0x59,0x53,0xDC,0x55,0x6F,0x33,0x47,0x47,0x2E,0x60,0x49,0x01,0x01,0x60,0x60,0xFE,0xFF,0x49,0x60,0x2E,0x47,0x00,0x02,0x00,0x21,0xFF,0xF6,0x03,0x19,
        0x02,0xC6,0x00,0x17,0x00,0x27,0x00,0x00,0x05,0x22,0x26,0x10,0x36,0x20,0x16,0x1D,0x01,0x21,0x22,0x1D,0x01,0x14,0x17,0x1E,0x01,0x33,0x32,0x36,0x37,0x33,0x0E,0x01,
        0x01,0x21,0x32,0x3D,0x01,0x34,0x27,0x2E,0x01,0x23,0x22,0x07,0x06,0x1D,0x01,0x14,0x01,0x9D,0x9D,0xDF,0xDF,0x01,0x3A,0xDF,0xFD,0x9B,0x08,0x0B,0x25,0x7C,0x47,0x48,
        0x7E,0x2E,0x38,0x36,0x9F,0xFE,0xBE,0x01,0xD5,0x07,0x0C,0x2A,0x78,0x43,0x7E,0x6A,0x0B,0x0A,0xD4,0x01,0x28,0xD4,0xD4,0x94,0x09,0x07,0xC1,0x06,0x0F,0x35,0x37,0x40,
        0x38,0x42,0x4C,0x01,0x73,0x07,0xC4,0x08,0x0E,0x31,0x35,0x6A,0x0B,0x0B,0xC0,0x07,0x00,0x03,0x00,0x3E,0xFF,0xF6,0x02,0x62,0x02,0xBC,0x00,0x09,0x00,0x0D,0x00,0x31,
        0x00,0x00,0x13,0x11,0x06,0x07,0x35,0x3E,0x01,0x37,0x33,0x11,0x03,0x01,0x33,0x01,0x05,0x22,0x26,0x3D,0x01,0x33,0x15,0x14,0x32,0x3D,0x01,0x34,0x2B,0x01,0x35,0x33,
        0x32,0x3D,0x01,0x34,0x22,0x1D,0x01,0x23,0x35,0x34,0x32,0x1D,0x01,0x14,0x07,0x15,0x16,0x1D,0x01,0x14,0x8A,0x21,0x2B,0x28,0x29,0x0C,0x25,0x1C,0x01,0x10,0x36,0xFE,
        0xF0,0x01,0x22,0x32,0x33,0x33,0x62,0x36,0x1A,0x1D,0x33,0x62,0x32,0xCA,0x33,0x33,0x01,0x00,0x01,0x66,0x0A,0x02,0x28,0x01,0x1A,0x1F,0xFE,0x44,0xFF,0x00,0x02,0xBC,
        0xFD,0x44,0x0A,0x3B,0x34,0x22,0x26,0x3A,0x3F,0x2A,0x40,0x30,0x3B,0x1B,0x40,0x3A,0x1A,0x16,0x6E,0x6E,0x14,0x46,0x14,0x02,0x11,0x4B,0x27,0x6F,0x00,0x03,0x00,0x2B,
        0xFF,0xF6,0x02,0x62,0x02,0xC6,0x00,0x1D,0x00,0x21,0x00,0x45,0x00,0x00,0x13,0x35,0x34,0x36,0x37,0x3E,0x01,0x35,0x34,0x23,0x22,0x1D,0x01,0x23,0x35,0x34,0x36,0x33,
        0x32,0x16,0x15,0x14,0x06,0x07,0x0E,0x01,0x1D,0x01,0x33,0x15,0x03,0x01,0x33,0x01,0x05,0x22,0x26,0x3D,0x01,0x33,0x15,0x14,0x32,0x3D,0x01,0x34,0x2B,0x01,0x35,0x33,
        0x32,0x3D,0x01,0x34,0x22,0x1D,0x01,0x23,0x35,0x34,0x32,0x1D,0x01,0x14,0x07,0x15,0x16,0x1D,0x01,0x14,0x2B,0x24,0x29,0x27,0x20,0x30,0x31,0x33,0x32,0x33,0x32,0x33,
        0x28,0x2D,0x24,0x1C,0x90,0x4C,0x01,0x10,0x36,0xFE,0xF0,0x01,0x22,0x32,0x33,0x33,0x62,0x36,0x1A,0x1D,0x33,0x62,0x32,0xCA,0x33,0x33,0x01,0x00,0x2B,0x33,0x4D,0x2A,
        0x28,0x3A,0x22,0x3D,0x3A,0x25,0x22,0x33,0x3A,0x39,0x32,0x2B,0x4A,0x2F,0x27,0x34,0x21,0x0A,0x31,0xFF,0x00,0x02,0xBC,0xFD,0x44,0x0A,0x3B,0x34,0x22,0x26,0x3A,0x3F,
        0x2A,0x40,0x30,0x3B,0x1B,0x40,0x3A,0x1A,0x16,0x6E,0x6E,0x14,0x46,0x14,0x02,0x11,0x4B,0x27,0x6F,0x00,0x00,0x05,0x00,0x3E,0xFF,0xF6,0x02,0x6C,0x02,0xBC,0x00,0x09,
        0x00,0x0D,0x00,0x26,0x00,0x2E,0x00,0x36,0x00,0x00,0x13,0x11,0x06,0x07,0x35,0x3E,0x01,0x37,0x33,0x11,0x03,0x01,0x33,0x01,0x04,0x22,0x26,0x3D,0x01,0x34,0x37,0x35,
        0x26,0x3D,0x01,0x34,0x36,0x33,0x32,0x16,0x1D,0x01,0x14,0x07,0x15,0x16,0x1D,0x01,0x14,0x26,0x32,0x3D,0x01,0x34,0x22,0x1D,0x01,0x02,0x32,0x3D,0x01,0x34,0x22,0x1D,
        0x01,0x8A,0x21,0x2B,0x28,0x29,0x0C,0x25,0x1C,0x01,0x10,0x36,0xFE,0xF0,0x01,0x5A,0x6A,0x36,0x31,0x2E,0x36,0x32,0x34,0x36,0x2F,0x32,0x9F,0x66,0x66,0x03,0x6C,0x6C,
        0x01,0x00,0x01,0x66,0x0A,0x02,0x28,0x01,0x1A,0x1F,0xFE,0x44,0xFF,0x00,0x02,0xBC,0xFD,0x44,0x0A,0x3A,0x34,0x26,0x47,0x15,0x02,0x15,0x43,0x19,0x34,0x39,0x39,0x34,
        0x19,0x43,0x15,0x02,0x15,0x47,0x26,0x34,0xD0,0x39,0x21,0x3C,0x3C,0x21,0xFE,0xEE,0x3D,0x2F,0x3D,0x3D,0x2F,0x00,0x00,0x00,0x00,0x05,0x00,0x25,0xFF,0xF6,0x02,0x6C,
        0x02,0xC6,0x00,0x23,0x00,0x27,0x00,0x40,0x00,0x48,0x00,0x50,0x00,0x00,0x37,0x22,0x26,0x3D,0x01,0x33,0x15,0x14,0x32,0x3D,0x01,0x34,0x2B,0x01,0x35,0x33,0x32,0x3D,
        0x01,0x34,0x22,0x1D,0x01,0x23,0x35,0x34,0x32,0x1D,0x01,0x14,0x07,0x15,0x16,0x1D,0x01,0x14,0x07,0x01,0x33,0x01,0x04,0x22,0x26,0x3D,0x01,0x34,0x37,0x35,0x26,0x3D,
        0x01,0x34,0x36,0x33,0x32,0x16,0x1D,0x01,0x14,0x07,0x15,0x16,0x1D,0x01,0x14,0x26,0x32,0x3D,0x01,0x34,0x22,0x1D,0x01,0x02,0x32,0x3D,0x01,0x34,0x22,0x1D,0x01,0x8A,
        0x32,0x33,0x33,0x62,0x36,0x1A,0x1D,0x33,0x62,0x32,0xCA,0x33,0x33,0x4C,0x01,0x10,0x36,0xFE,0xF0,0x01,0x5A,0x6A,0x36,0x31,0x2E,0x36,0x32,0x34,0x36,0x2F,0x32,0x9F,
        0x66,0x66,0x03,0x6C,0x6C,0xF6,0x3B,0x34,0x22,0x26,0x3A,0x3F,0x2A,0x40,0x30,0x3B,0x1B,0x40,0x3A,0x1A,0x16,0x6E,0x6E,0x14,0x46,0x14,0x02,0x11,0x4B,0x27,0x6F,0xF6,
        0x02,0xBC,0xFD,0x44,0x0A,0x3A,0x34,0x26,0x47,0x15,0x02,0x15,0x43,0x19,0x34,0x39,0x39,0x34,0x19,0x43,0x15,0x02,0x15,0x47,0x26,0x34,0xD0,0x39,0x21,0x3C,0x3C,0x21,
        0xFE,0xEE,0x3D,0x2F,0x3D,0x3D,0x2F,0x00,0x00,0x05,0x00,0x2A,0xFF,0xF6,0x02,0x6C,0x02,0xBC,0x00,0x1C,0x00,0x20,0x00,0x39,0x00,0x41,0x00,0x49,0x00,0x00,0x37,0x22,
        0x26,0x3D,0x01,0x33,0x15,0x14,0x32,0x3D,0x01,0x34,0x23,0x22,0x07,0x15,0x23,0x37,0x33,0x15,0x23,0x07,0x36,0x33,0x32,0x1D,0x01,0x14,0x06,0x07,0x01,0x33,0x01,0x04,
        0x22,0x26,0x3D,0x01,0x34,0x37,0x35,0x26,0x3D,0x01,0x34,0x36,0x33,0x32,0x16,0x1D,0x01,0x14,0x07,0x15,0x16,0x1D,0x01,0x14,0x26,0x32,0x3D,0x01,0x34,0x22,0x1D,0x01,
        0x02,0x32,0x3D,0x01,0x34,0x22,0x1D,0x01,0x90,0x33,0x33,0x33,0x62,0x2E,0x2B,0x07,0x33,0x0D,0xB2,0x83,0x07,0x16,0x2E,0x50,0x33,0x1E,0x01,0x10,0x36,0xFE,0xF0,0x01,
        0x5A,0x6A,0x36,0x31,0x2E,0x36,0x32,0x34,0x36,0x2F,0x32,0x9F,0x66,0x66,0x03,0x6C,0x6C,0xF6,0x3B,0x33,0x19,0x1C,0x39,0x39,0x61,0x3A,0x30,0x09,0xF9,0x30,0x83,0x24,
        0x67,0x62,0x34,0x3A,0xF6,0x02,0xBC,0xFD,0x44,0x0A,0x3A,0x34,0x26,0x47,0x15,0x02,0x15,0x43,0x19,0x34,0x39,0x39,0x34,0x19,0x43,0x15,0x02,0x15,0x47,0x26,0x34,0xD0,
        0x39,0x21,0x3C,0x3C,0x21,0xFE,0xEE,0x3D,0x2F,0x3D,0x3D,0x2F,0x00,0x05,0x00,0x26,0xFF,0xF6,0x02,0x6C,0x02,0xBC,0x00,0x06,0x00,0x0A,0x00,0x23,0x00,0x2B,0x00,0x33,
        0x00,0x00,0x1B,0x01,0x23,0x35,0x33,0x15,0x03,0x13,0x01,0x33,0x01,0x04,0x22,0x26,0x3D,0x01,0x34,0x37,0x35,0x26,0x3D,0x01,0x34,0x36,0x33,0x32,0x16,0x1D,0x01,0x14,
        0x07,0x15,0x16,0x1D,0x01,0x14,0x26,0x32,0x3D,0x01,0x34,0x22,0x1D,0x01,0x02,0x32,0x3D,0x01,0x34,0x22,0x1D,0x01,0x43,0x7A,0x97,0xCC,0x78,0x2A,0x01,0x10,0x36,0xFE,
        0xF0,0x01,0x5A,0x6A,0x36,0x31,0x2E,0x36,0x32,0x34,0x36,0x2F,0x32,0x9F,0x66,0x66,0x03,0x6C,0x6C,0x01,0x00,0x01,0x8C,0x30,0x2F,0xFE,0x73,0xFF,0x00,0x02,0xBC,0xFD,
        0x44,0x0A,0x3A,0x34,0x26,0x47,0x15,0x02,0x15,0x43,0x19,0x34,0x39,0x39,0x34,0x19,0x43,0x15,0x02,0x15,0x47,0x26,0x34,0xD0,0x39,0x21,0x3C,0x3C,0x21,0xFE,0xEE,0x3D,
        0x2F,0x3D,0x3D,0x2F,0x00,0x02,0x00,0x1E,0xFF,0xF6,0x01,0x7B,0x02,0xC6,0x00,0x1D,0x00,0x29,0x00,0x00,0x17,0x22,0x26,0x35,0x34,0x3F,0x01,0x36,0x33,0x32,0x17,0x37,
        0x36,0x35,0x34,0x23,0x22,0x0F,0x01,0x23,0x37,0x36,0x33,0x32,0x15,0x14,0x07,0x03,0x0E,0x01,0x27,0x32,0x3F,0x01,0x36,0x26,0x23,0x22,0x0F,0x01,0x15,0x14,0xBE,0x4F,
        0x51,0x01,0x09,0x0B,0x7B,0x56,0x1D,0x0B,0x01,0x52,0x4E,0x07,0x01,0x4A,0x01,0x0E,0x92,0x9F,0x01,0x1A,0x06,0x53,0x49,0x4E,0x06,0x08,0x03,0x2B,0x2C,0x49,0x08,0x08,
        0x0A,0x52,0x4B,0x0E,0x07,0x79,0x9A,0x4A,0x9F,0x06,0x0D,0x5D,0x5F,0x0F,0x0D,0xA7,0x9E,0x0F,0x09,0xFE,0x8E,0x52,0x56,0x47,0x5E,0x70,0x30,0x38,0x5B,0x78,0x0C,0x57,
        0x00,0x03,0x00,0x1E,0x00,0x16,0x02,0x90,0x02,0x9C,0x00,0x13,0x00,0x1B,0x00,0x23,0x00,0x00,0x37,0x27,0x37,0x26,0x35,0x34,0x36,0x33,0x32,0x17,0x37,0x17,0x07,0x16,
        0x15,0x14,0x06,0x23,0x22,0x27,0x37,0x01,0x26,0x23,0x22,0x06,0x15,0x14,0x17,0x32,0x36,0x35,0x34,0x27,0x01,0x16,0x55,0x31,0x3F,0x45,0xB1,0x88,0x71,0x55,0x3C,0x30,
        0x3E,0x45,0xB1,0x88,0x73,0x53,0x06,0x01,0x55,0x3F,0x56,0x67,0x88,0xEF,0x66,0x88,0x2E,0xFE,0xAB,0x3E,0x1D,0x2C,0x41,0x56,0x79,0x8A,0xB9,0x45,0x3F,0x2D,0x41,0x56,
        0x79,0x8A,0xB9,0x45,0x66,0x01,0x63,0x35,0x91,0x6F,0x59,0xA7,0x91,0x6F,0x5A,0x3F,0xFE,0x9D,0x36,0x00,0x00,0x02,0x00,0x11,0x00,0x00,0x01,0x7F,0x02,0xBC,0x00,0x03,
        0x00,0x06,0x00,0x00,0x33,0x13,0x33,0x13,0x25,0x33,0x03,0x11,0x82,0x69,0x83,0xFE,0xE6,0xBF,0x60,0x02,0xBC,0xFD,0x44,0x47,0x02,0x17,0x00,0x00,0x00,0x01,0x00,0x39,
        0xFF,0x65,0x01,0x99,0x02,0xBC,0x00,0x07,0x00,0x00,0x17,0x11,0x21,0x11,0x23,0x11,0x23,0x11,0x39,0x01,0x60,0x4E,0xC4,0x9B,0x03,0x57,0xFC,0xA9,0x03,0x10,0xFC,0xF0,
        0x00,0x01,0x00,0x1E,0xFF,0x65,0x01,0x7D,0x02,0xBC,0x00,0x0B,0x00,0x00,0x17,0x35,0x13,0x03,0x35,0x21,0x15,0x21,0x13,0x03,0x21,0x15,0x1E,0xC3,0xC3,0x01,0x5F,0xFE,
        0xF7,0xC0,0xC0,0x01,0x09,0x9B,0x46,0x01,0x67,0x01,0x64,0x46,0x47,0xFE,0x9C,0xFE,0x9B,0x47,0x00,0x00,0x00,0x01,0x00,0x1E,0x01,0x0E,0x01,0x72,0x01,0x4A,0x00,0x03,
        0x00,0x00,0x13,0x35,0x21,0x15,0x1E,0x01,0x54,0x01,0x0E,0x3C,0x3C,0x00,0x00,0x00,0x00,0x01,0x00,0x15,0x00,0x00,0x01,0x7C,0x02,0xBC,0x00,0x03,0x00,0x00,0x33,0x01,
        0x33,0x01,0x15,0x01,0x26,0x41,0xFE,0xD9,0x02,0xBC,0xFD,0x44,0x00,0x01,0x00,0x2B,0x01,0x2C,0x00,0x8F,0x01,0x90,0x00,0x03,0x00,0x00,0x13,0x35,0x33,0x15,0x2B,0x64,
        0x01,0x2C,0x64,0x64,0x00,0x01,0x00,0x16,0xFF,0xBF,0x01,0xBD,0x02,0xBC,0x00,0x08,0x00,0x00,0x17,0x03,0x23,0x35,0x33,0x1B,0x01,0x33,0x03,0xB7,0x55,0x4C,0x8A,0x46,
        0x98,0x3F,0xB5,0x41,0x01,0x81,0x3C,0xFE,0xB6,0x02,0x8A,0xFD,0x03,0x00,0x00,0x00,0x00,0x03,0x00,0x21,0x00,0x8D,0x02,0x5D,0x01,0xCC,0x00,0x16,0x00,0x21,0x00,0x2C,
        0x00,0x00,0x37,0x22,0x26,0x35,0x34,0x36,0x33,0x32,0x16,0x17,0x33,0x36,0x33,0x32,0x16,0x14,0x06,0x23,0x22,0x26,0x27,0x23,0x06,0x27,0x32,0x36,0x37,0x2E,0x01,0x23,
        0x22,0x06,0x14,0x16,0x05,0x32,0x36,0x34,0x26,0x23,0x22,0x06,0x07,0x1E,0x01,0xAF,0x46,0x48,0x48,0x44,0x2E,0x41,0x1F,0x04,0x36,0x5A,0x45,0x49,0x48,0x45,0x2E,0x40,
        0x1F,0x04,0x37,0x54,0x22,0x2E,0x1A,0x20,0x2A,0x21,0x25,0x2C,0x2B,0x01,0x3E,0x25,0x2C,0x2B,0x27,0x21,0x2C,0x1E,0x22,0x2A,0x8D,0x5C,0x45,0x43,0x5B,0x2F,0x35,0x64,
        0x5D,0x88,0x5A,0x2F,0x35,0x64,0x3E,0x2D,0x38,0x37,0x28,0x36,0x56,0x38,0x02,0x37,0x56,0x38,0x2A,0x3B,0x39,0x27,0x00,0x00,0x00,0x01,0x00,0x3C,0xFF,0x56,0x01,0x52,
        0x02,0xEE,0x00,0x15,0x00,0x00,0x17,0x22,0x27,0x35,0x16,0x33,0x32,0x35,0x11,0x34,0x36,0x33,0x32,0x17,0x15,0x26,0x23,0x22,0x15,0x11,0x14,0x06,0x7A,0x25,0x19,0x16,
        0x19,0x35,0x3D,0x38,0x25,0x18,0x11,0x1E,0x35,0x3C,0xAA,0x0A,0x48,0x0B,0x3C,0x02,0x96,0x3E,0x41,0x0A,0x47,0x0A,0x3C,0xFD,0x6A,0x3E,0x41,0x00,0x00,0x02,0x00,0x11,
        0x00,0x9A,0x01,0x80,0x01,0xBF,0x00,0x1E,0x00,0x3D,0x00,0x00,0x13,0x27,0x3E,0x01,0x33,0x32,0x17,0x16,0x33,0x32,0x36,0x37,0x17,0x0E,0x01,0x23,0x22,0x27,0x2E,0x09,
        0x23,0x22,0x06,0x07,0x27,0x3E,0x01,0x33,0x32,0x17,0x16,0x33,0x32,0x36,0x37,0x17,0x0E,0x01,0x23,0x22,0x27,0x2E,0x09,0x23,0x22,0x06,0x3D,0x2C,0x1B,0x33,0x23,0x1F,
        0x2D,0x2E,0x12,0x14,0x1C,0x16,0x2C,0x1C,0x33,0x23,0x1E,0x2E,0x02,0x0C,0x04,0x0A,0x03,0x08,0x04,0x06,0x05,0x06,0x03,0x14,0x1D,0x15,0x2C,0x1B,0x33,0x23,0x1F,0x2D,
        0x2E,0x12,0x14,0x1C,0x16,0x2C,0x1C,0x33,0x23,0x1E,0x2E,0x02,0x0C,0x04,0x0A,0x03,0x08,0x04,0x06,0x05,0x06,0x03,0x14,0x1D,0x01,0x3D,0x21,0x30,0x2E,0x1F,0x1E,0x1D,
        0x23,0x21,0x30,0x2E,0x1F,0x02,0x08,0x02,0x06,0x02,0x05,0x01,0x02,0x01,0x01,0x1E,0xC5,0x21,0x30,0x2E,0x1F,0x1E,0x1D,0x23,0x21,0x30,0x2E,0x1F,0x02,0x08,0x02,0x06,
        0x02,0x05,0x01,0x02,0x01,0x01,0x1E,0x00,0x00,0x01,0x00,0x28,0x00,0x5C,0x01,0x68,0x01,0xFC,0x00,0x13,0x00,0x00,0x3F,0x01,0x23,0x35,0x33,0x37,0x23,0x35,0x33,0x37,
        0x33,0x07,0x33,0x15,0x23,0x07,0x33,0x15,0x23,0x07,0x2D,0x3B,0x40,0x63,0x3F,0xA2,0xC5,0x3B,0x3C,0x3B,0x3F,0x62,0x3F,0xA1,0xC4,0x3B,0x5C,0x61,0x3C,0x66,0x3C,0x61,
        0x61,0x3C,0x66,0x3C,0x61,0x00,0x00,0x00,0x00,0x02,0x00,0x2E,0x00,0x70,0x01,0x5A,0x01,0xE9,0x00,0x06,0x00,0x0A,0x00,0x00,0x2D,0x01,0x35,0x25,0x15,0x07,0x17,0x05,
        0x35,0x21,0x15,0x01,0x5A,0xFE,0xD4,0x01,0x2C,0xDA,0xDA,0xFE,0xD4,0x01,0x2C,0xCC,0x72,0x39,0x72,0x3E,0x50,0x51,0x9A,0x3C,0x3C,0x00,0x00,0x00,0x00,0x02,0x00,0x36,
        0x00,0x70,0x01,0x62,0x01,0xE9,0x00,0x06,0x00,0x0A,0x00,0x00,0x37,0x35,0x37,0x27,0x35,0x05,0x15,0x05,0x35,0x21,0x15,0x36,0xDA,0xDA,0x01,0x2C,0xFE,0xD4,0x01,0x2C,
        0xCC,0x3E,0x51,0x50,0x3E,0x72,0x39,0xCE,0x3C,0x3C,0x00,0x00,0x00,0x02,0x00,0x18,0xFF,0xF6,0x01,0x78,0x02,0xC6,0x00,0x05,0x00,0x09,0x00,0x00,0x17,0x03,0x13,0x33,
        0x13,0x03,0x27,0x37,0x03,0x07,0xBB,0xA3,0xA3,0x1B,0xA2,0xA2,0x0E,0x6D,0x6D,0x6D,0x0A,0x01,0x68,0x01,0x68,0xFE,0x98,0xFE,0x98,0x6A,0xFE,0x00,0xFF,0xFF,0x00,0x00,
        0x00,0x02,0x00,0x17,0x00,0x2C,0x02,0x63,0x02,0x62,0x00,0x0E,0x00,0x17,0x00,0x00,0x24,0x22,0x26,0x34,0x36,0x3B,0x01,0x35,0x33,0x15,0x33,0x15,0x23,0x15,0x14,0x24,
        0x32,0x36,0x3D,0x01,0x23,0x22,0x06,0x14,0x01,0x61,0xCC,0x7E,0x82,0x6F,0x3B,0x9C,0x84,0x84,0xFE,0xFE,0x3E,0x28,0x3C,0x28,0x2A,0x2C,0x7D,0xC8,0x7D,0x74,0x74,0x98,
        0x3C,0x6E,0x1A,0x2B,0x28,0x3D,0x28,0x40,0x00,0x03,0x00,0x11,0x00,0x00,0x01,0x81,0x02,0xC6,0x00,0x14,0x00,0x18,0x00,0x1C,0x00,0x00,0x13,0x34,0x33,0x32,0x17,0x15,
        0x26,0x23,0x22,0x06,0x1D,0x01,0x33,0x15,0x23,0x11,0x23,0x11,0x23,0x35,0x33,0x37,0x33,0x15,0x23,0x19,0x01,0x33,0x11,0x51,0x6E,0x21,0x17,0x14,0x16,0x1A,0x17,0x5B,
        0x5B,0x4B,0x40,0x40,0xE5,0x4B,0x4B,0x4B,0x02,0x54,0x72,0x0A,0x41,0x08,0x19,0x1F,0x54,0x40,0xFE,0x49,0x01,0xB7,0x40,0xB4,0x6C,0xFD,0xC1,0x01,0xF7,0xFE,0x09,0x00,
        0x00,0x02,0x00,0x11,0x00,0x00,0x01,0x81,0x02,0xC6,0x00,0x14,0x00,0x18,0x00,0x00,0x13,0x34,0x33,0x32,0x17,0x15,0x26,0x23,0x22,0x06,0x1D,0x01,0x33,0x15,0x23,0x11,
        0x23,0x11,0x23,0x35,0x33,0x37,0x33,0x11,0x23,0x51,0x6E,0x21,0x17,0x14,0x16,0x1A,0x17,0x5B,0x5B,0x4B,0x40,0x40,0xE5,0x4B,0x4B,0x02,0x54,0x72,0x0A,0x41,0x08,0x19,
        0x1F,0x54,0x40,0xFE,0x49,0x01,0xB7,0x40,0xC5,0xFD,0x44,0x00,0x00,0x02,0x00,0x11,0xFF,0xFC,0x01,0x15,0x03,0x70,0x00,0x03,0x00,0x11,0x00,0x00,0x13,0x37,0x33,0x07,
        0x03,0x22,0x27,0x35,0x16,0x33,0x32,0x36,0x35,0x11,0x33,0x11,0x14,0x06,0x77,0x47,0x57,0x60,0x71,0x21,0x12,0x13,0x16,0x29,0x26,0x4E,0x48,0x02,0xF0,0x80,0x80,0xFD,
        0x0C,0x06,0x47,0x06,0x2A,0x2E,0x02,0x21,0xFD,0xE1,0x52,0x4F,0x00,0x02,0x00,0x30,0x00,0x00,0x00,0x7B,0x02,0xAB,0x00,0x03,0x00,0x07,0x00,0x00,0x13,0x35,0x33,0x15,
        0x03,0x11,0x33,0x11,0x30,0x4B,0x4B,0x4B,0x02,0x3F,0x6C,0x6C,0xFD,0xC1,0x01,0xF7,0xFE,0x09,0x00,0x00,0x00,0x02,0x00,0x28,0xFF,0xF6,0x01,0x69,0x02,0xC6,0x00,0x0D,
        0x00,0x17,0x00,0x00,0x17,0x22,0x26,0x35,0x11,0x34,0x36,0x33,0x32,0x16,0x15,0x11,0x14,0x06,0x27,0x32,0x35,0x11,0x34,0x23,0x22,0x15,0x11,0x14,0xC8,0x4D,0x53,0x53,
        0x4D,0x4E,0x53,0x53,0x4E,0x53,0x53,0x52,0x0A,0x5A,0x53,0x01,0x77,0x53,0x59,0x59,0x53,0xFE,0x89,0x53,0x5A,0x47,0x61,0x01,0x81,0x60,0x60,0xFE,0x7F,0x61,0x00,0x00,
        0x00,0x01,0x00,0x5B,0x00,0x00,0x01,0x21,0x02,0xBD,0x00,0x09,0x00,0x00,0x33,0x11,0x06,0x07,0x35,0x3E,0x01,0x37,0x33,0x11,0xD3,0x2D,0x4B,0x3D,0x41,0x11,0x37,0x02,
        0x3C,0x14,0x02,0x3A,0x01,0x2B,0x31,0xFD,0x43,0x00,0x00,0x00,0x00,0x01,0x00,0x2D,0x00,0x00,0x01,0x69,0x02,0xC6,0x00,0x1D,0x00,0x00,0x33,0x35,0x34,0x36,0x37,0x3E,
        0x01,0x35,0x34,0x23,0x22,0x1D,0x01,0x23,0x35,0x34,0x36,0x33,0x32,0x16,0x15,0x14,0x06,0x07,0x0E,0x01,0x1D,0x01,0x33,0x15,0x2D,0x3B,0x41,0x3E,0x34,0x51,0x53,0x4A,
        0x4E,0x51,0x4E,0x4F,0x3E,0x46,0x3A,0x31,0xE7,0x3C,0x52,0x76,0x44,0x41,0x59,0x35,0x68,0x60,0x3F,0x3A,0x50,0x5C,0x5C,0x50,0x40,0x73,0x49,0x3B,0x55,0x38,0x0F,0x47,
        0x00,0x01,0x00,0x26,0xFF,0xF6,0x01,0x63,0x02,0xC6,0x00,0x2A,0x00,0x00,0x17,0x22,0x26,0x3D,0x01,0x33,0x15,0x14,0x33,0x32,0x3D,0x01,0x34,0x2B,0x01,0x35,0x33,0x32,
        0x36,0x3D,0x01,0x34,0x23,0x22,0x1D,0x01,0x23,0x35,0x34,0x36,0x33,0x32,0x16,0x1D,0x01,0x14,0x07,0x15,0x16,0x1D,0x01,0x14,0x06,0xC5,0x50,0x4F,0x4A,0x53,0x52,0x58,
        0x2A,0x2C,0x28,0x2C,0x50,0x4F,0x4A,0x4E,0x4E,0x4C,0x4F,0x52,0x54,0x4F,0x0A,0x5B,0x50,0x35,0x38,0x61,0x68,0x3D,0x68,0x47,0x30,0x2F,0x2E,0x61,0x5E,0x29,0x23,0x52,
        0x59,0x58,0x52,0x1C,0x73,0x1B,0x02,0x1B,0x73,0x41,0x52,0x59,0x00,0x02,0x00,0x15,0x00,0x00,0x01,0x7D,0x02,0xBC,0x00,0x0A,0x00,0x0D,0x00,0x00,0x33,0x35,0x23,0x35,
        0x13,0x33,0x11,0x33,0x15,0x23,0x15,0x27,0x33,0x11,0xF7,0xE2,0xDA,0x56,0x38,0x38,0xE7,0x99,0x8D,0x48,0x01,0xE7,0xFE,0x18,0x47,0x8D,0xD4,0x01,0x5E,0x00,0x00,0x00,
        0x00,0x01,0x00,0x2B,0xFF,0xF6,0x01,0x68,0x02,0xBC,0x00,0x1D,0x00,0x00,0x17,0x22,0x26,0x3D,0x01,0x33,0x15,0x14,0x33,0x32,0x3D,0x01,0x34,0x23,0x22,0x07,0x15,0x23,
        0x13,0x21,0x15,0x23,0x07,0x36,0x33,0x32,0x1D,0x01,0x14,0x06,0xCA,0x50,0x4F,0x4A,0x53,0x52,0x4D,0x46,0x0F,0x4A,0x14,0x01,0x16,0xD1,0x0B,0x23,0x4B,0x7E,0x4F,0x0A,
        0x5C,0x51,0x2F,0x35,0x60,0x60,0x97,0x5E,0x4D,0x06,0x01,0x7D,0x47,0xD5,0x39,0x9F,0x97,0x52,0x5B,0x00,0x00,0x02,0x00,0x2B,0xFF,0xF6,0x01,0x6C,0x02,0xC6,0x00,0x18,
        0x00,0x23,0x00,0x00,0x17,0x22,0x26,0x35,0x11,0x34,0x33,0x32,0x16,0x1D,0x01,0x23,0x35,0x34,0x23,0x22,0x1D,0x01,0x36,0x33,0x32,0x1D,0x01,0x14,0x06,0x27,0x32,0x3D,
        0x01,0x34,0x23,0x22,0x06,0x1D,0x01,0x14,0xCC,0x4E,0x53,0xA1,0x4D,0x51,0x4A,0x52,0x55,0x22,0x51,0x80,0x53,0x4D,0x52,0x4F,0x28,0x2E,0x0A,0x5A,0x53,0x01,0x73,0xB0,
        0x59,0x53,0x0D,0x12,0x60,0x6C,0x9E,0x45,0xA1,0x76,0x53,0x5A,0x47,0x60,0x76,0x60,0x38,0x2F,0x6F,0x60,0x00,0x01,0x00,0x27,0x00,0x00,0x01,0x67,0x02,0xBC,0x00,0x06,
        0x00,0x00,0x33,0x13,0x23,0x35,0x21,0x15,0x03,0x56,0xC4,0xF3,0x01,0x40,0xC0,0x02,0x75,0x47,0x45,0xFD,0x89,0x00,0x00,0x00,0x00,0x03,0x00,0x23,0xFF,0xF6,0x01,0x6E,
        0x02,0xC6,0x00,0x17,0x00,0x22,0x00,0x2C,0x00,0x00,0x04,0x22,0x26,0x3D,0x01,0x34,0x37,0x35,0x26,0x3D,0x01,0x34,0x36,0x32,0x16,0x1D,0x01,0x14,0x07,0x15,0x16,0x1D,
        0x01,0x14,0x03,0x32,0x36,0x3D,0x01,0x34,0x23,0x22,0x1D,0x01,0x14,0x13,0x32,0x3D,0x01,0x34,0x23,0x22,0x1D,0x01,0x14,0x01,0x19,0xA2,0x54,0x4F,0x4B,0x52,0x9E,0x53,
        0x4C,0x50,0xA6,0x29,0x2B,0x54,0x53,0x53,0x58,0x58,0x57,0x0A,0x59,0x52,0x41,0x6E,0x20,0x01,0x22,0x69,0x22,0x52,0x56,0x56,0x52,0x22,0x69,0x22,0x01,0x20,0x6E,0x41,
        0x51,0x01,0x41,0x30,0x2C,0x33,0x5F,0x5F,0x33,0x5C,0xFE,0xAC,0x68,0x44,0x61,0x61,0x44,0x68,0x00,0x00,0x00,0x02,0x00,0x24,0xFF,0xF6,0x01,0x65,0x02,0xC6,0x00,0x19,
        0x00,0x24,0x00,0x00,0x17,0x22,0x26,0x3D,0x01,0x33,0x15,0x14,0x33,0x32,0x36,0x3D,0x01,0x06,0x23,0x22,0x3D,0x01,0x34,0x36,0x33,0x32,0x16,0x15,0x11,0x14,0x03,0x32,
        0x36,0x3D,0x01,0x34,0x23,0x22,0x1D,0x01,0x14,0xC5,0x4E,0x50,0x4A,0x52,0x2A,0x2A,0x22,0x50,0x81,0x53,0x4E,0x4D,0x53,0xA4,0x29,0x2D,0x52,0x53,0x0A,0x59,0x54,0x0C,
        0x11,0x61,0x33,0x3A,0x9E,0x46,0xA2,0x76,0x53,0x59,0x59,0x53,0xFE,0x8D,0xB1,0x01,0x53,0x38,0x2F,0x6F,0x60,0x60,0x75,0x61,0x00,0x02,0x00,0x27,0xFF,0xF6,0x00,0xF5,
        0x01,0xC6,0x00,0x0C,0x00,0x14,0x00,0x00,0x17,0x22,0x26,0x3D,0x01,0x34,0x36,0x32,0x16,0x1D,0x01,0x14,0x06,0x26,0x32,0x3D,0x01,0x34,0x22,0x1D,0x01,0x8E,0x32,0x35,
        0x35,0x64,0x35,0x36,0x62,0x62,0x62,0x0A,0x3A,0x35,0xF3,0x35,0x39,0x39,0x35,0xF3,0x35,0x3A,0x31,0x3A,0xFB,0x3A,0x3A,0xFB,0x00,0x01,0x00,0x3E,0x00,0x00,0x00,0xC0,
        0x01,0xBC,0x00,0x09,0x00,0x00,0x33,0x11,0x06,0x07,0x35,0x3E,0x01,0x37,0x33,0x11,0x8A,0x21,0x2B,0x28,0x29,0x0C,0x25,0x01,0x66,0x0A,0x02,0x28,0x01,0x1A,0x1F,0xFE,
        0x44,0x00,0x00,0x00,0x00,0x01,0x00,0x2B,0x00,0x00,0x00,0xF5,0x01,0xC6,0x00,0x1D,0x00,0x00,0x33,0x35,0x34,0x36,0x37,0x3E,0x01,0x35,0x34,0x23,0x22,0x1D,0x01,0x23,
        0x35,0x34,0x36,0x33,0x32,0x16,0x15,0x14,0x06,0x07,0x0E,0x01,0x1D,0x01,0x33,0x15,0x2B,0x24,0x29,0x27,0x20,0x30,0x31,0x33,0x32,0x33,0x32,0x33,0x28,0x2D,0x24,0x1C,
        0x90,0x2B,0x33,0x4D,0x2A,0x28,0x3A,0x22,0x3D,0x3A,0x25,0x22,0x33,0x3A,0x39,0x32,0x2B,0x4A,0x2F,0x27,0x34,0x21,0x0A,0x31,0x00,0x01,0x00,0x25,0xFF,0xF6,0x00,0xF0,
        0x01,0xC6,0x00,0x23,0x00,0x00,0x17,0x22,0x26,0x3D,0x01,0x33,0x15,0x14,0x32,0x3D,0x01,0x34,0x2B,0x01,0x35,0x33,0x32,0x3D,0x01,0x34,0x22,0x1D,0x01,0x23,0x35,0x34,
        0x32,0x1D,0x01,0x14,0x07,0x15,0x16,0x1D,0x01,0x14,0x8A,0x32,0x33,0x33,0x62,0x36,0x1A,0x1D,0x33,0x62,0x32,0xCA,0x33,0x33,0x0A,0x3B,0x34,0x22,0x26,0x3A,0x3F,0x2A,
        0x40,0x30,0x3B,0x1B,0x40,0x3A,0x1A,0x16,0x6E,0x6E,0x14,0x46,0x14,0x02,0x11,0x4B,0x27,0x6F,0x00,0x00,0x00,0x02,0x00,0x1B,0x00,0x00,0x01,0x02,0x01,0xBC,0x00,0x0A,
        0x00,0x0D,0x00,0x00,0x33,0x35,0x23,0x35,0x13,0x33,0x11,0x33,0x15,0x23,0x15,0x27,0x33,0x35,0xA9,0x8E,0x89,0x3B,0x23,0x23,0x92,0x5D,0x57,0x31,0x01,0x34,0xFE,0xCB,
        0x30,0x57,0x87,0xD6,0x00,0x01,0x00,0x2A,0xFF,0xF6,0x00,0xF5,0x01,0xBC,0x00,0x1C,0x00,0x00,0x17,0x22,0x26,0x3D,0x01,0x33,0x15,0x14,0x32,0x3D,0x01,0x34,0x23,0x22,
        0x07,0x15,0x23,0x37,0x33,0x15,0x23,0x07,0x36,0x33,0x32,0x1D,0x01,0x14,0x06,0x90,0x33,0x33,0x33,0x62,0x2E,0x2B,0x07,0x33,0x0D,0xB2,0x83,0x07,0x16,0x2E,0x50,0x33,
        0x0A,0x3B,0x33,0x19,0x1C,0x39,0x39,0x61,0x3A,0x30,0x09,0xF9,0x30,0x83,0x24,0x67,0x62,0x34,0x3A,0x00,0x00,0x02,0x00,0x2A,0xFF,0xF6,0x00,0xF8,0x01,0xC6,0x00,0x18,
        0x00,0x22,0x00,0x00,0x17,0x22,0x26,0x3D,0x01,0x34,0x33,0x32,0x16,0x1D,0x01,0x23,0x35,0x34,0x23,0x22,0x1D,0x01,0x36,0x33,0x32,0x1D,0x01,0x14,0x06,0x26,0x32,0x3D,
        0x01,0x34,0x23,0x22,0x06,0x1D,0x01,0x91,0x32,0x35,0x67,0x31,0x35,0x33,0x31,0x33,0x14,0x32,0x52,0x36,0x62,0x62,0x30,0x17,0x1B,0x0A,0x3A,0x35,0xF1,0x70,0x39,0x35,
        0x06,0x0A,0x3A,0x43,0x65,0x29,0x65,0x4D,0x35,0x3A,0x31,0x39,0x4D,0x3A,0x20,0x1D,0x4A,0x00,0x00,0x00,0x00,0x01,0x00,0x26,0x00,0x00,0x00,0xF2,0x01,0xBC,0x00,0x06,
        0x00,0x00,0x33,0x13,0x23,0x35,0x33,0x15,0x03,0x43,0x7A,0x97,0xCC,0x78,0x01,0x8C,0x30,0x2F,0xFE,0x73,0x00,0x03,0x00,0x22,0xFF,0xF6,0x00,0xFA,0x01,0xC6,0x00,0x18,
        0x00,0x20,0x00,0x28,0x00,0x00,0x16,0x22,0x26,0x3D,0x01,0x34,0x37,0x35,0x26,0x3D,0x01,0x34,0x36,0x33,0x32,0x16,0x1D,0x01,0x14,0x07,0x15,0x16,0x1D,0x01,0x14,0x26,
        0x32,0x3D,0x01,0x34,0x22,0x1D,0x01,0x02,0x32,0x3D,0x01,0x34,0x22,0x1D,0x01,0xC2,0x6A,0x36,0x31,0x2E,0x36,0x32,0x34,0x36,0x2F,0x32,0x9F,0x66,0x66,0x03,0x6C,0x6C,
        0x0A,0x3A,0x34,0x26,0x47,0x15,0x02,0x15,0x43,0x19,0x34,0x39,0x39,0x34,0x19,0x43,0x15,0x02,0x15,0x47,0x26,0x34,0xD0,0x39,0x21,0x3C,0x3C,0x21,0xFE,0xEE,0x3D,0x2F,
        0x3D,0x3D,0x2F,0x00,0x00,0x02,0x00,0x23,0xFF,0xF6,0x00,0xF2,0x01,0xC6,0x00,0x18,0x00,0x23,0x00,0x00,0x17,0x22,0x26,0x3D,0x01,0x33,0x15,0x14,0x33,0x32,0x3D,0x01,
        0x06,0x23,0x22,0x3D,0x01,0x34,0x36,0x33,0x32,0x16,0x1D,0x01,0x14,0x27,0x32,0x36,0x3D,0x01,0x34,0x23,0x22,0x1D,0x01,0x14,0x8A,0x31,0x34,0x33,0x31,0x33,0x16,0x31,
        0x52,0x36,0x32,0x31,0x36,0x69,0x17,0x1C,0x31,0x32,0x0A,0x39,0x36,0x06,0x0A,0x3A,0x42,0x65,0x29,0x66,0x4D,0x35,0x39,0x39,0x35,0xF1,0x71,0xE0,0x20,0x1C,0x4A,0x3A,
        0x3A,0x4D,0x39,0x00,0x00,0x02,0x00,0x27,0x00,0xF6,0x00,0xF5,0x02,0xC6,0x00,0x0C,0x00,0x14,0x00,0x00,0x37,0x22,0x26,0x3D,0x01,0x34,0x36,0x32,0x16,0x1D,0x01,0x14,
        0x06,0x26,0x32,0x3D,0x01,0x34,0x22,0x1D,0x01,0x8E,0x32,0x35,0x35,0x64,0x35,0x36,0x62,0x62,0x62,0xF6,0x3A,0x35,0xF3,0x35,0x39,0x39,0x35,0xF3,0x35,0x3A,0x31,0x3A,
        0xFB,0x3A,0x3A,0xFB,0x00,0x01,0x00,0x3E,0x01,0x00,0x00,0xC0,0x02,0xBC,0x00,0x09,0x00,0x00,0x13,0x11,0x06,0x07,0x35,0x3E,0x01,0x37,0x33,0x11,0x8A,0x21,0x2B,0x28,
        0x29,0x0C,0x25,0x01,0x00,0x01,0x66,0x0A,0x02,0x28,0x01,0x1A,0x1F,0xFE,0x44,0x00,0x00,0x01,0x00,0x2B,0x01,0x00,0x00,0xF5,0x02,0xC6,0x00,0x1D,0x00,0x00,0x13,0x35,
        0x34,0x36,0x37,0x3E,0x01,0x35,0x34,0x23,0x22,0x1D,0x01,0x23,0x35,0x34,0x36,0x33,0x32,0x16,0x15,0x14,0x06,0x07,0x0E,0x01,0x1D,0x01,0x33,0x15,0x2B,0x24,0x29,0x27,
        0x20,0x30,0x31,0x33,0x32,0x33,0x32,0x33,0x28,0x2D,0x24,0x1C,0x90,0x01,0x00,0x2B,0x33,0x4D,0x2A,0x28,0x3A,0x22,0x3D,0x3A,0x25,0x22,0x33,0x3A,0x39,0x32,0x2B,0x4A,
        0x2F,0x27,0x34,0x21,0x0A,0x31,0x00,0x00,0x00,0x01,0x00,0x25,0x00,0xF6,0x00,0xF0,0x02,0xC6,0x00,0x23,0x00,0x00,0x37,0x22,0x26,0x3D,0x01,0x33,0x15,0x14,0x32,0x3D,
        0x01,0x34,0x2B,0x01,0x35,0x33,0x32,0x3D,0x01,0x34,0x22,0x1D,0x01,0x23,0x35,0x34,0x32,0x1D,0x01,0x14,0x07,0x15,0x16,0x1D,0x01,0x14,0x8A,0x32,0x33,0x33,0x62,0x36,
        0x1A,0x1D,0x33,0x62,0x32,0xCA,0x33,0x33,0xF6,0x3B,0x34,0x22,0x26,0x3A,0x3F,0x2A,0x40,0x30,0x3B,0x1B,0x40,0x3A,0x1A,0x16,0x6E,0x6E,0x14,0x46,0x14,0x02,0x11,0x4B,
        0x27,0x6F,0x00,0x00,0x00,0x02,0x00,0x1B,0x01,0x00,0x01,0x02,0x02,0xBC,0x00,0x0A,0x00,0x0D,0x00,0x00,0x13,0x35,0x23,0x35,0x13,0x33,0x11,0x33,0x15,0x23,0x15,0x27,
        0x33,0x35,0xA9,0x8E,0x89,0x3B,0x23,0x23,0x92,0x5D,0x01,0x00,0x57,0x31,0x01,0x34,0xFE,0xCB,0x30,0x57,0x87,0xD6,0x00,0x00,0x00,0x01,0x00,0x2A,0x00,0xF6,0x00,0xF5,
        0x02,0xBC,0x00,0x1C,0x00,0x00,0x37,0x22,0x26,0x3D,0x01,0x33,0x15,0x14,0x32,0x3D,0x01,0x34,0x23,0x22,0x07,0x15,0x23,0x37,0x33,0x15,0x23,0x07,0x36,0x33,0x32,0x1D,
        0x01,0x14,0x06,0x90,0x33,0x33,0x33,0x62,0x2E,0x2B,0x07,0x33,0x0D,0xB2,0x83,0x07,0x16,0x2E,0x50,0x33,0xF6,0x3B,0x33,0x19,0x1C,0x39,0x39,0x61,0x3A,0x30,0x09,0xF9,
        0x30,0x83,0x24,0x67,0x62,0x34,0x3A,0x00,0x00,0x02,0x00,0x2A,0x00,0xF6,0x00,0xF8,0x02,0xC6,0x00,0x18,0x00,0x22,0x00,0x00,0x37,0x22,0x26,0x3D,0x01,0x34,0x33,0x32,
        0x16,0x1D,0x01,0x23,0x35,0x34,0x23,0x22,0x1D,0x01,0x36,0x33,0x32,0x1D,0x01,0x14,0x06,0x26,0x32,0x3D,0x01,0x34,0x23,0x22,0x06,0x1D,0x01,0x91,0x32,0x35,0x67,0x31,
        0x35,0x33,0x31,0x33,0x14,0x32,0x52,0x36,0x62,0x62,0x30,0x17,0x1B,0xF6,0x3A,0x35,0xF1,0x70,0x39,0x35,0x06,0x0A,0x3A,0x43,0x65,0x29,0x65,0x4D,0x35,0x3A,0x31,0x39,
        0x4D,0x3A,0x20,0x1D,0x4A,0x00,0x00,0x00,0x00,0x01,0x00,0x26,0x01,0x00,0x00,0xF2,0x02,0xBC,0x00,0x06,0x00,0x00,0x1B,0x01,0x23,0x35,0x33,0x15,0x03,0x43,0x7A,0x97,
        0xCC,0x78,0x01,0x00,0x01,0x8C,0x30,0x2F,0xFE,0x73,0x00,0x00,0x00,0x03,0x00,0x22,0x00,0xF6,0x00,0xFA,0x02,0xC6,0x00,0x18,0x00,0x20,0x00,0x28,0x00,0x00,0x36,0x22,
        0x26,0x3D,0x01,0x34,0x37,0x35,0x26,0x3D,0x01,0x34,0x36,0x33,0x32,0x16,0x1D,0x01,0x14,0x07,0x15,0x16,0x1D,0x01,0x14,0x26,0x32,0x3D,0x01,0x34,0x22,0x1D,0x01,0x02,
        0x32,0x3D,0x01,0x34,0x22,0x1D,0x01,0xC2,0x6A,0x36,0x31,0x2E,0x36,0x32,0x34,0x36,0x2F,0x32,0x9F,0x66,0x66,0x03,0x6C,0x6C,0xF6,0x3A,0x34,0x26,0x47,0x15,0x02,0x15,
        0x43,0x19,0x34,0x39,0x39,0x34,0x19,0x43,0x15,0x02,0x15,0x47,0x26,0x34,0xD0,0x39,0x21,0x3C,0x3C,0x21,0xFE,0xEE,0x3D,0x2F,0x3D,0x3D,0x2F,0x00,0x00,0x02,0x00,0x23,
        0x00,0xF6,0x00,0xF2,0x02,0xC6,0x00,0x18,0x00,0x23,0x00,0x00,0x37,0x22,0x26,0x3D,0x01,0x33,0x15,0x14,0x33,0x32,0x3D,0x01,0x06,0x23,0x22,0x3D,0x01,0x34,0x36,0x33,
        0x32,0x16,0x1D,0x01,0x14,0x27,0x32,0x36,0x3D,0x01,0x34,0x23,0x22,0x1D,0x01,0x14,0x8A,0x31,0x34,0x33,0x31,0x33,0x16,0x31,0x52,0x36,0x32,0x31,0x36,0x69,0x17,0x1C,
        0x31,0x32,0xF6,0x39,0x36,0x06,0x0A,0x3A,0x42,0x65,0x29,0x66,0x4D,0x35,0x39,0x39,0x35,0xF1,0x71,0xE0,0x20,0x1C,0x4A,0x3A,0x3A,0x4D,0x39,0x00,0x00,0x00,0x00,0x0E,
        0x00,0xAE,0x00,0x01,0x00,0x00,0x00,0x00,0x00,0x00,0x00,0x00,0x00,0x02,0x00,0x01,0x00,0x00,0x00,0x00,0x00,0x01,0x00,0x0D,0x00,0x1F,0x00,0x01,0x00,0x00,0x00,0x00,
        0x00,0x02,0x00,0x07,0x00,0x3D,0x00,0x01,0x00,0x00,0x00,0x00,0x00,0x03,0x00,0x2C,0x00,0x9F,0x00,0x01,0x00,0x00,0x00,0x00,0x00,0x04,0x00,0x10,0x00,0xEE,0x00,0x01,
        0x00,0x00,0x00,0x00,0x00,0x05,0x00,0x09,0x01,0x13,0x00,0x01,0x00,0x00,0x00,0x00,0x00,0x06,0x00,0x10,0x01,0x3F,0x00,0x03,0x00,0x01,0x04,0x09,0x00,0x00,0x00,0x00,
        0x00,0x00,0x00,0x03,0x00,0x01,0x04,0x09,0x00,0x01,0x00,0x1A,0x00,0x03,0x00,0x03,0x00,0x01,0x04,0x09,0x00,0x02,0x00,0x0E,0x00,0x2D,0x00,0x03,0x00,0x01,0x04,0x09,
        0x00,0x03,0x00,0x58,0x00,0x45,0x00,0x03,0x00,0x01,0x04,0x09,0x00,0x04,0x00,0x20,0x00,0xCC,0x00,0x03,0x00,0x01,0x04,0x09,0x00,0x05,0x00,0x12,0x00,0xFF,0x00,0x03,
        0x00,0x01,0x04,0x09,0x00,0x06,0x00,0x20,0x01,0x1D,0x00,0x00,0x00,0x00,0x47,0x00,0x69,0x00,0x6E,0x00,0x72,0x00,0x75,0x00,0x6D,0x00,0x6D,0x00,0x79,0x00,0x46,0x00,
        0x6F,0x00,0x6E,0x00,0x74,0x00,0x73,0x00,0x00,0x47,0x69,0x6E,0x72,0x75,0x6D,0x6D,0x79,0x46,0x6F,0x6E,0x74,0x73,0x00,0x00,0x52,0x00,0x65,0x00,0x67,0x00,0x75,0x00,
        0x6C,0x00,0x61,0x00,0x72,0x00,0x00,0x52,0x65,0x67,0x75,0x6C,0x61,0x72,0x00,0x00,0x46,0x00,0x6F,0x00,0x6E,0x00,0x74,0x00,0x46,0x00,0x6F,0x00,0x72,0x00,0x67,0x00,
        0x65,0x00,0x20,0x00,0x32,0x00,0x2E,0x00,0x30,0x00,0x20,0x00,0x3A,0x00,0x20,0x00,0x47,0x00,0x69,0x00,0x6E,0x00,0x72,0x00,0x75,0x00,0x6D,0x00,0x6D,0x00,0x79,0x00,
        0x20,0x00,0x52,0x00,0x65,0x00,0x67,0x00,0x75,0x00,0x6C,0x00,0x61,0x00,0x72,0x00,0x20,0x00,0x3A,0x00,0x20,0x00,0x32,0x00,0x32,0x00,0x2D,0x00,0x33,0x00,0x2D,0x00,
        0x32,0x00,0x30,0x00,0x32,0x00,0x35,0x00,0x00,0x46,0x6F,0x6E,0x74,0x46,0x6F,0x72,0x67,0x65,0x20,0x32,0x2E,0x30,0x20,0x3A,0x20,0x47,0x69,0x6E,0x72,0x75,0x6D,0x6D,
        0x79,0x20,0x52,0x65,0x67,0x75,0x6C,0x61,0x72,0x20,0x3A,0x20,0x32,0x32,0x2D,0x33,0x2D,0x32,0x30,0x32,0x35,0x00,0x00,0x47,0x00,0x69,0x00,0x6E,0x00,0x72,0x00,0x75,
        0x00,0x6D,0x00,0x6D,0x00,0x79,0x00,0x20,0x00,0x52,0x00,0x65,0x00,0x67,0x00,0x75,0x00,0x6C,0x00,0x61,0x00,0x72,0x00,0x00,0x47,0x69,0x6E,0x72,0x75,0x6D,0x6D,0x79,
        0x20,0x52,0x65,0x67,0x75,0x6C,0x61,0x72,0x00,0x00,0x56,0x00,0x65,0x00,0x72,0x00,0x73,0x00,0x69,0x00,0x6F,0x00,0x6E,0x00,0x20,0x00,0x31,0x00,0x00,0x56,0x65,0x72,
        0x73,0x69,0x6F,0x6E,0x20,0x31,0x00,0x00,0x47,0x00,0x69,0x00,0x6E,0x00,0x72,0x00,0x75,0x00,0x6D,0x00,0x6D,0x00,0x79,0x00,0x2D,0x00,0x52,0x00,0x65,0x00,0x67,0x00,
        0x75,0x00,0x6C,0x00,0x61,0x00,0x72,0x00,0x00,0x47,0x69,0x6E,0x72,0x75,0x6D,0x6D,0x79,0x2D,0x52,0x65,0x67,0x75,0x6C,0x61,0x72,0x00,0x00,0x00,0x00,0x02,0x00,0x00,
        0x00,0x00,0x00,0x00,0xFF,0xCE,0x00,0x3C,0x00,0x00,0x00,0x00,0x00,0x00,0x00,0x00,0x00,0x00,0x00,0x00,0x00,0x00,0x00,0x00,0x00,0x00,0x00,0x00,0x02,0x3D,0x00,0x00,
        0x00,0x01,0x00,0x02,0x01,0x02,0x00,0x03,0x00,0x04,0x00,0x05,0x00,0x06,0x00,0x07,0x00,0x08,0x00,0x09,0x00,0x0A,0x00,0x0B,0x00,0x0C,0x00,0x0D,0x00,0x0E,0x00,0x0F,
        0x00,0x10,0x00,0x11,0x00,0x12,0x00,0x13,0x00,0x14,0x00,0x15,0x00,0x16,0x00,0x17,0x00,0x18,0x00,0x19,0x00,0x1A,0x00,0x1B,0x00,0x1C,0x00,0x1D,0x00,0x1E,0x00,0x1F,
        0x00,0x20,0x00,0x21,0x00,0x22,0x00,0x23,0x00,0x24,0x00,0x25,0x00,0x26,0x00,0x27,0x00,0x28,0x00,0x29,0x00,0x2A,0x00,0x2B,0x00,0x2C,0x00,0x2D,0x00,0x2E,0x00,0x2F,
        0x00,0x30,0x00,0x31,0x00,0x32,0x00,0x33,0x00,0x34,0x00,0x35,0x00,0x36,0x00,0x37,0x00,0x38,0x00,0x39,0x00,0x3A,0x00,0x3B,0x00,0x3C,0x00,0x3D,0x00,0x3E,0x00,0x3F,
        0x00,0x40,0x00,0x41,0x00,0x42,0x00,0x43,0x00,0x44,0x00,0x45,0x00,0x46,0x00,0x47,0x00,0x48,0x00,0x49,0x00,0x4A,0x00,0x4B,0x00,0x4C,0x00,0x4D,0x00,0x4E,0x00,0x4F,
        0x00,0x50,0x00,0x51,0x00,0x52,0x00,0x53,0x00,0x54,0x00,0x55,0x00,0x56,0x00,0x57,0x00,0x58,0x00,0x59,0x00,0x5A,0x00,0x5B,0x00,0x5C,0x00,0x5D,0x00,0x5E,0x00,0x5F,
        0x00,0x60,0x00,0x61,0x01,0x03,0x00,0xA3,0x00,0x84,0x00,0x85,0x00,0xBD,0x00,0x96,0x00,0xE8,0x00,0x86,0x00,0x8E,0x00,0x8B,0x00,0x9D,0x00,0xA9,0x00,0xA4,0x01,0x04,
        0x00,0x8A,0x00,0xDA,0x00,0x83,0x00,0x93,0x01,0x05,0x01,0x06,0x00,0x8D,0x01,0x07,0x00,0x88,0x00,0xC3,0x00,0xDE,0x01,0x08,0x00,0x9E,0x00,0xAA,0x00,0xF5,0x00,0xF4,
        0x00,0xF6,0x00,0xA2,0x00,0xAD,0x00,0xC9,0x00,0xC7,0x00,0xAE,0x00,0x62,0x00,0x63,0x00,0x90,0x00,0x64,0x00,0xCB,0x00,0x65,0x00,0xC8,0x00,0xCA,0x00,0xCF,0x00,0xCC,
        0x00,0xCD,0x00,0xCE,0x00,0xE9,0x00,0x66,0x00,0xD3,0x00,0xD0,0x00,0xD1,0x00,0xAF,0x00,0x67,0x00,0xF0,0x00,0x91,0x00,0xD6,0x00,0xD4,0x00,0xD5,0x00,0x68,0x00,0xEB,
        0x00,0xED,0x00,0x89,0x00,0x6A,0x00,0x69,0x00,0x6B,0x00,0x6D,0x00,0x6C,0x00,0x6E,0x00,0xA0,0x00,0x6F,0x00,0x71,0x00,0x70,0x00,0x72,0x00,0x73,0x00,0x75,0x00,0x74,
        0x00,0x76,0x00,0x77,0x00,0xEA,0x00,0x78,0x00,0x7A,0x00,0x79,0x00,0x7B,0x00,0x7D,0x00,0x7C,0x00,0xB8,0x00,0xA1,0x00,0x7F,0x00,0x7E,0x00,0x80,0x00,0x81,0x00,0xEC,
        0x00,0xEE,0x00,0xBA,0x01,0x09,0x01,0x0A,0x01,0x0B,0x01,0x0C,0x01,0x0D,0x01,0x0E,0x00,0xFD,0x00,0xFE,0x01,0x0F,0x01,0x10,0x01,0x11,0x01,0x12,0x00,0xFF,0x01,0x00,
        0x01,0x13,0x01,0x14,0x01,0x15,0x01,0x01,0x01,0x16,0x01,0x17,0x01,0x18,0x01,0x19,0x01,0x1A,0x01,0x1B,0x01,0x1C,0x01,0x1D,0x01,0x1E,0x01,0x1F,0x01,0x20,0x01,0x21,
        0x00,0xF8,0x00,0xF9,0x01,0x22,0x01,0x23,0x01,0x24,0x01,0x25,0x01,0x26,0x01,0x27,0x01,0x28,0x01,0x29,0x01,0x2A,0x01,0x2B,0x01,0x2C,0x01,0x2D,0x01,0x2E,0x01,0x2F,
        0x01,0x30,0x01,0x31,0x00,0xFA,0x00,0xD7,0x01,0x32,0x01,0x33,0x01,0x34,0x01,0x35,0x01,0x36,0x01,0x37,0x01,0x38,0x01,0x39,0x01,0x3A,0x01,0x3B,0x01,0x3C,0x01,0x3D,
        0x01,0x3E,0x01,0x3F,0x01,0x40,0x00,0xE2,0x00,0xE3,0x01,0x41,0x01,0x42,0x01,0x43,0x01,0x44,0x01,0x45,0x01,0x46,0x01,0x47,0x01,0x48,0x01,0x49,0x01,0x4A,0x01,0x4B,
        0x01,0x4C,0x01,0x4D,0x01,0x4E,0x01,0x4F,0x00,0xB0,0x00,0xB1,0x01,0x50,0x01,0x51,0x01,0x52,0x01,0x53,0x01,0x54,0x01,0x55,0x01,0x56,0x01,0x57,0x01,0x58,0x01,0x59,
        0x00,0xFB,0x00,0xFC,0x00,0xE4,0x00,0xE5,0x01,0x5A,0x01,0x5B,0x01,0x5C,0x01,0x5D,0x01,0x5E,0x01,0x5F,0x01,0x60,0x01,0x61,0x01,0x62,0x01,0x63,0x01,0x64,0x01,0x65,
        0x01,0x66,0x01,0x67,0x01,0x68,0x01,0x69,0x01,0x6A,0x01,0x6B,0x01,0x6C,0x01,0x6D,0x01,0x6E,0x01,0x6F,0x00,0xBB,0x01,0x70,0x01,0x71,0x01,0x72,0x01,0x73,0x00,0xE6,
        0x00,0xE7,0x00,0xA6,0x01,0x74,0x01,0x75,0x01,0x76,0x01,0x77,0x01,0x78,0x01,0x79,0x01,0x7A,0x01,0x7B,0x01,0x7C,0x01,0x7D,0x00,0xD8,0x00,0xE1,0x01,0x7E,0x00,0xDB,
        0x00,0xDC,0x00,0xDD,0x00,0xE0,0x00,0xD9,0x00,0xDF,0x01,0x7F,0x01,0x80,0x01,0x81,0x01,0x82,0x01,0x83,0x01,0x84,0x01,0x85,0x01,0x86,0x01,0x87,0x01,0x88,0x01,0x89,
        0x01,0x8A,0x01,0x8B,0x01,0x8C,0x01,0x8D,0x01,0x8E,0x01,0x8F,0x01,0x90,0x01,0x91,0x01,0x92,0x01,0x93,0x01,0x94,0x00,0x9B,0x01,0x95,0x01,0x96,0x01,0x97,0x01,0x98,
        0x01,0x99,0x01,0x9A,0x01,0x9B,0x01,0x9C,0x01,0x9D,0x01,0x9E,0x01,0x9F,0x01,0xA0,0x01,0xA1,0x01,0xA2,0x01,0xA3,0x01,0xA4,0x01,0xA5,0x01,0xA6,0x01,0xA7,0x01,0xA8,
        0x01,0xA9,0x01,0xAA,0x01,0xAB,0x01,0xAC,0x01,0xAD,0x01,0xAE,0x01,0xAF,0x01,0xB0,0x01,0xB1,0x01,0xB2,0x01,0xB3,0x01,0xB4,0x01,0xB5,0x01,0xB6,0x01,0xB7,0x01,0xB8,
        0x01,0xB9,0x01,0xBA,0x01,0xBB,0x01,0xBC,0x01,0xBD,0x01,0xBE,0x01,0xBF,0x01,0xC0,0x01,0xC1,0x01,0xC2,0x01,0xC3,0x01,0xC4,0x01,0xC5,0x01,0xC6,0x01,0xC7,0x01,0xC8,
        0x01,0xC9,0x01,0xCA,0x01,0xCB,0x01,0xCC,0x01,0xCD,0x01,0xCE,0x01,0xCF,0x01,0xD0,0x01,0xD1,0x01,0xD2,0x01,0xD3,0x01,0xD4,0x01,0xD5,0x01,0xD6,0x01,0xD7,0x01,0xD8,
        0x01,0xD9,0x01,0xDA,0x01,0xDB,0x01,0xDC,0x01,0xDD,0x01,0xDE,0x01,0xDF,0x01,0xE0,0x01,0xE1,0x01,0xE2,0x01,0xE3,0x01,0xE4,0x01,0xE5,0x01,0xE6,0x01,0xE7,0x01,0xE8,
        0x01,0xE9,0x01,0xEA,0x01,0xEB,0x01,0xEC,0x01,0xED,0x01,0xEE,0x01,0xEF,0x01,0xF0,0x01,0xF1,0x01,0xF2,0x01,0xF3,0x01,0xF4,0x01,0xF5,0x01,0xF6,0x01,0xF7,0x01,0xF8,
        0x01,0xF9,0x01,0xFA,0x01,0xFB,0x00,0xB2,0x00,0xB3,0x00,0xB6,0x00,0xB7,0x00,0xC4,0x00,0xB4,0x00,0xB5,0x00,0xC5,0x00,0x82,0x00,0xC2,0x00,0x87,0x00,0xAB,0x00,0xC6,
        0x00,0xBE,0x00,0xBF,0x00,0xBC,0x01,0xFC,0x01,0xFD,0x01,0xFE,0x01,0xFF,0x02,0x00,0x02,0x01,0x02,0x02,0x02,0x03,0x02,0x04,0x02,0x05,0x02,0x06,0x02,0x07,0x02,0x08,
        0x02,0x09,0x02,0x0A,0x02,0x0B,0x02,0x0C,0x02,0x0D,0x02,0x0E,0x02,0x0F,0x02,0x10,0x02,0x11,0x02,0x12,0x02,0x13,0x02,0x14,0x02,0x15,0x00,0x8C,0x02,0x16,0x02,0x17,
        0x02,0x18,0x02,0x19,0x02,0x1A,0x02,0x1B,0x02,0x1C,0x02,0x1D,0x00,0x98,0x02,0x1E,0x02,0x1F,0x00,0x9A,0x00,0x99,0x00,0xEF,0x02,0x20,0x02,0x21,0x00,0xA5,0x00,0x92,
        0x00,0x9C,0x00,0xA7,0x00,0x8F,0x00,0x94,0x00,0x95,0x00,0xB9,0x02,0x22,0x02,0x23,0x02,0x24,0x02,0x25,0x00,0xC0,0x00,0xC1,0x02,0x26,0x02,0x27,0x02,0x28,0x02,0x29,
        0x02,0x2A,0x02,0x2B,0x02,0x2C,0x02,0x2D,0x02,0x2E,0x02,0x2F,0x02,0x30,0x02,0x31,0x02,0x32,0x02,0x33,0x02,0x34,0x02,0x35,0x02,0x36,0x02,0x37,0x02,0x38,0x02,0x39,
        0x02,0x3A,0x02,0x3B,0x02,0x3C,0x02,0x3D,0x02,0x3E,0x02,0x3F,0x02,0x40,0x02,0x41,0x02,0x42,0x02,0x43,0x02,0x44,0x02,0x45,0x02,0x43,0x52,0x07,0x75,0x6E,0x69,0x30,
        0x30,0x41,0x30,0x07,0x75,0x6E,0x69,0x30,0x30,0x41,0x44,0x07,0x75,0x6E,0x69,0x30,0x30,0x42,0x32,0x07,0x75,0x6E,0x69,0x30,0x30,0x42,0x33,0x07,0x75,0x6E,0x69,0x30,
        0x30,0x42,0x35,0x07,0x75,0x6E,0x69,0x30,0x30,0x42,0x39,0x07,0x41,0x6D,0x61,0x63,0x72,0x6F,0x6E,0x07,0x61,0x6D,0x61,0x63,0x72,0x6F,0x6E,0x06,0x41,0x62,0x72,0x65,
        0x76,0x65,0x06,0x61,0x62,0x72,0x65,0x76,0x65,0x07,0x41,0x6F,0x67,0x6F,0x6E,0x65,0x6B,0x07,0x61,0x6F,0x67,0x6F,0x6E,0x65,0x6B,0x0B,0x43,0x63,0x69,0x72,0x63,0x75,
        0x6D,0x66,0x6C,0x65,0x78,0x0B,0x63,0x63,0x69,0x72,0x63,0x75,0x6D,0x66,0x6C,0x65,0x78,0x0A,0x43,0x64,0x6F,0x74,0x61,0x63,0x63,0x65,0x6E,0x74,0x0A,0x63,0x64,0x6F,
        0x74,0x61,0x63,0x63,0x65,0x6E,0x74,0x06,0x44,0x63,0x61,0x72,0x6F,0x6E,0x06,0x64,0x63,0x61,0x72,0x6F,0x6E,0x06,0x44,0x63,0x72,0x6F,0x61,0x74,0x07,0x45,0x6D,0x61,
        0x63,0x72,0x6F,0x6E,0x07,0x65,0x6D,0x61,0x63,0x72,0x6F,0x6E,0x06,0x45,0x62,0x72,0x65,0x76,0x65,0x06,0x65,0x62,0x72,0x65,0x76,0x65,0x0A,0x45,0x64,0x6F,0x74,0x61,
        0x63,0x63,0x65,0x6E,0x74,0x0A,0x65,0x64,0x6F,0x74,0x61,0x63,0x63,0x65,0x6E,0x74,0x07,0x45,0x6F,0x67,0x6F,0x6E,0x65,0x6B,0x07,0x65,0x6F,0x67,0x6F,0x6E,0x65,0x6B,
        0x06,0x45,0x63,0x61,0x72,0x6F,0x6E,0x06,0x65,0x63,0x61,0x72,0x6F,0x6E,0x0B,0x47,0x63,0x69,0x72,0x63,0x75,0x6D,0x66,0x6C,0x65,0x78,0x0B,0x67,0x63,0x69,0x72,0x63,
        0x75,0x6D,0x66,0x6C,0x65,0x78,0x0A,0x47,0x64,0x6F,0x74,0x61,0x63,0x63,0x65,0x6E,0x74,0x0A,0x67,0x64,0x6F,0x74,0x61,0x63,0x63,0x65,0x6E,0x74,0x07,0x75,0x6E,0x69,
        0x30,0x31,0x32,0x32,0x07,0x75,0x6E,0x69,0x30,0x31,0x32,0x33,0x0B,0x48,0x63,0x69,0x72,0x63,0x75,0x6D,0x66,0x6C,0x65,0x78,0x0B,0x68,0x63,0x69,0x72,0x63,0x75,0x6D,
        0x66,0x6C,0x65,0x78,0x04,0x48,0x62,0x61,0x72,0x04,0x68,0x62,0x61,0x72,0x06,0x49,0x74,0x69,0x6C,0x64,0x65,0x06,0x69,0x74,0x69,0x6C,0x64,0x65,0x07,0x49,0x6D,0x61,
        0x63,0x72,0x6F,0x6E,0x07,0x69,0x6D,0x61,0x63,0x72,0x6F,0x6E,0x06,0x49,0x62,0x72,0x65,0x76,0x65,0x06,0x69,0x62,0x72,0x65,0x76,0x65,0x07,0x49,0x6F,0x67,0x6F,0x6E,
        0x65,0x6B,0x07,0x69,0x6F,0x67,0x6F,0x6E,0x65,0x6B,0x02,0x49,0x4A,0x02,0x69,0x6A,0x0B,0x4A,0x63,0x69,0x72,0x63,0x75,0x6D,0x66,0x6C,0x65,0x78,0x0B,0x6A,0x63,0x69,
        0x72,0x63,0x75,0x6D,0x66,0x6C,0x65,0x78,0x07,0x75,0x6E,0x69,0x30,0x31,0x33,0x36,0x07,0x75,0x6E,0x69,0x30,0x31,0x33,0x37,0x0C,0x6B,0x67,0x72,0x65,0x65,0x6E,0x6C,
        0x61,0x6E,0x64,0x69,0x63,0x06,0x4C,0x61,0x63,0x75,0x74,0x65,0x06,0x6C,0x61,0x63,0x75,0x74,0x65,0x07,0x75,0x6E,0x69,0x30,0x31,0x33,0x42,0x07,0x75,0x6E,0x69,0x30,
        0x31,0x33,0x43,0x06,0x4C,0x63,0x61,0x72,0x6F,0x6E,0x06,0x6C,0x63,0x61,0x72,0x6F,0x6E,0x04,0x4C,0x64,0x6F,0x74,0x04,0x6C,0x64,0x6F,0x74,0x06,0x4E,0x61,0x63,0x75,
        0x74,0x65,0x06,0x6E,0x61,0x63,0x75,0x74,0x65,0x07,0x75,0x6E,0x69,0x30,0x31,0x34,0x35,0x07,0x75,0x6E,0x69,0x30,0x31,0x34,0x36,0x06,0x4E,0x63,0x61,0x72,0x6F,0x6E,
        0x06,0x6E,0x63,0x61,0x72,0x6F,0x6E,0x0B,0x6E,0x61,0x70,0x6F,0x73,0x74,0x72,0x6F,0x70,0x68,0x65,0x03,0x45,0x6E,0x67,0x03,0x65,0x6E,0x67,0x07,0x4F,0x6D,0x61,0x63,
        0x72,0x6F,0x6E,0x07,0x6F,0x6D,0x61,0x63,0x72,0x6F,0x6E,0x06,0x4F,0x62,0x72,0x65,0x76,0x65,0x06,0x6F,0x62,0x72,0x65,0x76,0x65,0x0D,0x4F,0x68,0x75,0x6E,0x67,0x61,
        0x72,0x75,0x6D,0x6C,0x61,0x75,0x74,0x0D,0x6F,0x68,0x75,0x6E,0x67,0x61,0x72,0x75,0x6D,0x6C,0x61,0x75,0x74,0x06,0x52,0x61,0x63,0x75,0x74,0x65,0x06,0x72,0x61,0x63,
        0x75,0x74,0x65,0x07,0x75,0x6E,0x69,0x30,0x31,0x35,0x36,0x07,0x75,0x6E,0x69,0x30,0x31,0x35,0x37,0x06,0x52,0x63,0x61,0x72,0x6F,0x6E,0x06,0x72,0x63,0x61,0x72,0x6F,
        0x6E,0x06,0x53,0x61,0x63,0x75,0x74,0x65,0x06,0x73,0x61,0x63,0x75,0x74,0x65,0x0B,0x53,0x63,0x69,0x72,0x63,0x75,0x6D,0x66,0x6C,0x65,0x78,0x0B,0x73,0x63,0x69,0x72,
        0x63,0x75,0x6D,0x66,0x6C,0x65,0x78,0x07,0x75,0x6E,0x69,0x30,0x31,0x36,0x32,0x07,0x75,0x6E,0x69,0x30,0x31,0x36,0x33,0x06,0x54,0x63,0x61,0x72,0x6F,0x6E,0x06,0x74,
        0x63,0x61,0x72,0x6F,0x6E,0x04,0x54,0x62,0x61,0x72,0x04,0x74,0x62,0x61,0x72,0x06,0x55,0x74,0x69,0x6C,0x64,0x65,0x06,0x75,0x74,0x69,0x6C,0x64,0x65,0x07,0x55,0x6D,
        0x61,0x63,0x72,0x6F,0x6E,0x07,0x75,0x6D,0x61,0x63,0x72,0x6F,0x6E,0x06,0x55,0x62,0x72,0x65,0x76,0x65,0x06,0x75,0x62,0x72,0x65,0x76,0x65,0x05,0x55,0x72,0x69,0x6E,
        0x67,0x05,0x75,0x72,0x69,0x6E,0x67,0x0D,0x55,0x68,0x75,0x6E,0x67,0x61,0x72,0x75,0x6D,0x6C,0x61,0x75,0x74,0x0D,0x75,0x68,0x75,0x6E,0x67,0x61,0x72,0x75,0x6D,0x6C,
        0x61,0x75,0x74,0x07,0x55,0x6F,0x67,0x6F,0x6E,0x65,0x6B,0x07,0x75,0x6F,0x67,0x6F,0x6E,0x65,0x6B,0x0B,0x57,0x63,0x69,0x72,0x63,0x75,0x6D,0x66,0x6C,0x65,0x78,0x0B,
        0x77,0x63,0x69,0x72,0x63,0x75,0x6D,0x66,0x6C,0x65,0x78,0x0B,0x59,0x63,0x69,0x72,0x63,0x75,0x6D,0x66,0x6C,0x65,0x78,0x0B,0x79,0x63,0x69,0x72,0x63,0x75,0x6D,0x66,
        0x6C,0x65,0x78,0x06,0x5A,0x61,0x63,0x75,0x74,0x65,0x06,0x7A,0x61,0x63,0x75,0x74,0x65,0x0A,0x5A,0x64,0x6F,0x74,0x61,0x63,0x63,0x65,0x6E,0x74,0x0A,0x7A,0x64,0x6F,
        0x74,0x61,0x63,0x63,0x65,0x6E,0x74,0x07,0x41,0x45,0x61,0x63,0x75,0x74,0x65,0x07,0x61,0x65,0x61,0x63,0x75,0x74,0x65,0x0B,0x4F,0x73,0x6C,0x61,0x73,0x68,0x61,0x63,
        0x75,0x74,0x65,0x0B,0x6F,0x73,0x6C,0x61,0x73,0x68,0x61,0x63,0x75,0x74,0x65,0x07,0x75,0x6E,0x69,0x30,0x32,0x31,0x38,0x07,0x75,0x6E,0x69,0x30,0x32,0x31,0x39,0x07,
        0x75,0x6E,0x69,0x30,0x32,0x31,0x41,0x07,0x75,0x6E,0x69,0x30,0x32,0x31,0x42,0x07,0x75,0x6E,0x69,0x30,0x32,0x33,0x37,0x07,0x75,0x6E,0x69,0x30,0x32,0x42,0x43,0x07,
        0x75,0x6E,0x69,0x30,0x32,0x43,0x39,0x09,0x67,0x72,0x61,0x76,0x65,0x63,0x6F,0x6D,0x62,0x09,0x61,0x63,0x75,0x74,0x65,0x63,0x6F,0x6D,0x62,0x07,0x75,0x6E,0x69,0x30,
        0x33,0x30,0x32,0x09,0x74,0x69,0x6C,0x64,0x65,0x63,0x6F,0x6D,0x62,0x07,0x75,0x6E,0x69,0x30,0x33,0x30,0x34,0x07,0x75,0x6E,0x69,0x30,0x33,0x30,0x36,0x07,0x75,0x6E,
        0x69,0x30,0x33,0x30,0x37,0x07,0x75,0x6E,0x69,0x30,0x33,0x30,0x38,0x07,0x75,0x6E,0x69,0x30,0x33,0x30,0x41,0x07,0x75,0x6E,0x69,0x30,0x33,0x30,0x42,0x07,0x75,0x6E,
        0x69,0x30,0x33,0x30,0x43,0x07,0x75,0x6E,0x69,0x30,0x33,0x31,0x32,0x07,0x75,0x6E,0x69,0x30,0x33,0x32,0x36,0x07,0x75,0x6E,0x69,0x30,0x33,0x32,0x37,0x07,0x75,0x6E,
        0x69,0x30,0x33,0x32,0x38,0x07,0x75,0x6E,0x69,0x30,0x33,0x33,0x35,0x07,0x75,0x6E,0x69,0x30,0x33,0x33,0x36,0x07,0x75,0x6E,0x69,0x30,0x33,0x33,0x37,0x07,0x75,0x6E,
        0x69,0x30,0x33,0x33,0x38,0x07,0x75,0x6E,0x69,0x30,0x33,0x39,0x34,0x07,0x75,0x6E,0x69,0x30,0x33,0x41,0x39,0x07,0x75,0x6E,0x69,0x30,0x33,0x42,0x43,0x07,0x75,0x6E,
        0x69,0x30,0x34,0x30,0x31,0x07,0x75,0x6E,0x69,0x30,0x34,0x30,0x34,0x07,0x75,0x6E,0x69,0x30,0x34,0x30,0x36,0x07,0x75,0x6E,0x69,0x30,0x34,0x30,0x37,0x07,0x75,0x6E,
        0x69,0x30,0x34,0x31,0x30,0x07,0x75,0x6E,0x69,0x30,0x34,0x31,0x31,0x07,0x75,0x6E,0x69,0x30,0x34,0x31,0x32,0x07,0x75,0x6E,0x69,0x30,0x34,0x31,0x33,0x07,0x75,0x6E,
        0x69,0x30,0x34,0x31,0x34,0x07,0x75,0x6E,0x69,0x30,0x34,0x31,0x35,0x07,0x75,0x6E,0x69,0x30,0x34,0x31,0x36,0x07,0x75,0x6E,0x69,0x30,0x34,0x31,0x37,0x07,0x75,0x6E,
        0x69,0x30,0x34,0x31,0x38,0x07,0x75,0x6E,0x69,0x30,0x34,0x31,0x39,0x07,0x75,0x6E,0x69,0x30,0x34,0x31,0x41,0x07,0x75,0x6E,0x69,0x30,0x34,0x31,0x42,0x07,0x75,0x6E,
        0x69,0x30,0x34,0x31,0x43,0x07,0x75,0x6E,0x69,0x30,0x34,0x31,0x44,0x07,0x75,0x6E,0x69,0x30,0x34,0x31,0x45,0x07,0x75,0x6E,0x69,0x30,0x34,0x31,0x46,0x07,0x75,0x6E,
        0x69,0x30,0x34,0x32,0x30,0x07,0x75,0x6E,0x69,0x30,0x34,0x32,0x31,0x07,0x75,0x6E,0x69,0x30,0x34,0x32,0x32,0x07,0x75,0x6E,0x69,0x30,0x34,0x32,0x33,0x07,0x75,0x6E,
        0x69,0x30,0x34,0x32,0x34,0x07,0x75,0x6E,0x69,0x30,0x34,0x32,0x35,0x07,0x75,0x6E,0x69,0x30,0x34,0x32,0x36,0x07,0x75,0x6E,0x69,0x30,0x34,0x32,0x37,0x07,0x75,0x6E,
        0x69,0x30,0x34,0x32,0x38,0x07,0x75,0x6E,0x69,0x30,0x34,0x32,0x39,0x07,0x75,0x6E,0x69,0x30,0x34,0x32,0x41,0x07,0x75,0x6E,0x69,0x30,0x34,0x32,0x42,0x07,0x75,0x6E,
        0x69,0x30,0x34,0x32,0x43,0x07,0x75,0x6E,0x69,0x30,0x34,0x32,0x44,0x07,0x75,0x6E,0x69,0x30,0x34,0x32,0x45,0x07,0x75,0x6E,0x69,0x30,0x34,0x32,0x46,0x07,0x75,0x6E,
        0x69,0x30,0x34,0x33,0x30,0x07,0x75,0x6E,0x69,0x30,0x34,0x33,0x31,0x07,0x75,0x6E,0x69,0x30,0x34,0x33,0x32,0x07,0x75,0x6E,0x69,0x30,0x34,0x33,0x33,0x07,0x75,0x6E,
        0x69,0x30,0x34,0x33,0x34,0x07,0x75,0x6E,0x69,0x30,0x34,0x33,0x35,0x07,0x75,0x6E,0x69,0x30,0x34,0x33,0x36,0x07,0x75,0x6E,0x69,0x30,0x34,0x33,0x37,0x07,0x75,0x6E,
        0x69,0x30,0x34,0x33,0x38,0x07,0x75,0x6E,0x69,0x30,0x34,0x33,0x39,0x07,0x75,0x6E,0x69,0x30,0x34,0x33,0x41,0x07,0x75,0x6E,0x69,0x30,0x34,0x33,0x42,0x07,0x75,0x6E,
        0x69,0x30,0x34,0x33,0x43,0x07,0x75,0x6E,0x69,0x30,0x34,0x33,0x44,0x07,0x75,0x6E,0x69,0x30,0x34,0x33,0x45,0x07,0x75,0x6E,0x69,0x30,0x34,0x33,0x46,0x07,0x75,0x6E,
        0x69,0x30,0x34,0x34,0x30,0x07,0x75,0x6E,0x69,0x30,0x34,0x34,0x31,0x07,0x75,0x6E,0x69,0x30,0x34,0x34,0x32,0x07,0x75,0x6E,0x69,0x30,0x34,0x34,0x33,0x07,0x75,0x6E,
        0x69,0x30,0x34,0x34,0x34,0x07,0x75,0x6E,0x69,0x30,0x34,0x34,0x35,0x07,0x75,0x6E,0x69,0x30,0x34,0x34,0x36,0x07,0x75,0x6E,0x69,0x30,0x34,0x34,0x37,0x07,0x75,0x6E,
        0x69,0x30,0x34,0x34,0x38,0x07,0x75,0x6E,0x69,0x30,0x34,0x34,0x39,0x07,0x75,0x6E,0x69,0x30,0x34,0x34,0x41,0x07,0x75,0x6E,0x69,0x30,0x34,0x34,0x42,0x07,0x75,0x6E,
        0x69,0x30,0x34,0x34,0x43,0x07,0x75,0x6E,0x69,0x30,0x34,0x34,0x44,0x07,0x75,0x6E,0x69,0x30,0x34,0x34,0x45,0x07,0x75,0x6E,0x69,0x30,0x34,0x34,0x46,0x07,0x75,0x6E,
        0x69,0x30,0x34,0x35,0x31,0x07,0x75,0x6E,0x69,0x30,0x34,0x35,0x34,0x07,0x75,0x6E,0x69,0x30,0x34,0x35,0x36,0x07,0x75,0x6E,0x69,0x30,0x34,0x35,0x37,0x07,0x75,0x6E,
        0x69,0x30,0x34,0x39,0x30,0x07,0x75,0x6E,0x69,0x30,0x34,0x39,0x31,0x07,0x75,0x6E,0x69,0x31,0x45,0x30,0x32,0x07,0x75,0x6E,0x69,0x31,0x45,0x30,0x33,0x07,0x75,0x6E,
        0x69,0x31,0x45,0x30,0x41,0x07,0x75,0x6E,0x69,0x31,0x45,0x30,0x42,0x07,0x75,0x6E,0x69,0x31,0x45,0x31,0x45,0x07,0x75,0x6E,0x69,0x31,0x45,0x31,0x46,0x07,0x75,0x6E,
        0x69,0x31,0x45,0x34,0x30,0x07,0x75,0x6E,0x69,0x31,0x45,0x34,0x31,0x07,0x75,0x6E,0x69,0x31,0x45,0x35,0x36,0x07,0x75,0x6E,0x69,0x31,0x45,0x35,0x37,0x07,0x75,0x6E,
        0x69,0x31,0x45,0x36,0x30,0x07,0x75,0x6E,0x69,0x31,0x45,0x36,0x31,0x07,0x75,0x6E,0x69,0x31,0x45,0x36,0x41,0x07,0x75,0x6E,0x69,0x31,0x45,0x36,0x42,0x06,0x57,0x67,
        0x72,0x61,0x76,0x65,0x06,0x77,0x67,0x72,0x61,0x76,0x65,0x06,0x57,0x61,0x63,0x75,0x74,0x65,0x06,0x77,0x61,0x63,0x75,0x74,0x65,0x09,0x57,0x64,0x69,0x65,0x72,0x65,
        0x73,0x69,0x73,0x09,0x77,0x64,0x69,0x65,0x72,0x65,0x73,0x69,0x73,0x07,0x75,0x6E,0x69,0x31,0x45,0x39,0x45,0x06,0x59,0x67,0x72,0x61,0x76,0x65,0x06,0x79,0x67,0x72,
        0x61,0x76,0x65,0x07,0x75,0x6E,0x69,0x32,0x30,0x30,0x32,0x07,0x75,0x6E,0x69,0x32,0x30,0x30,0x33,0x07,0x75,0x6E,0x69,0x32,0x30,0x30,0x37,0x07,0x75,0x6E,0x69,0x32,
        0x30,0x30,0x38,0x07,0x75,0x6E,0x69,0x32,0x30,0x30,0x42,0x0A,0x66,0x69,0x67,0x75,0x72,0x65,0x64,0x61,0x73,0x68,0x07,0x75,0x6E,0x69,0x32,0x30,0x37,0x30,0x07,0x75,
        0x6E,0x69,0x32,0x30,0x37,0x34,0x07,0x75,0x6E,0x69,0x32,0x30,0x37,0x35,0x07,0x75,0x6E,0x69,0x32,0x30,0x37,0x36,0x07,0x75,0x6E,0x69,0x32,0x30,0x37,0x37,0x07,0x75,
        0x6E,0x69,0x32,0x30,0x37,0x38,0x07,0x75,0x6E,0x69,0x32,0x30,0x37,0x39,0x07,0x75,0x6E,0x69,0x32,0x30,0x38,0x30,0x07,0x75,0x6E,0x69,0x32,0x30,0x38,0x31,0x07,0x75,
        0x6E,0x69,0x32,0x30,0x38,0x32,0x07,0x75,0x6E,0x69,0x32,0x30,0x38,0x33,0x07,0x75,0x6E,0x69,0x32,0x30,0x38,0x34,0x07,0x75,0x6E,0x69,0x32,0x30,0x38,0x35,0x07,0x75,
        0x6E,0x69,0x32,0x30,0x38,0x36,0x07,0x75,0x6E,0x69,0x32,0x30,0x38,0x37,0x07,0x75,0x6E,0x69,0x32,0x30,0x38,0x38,0x07,0x75,0x6E,0x69,0x32,0x30,0x38,0x39,0x04,0x45,
        0x75,0x72,0x6F,0x07,0x75,0x6E,0x69,0x32,0x30,0x42,0x39,0x07,0x75,0x6E,0x69,0x32,0x30,0x42,0x41,0x07,0x75,0x6E,0x69,0x32,0x30,0x42,0x44,0x07,0x75,0x6E,0x69,0x32,
        0x30,0x42,0x46,0x07,0x75,0x6E,0x69,0x32,0x31,0x31,0x33,0x07,0x75,0x6E,0x69,0x32,0x31,0x31,0x36,0x07,0x75,0x6E,0x69,0x32,0x31,0x31,0x37,0x07,0x75,0x6E,0x69,0x32,
        0x31,0x32,0x30,0x07,0x75,0x6E,0x69,0x32,0x31,0x32,0x36,0x09,0x65,0x73,0x74,0x69,0x6D,0x61,0x74,0x65,0x64,0x07,0x75,0x6E,0x69,0x32,0x31,0x35,0x33,0x07,0x75,0x6E,
        0x69,0x32,0x31,0x35,0x34,0x09,0x6F,0x6E,0x65,0x65,0x69,0x67,0x68,0x74,0x68,0x0C,0x74,0x68,0x72,0x65,0x65,0x65,0x69,0x67,0x68,0x74,0x68,0x73,0x0B,0x66,0x69,0x76,
        0x65,0x65,0x69,0x67,0x68,0x74,0x68,0x73,0x0C,0x73,0x65,0x76,0x65,0x6E,0x65,0x69,0x67,0x68,0x74,0x68,0x73,0x08,0x65,0x6D,0x70,0x74,0x79,0x73,0x65,0x74,0x07,0x75,
        0x6E,0x69,0x32,0x32,0x30,0x36,0x07,0x75,0x6E,0x69,0x32,0x32,0x31,0x35,0x07,0x75,0x6E,0x69,0x32,0x32,0x31,0x39,0x07,0x75,0x6E,0x69,0x45,0x30,0x46,0x46,0x07,0x75,
        0x6E,0x69,0x45,0x46,0x46,0x44,0x07,0x75,0x6E,0x69,0x46,0x30,0x30,0x30,0x07,0x75,0x6E,0x69,0x46,0x38,0x46,0x46,0x0B,0x75,0x6E,0x69,0x30,0x30,0x41,0x34,0x30,0x33,
        0x30,0x31,0x09,0x69,0x2E,0x6C,0x6F,0x63,0x6C,0x54,0x52,0x4B,0x07,0x7A,0x65,0x72,0x6F,0x2E,0x74,0x66,0x06,0x6F,0x6E,0x65,0x2E,0x74,0x66,0x06,0x74,0x77,0x6F,0x2E,
        0x74,0x66,0x08,0x74,0x68,0x72,0x65,0x65,0x2E,0x74,0x66,0x07,0x66,0x6F,0x75,0x72,0x2E,0x74,0x66,0x07,0x66,0x69,0x76,0x65,0x2E,0x74,0x66,0x06,0x73,0x69,0x78,0x2E,
        0x74,0x66,0x08,0x73,0x65,0x76,0x65,0x6E,0x2E,0x74,0x66,0x08,0x65,0x69,0x67,0x68,0x74,0x2E,0x74,0x66,0x07,0x6E,0x69,0x6E,0x65,0x2E,0x74,0x66,0x09,0x7A,0x65,0x72,
        0x6F,0x2E,0x64,0x6E,0x6F,0x6D,0x08,0x6F,0x6E,0x65,0x2E,0x64,0x6E,0x6F,0x6D,0x08,0x74,0x77,0x6F,0x2E,0x64,0x6E,0x6F,0x6D,0x0A,0x74,0x68,0x72,0x65,0x65,0x2E,0x64,
        0x6E,0x6F,0x6D,0x09,0x66,0x6F,0x75,0x72,0x2E,0x64,0x6E,0x6F,0x6D,0x09,0x66,0x69,0x76,0x65,0x2E,0x64,0x6E,0x6F,0x6D,0x08,0x73,0x69,0x78,0x2E,0x64,0x6E,0x6F,0x6D,
        0x0A,0x73,0x65,0x76,0x65,0x6E,0x2E,0x64,0x6E,0x6F,0x6D,0x0A,0x65,0x69,0x67,0x68,0x74,0x2E,0x64,0x6E,0x6F,0x6D,0x09,0x6E,0x69,0x6E,0x65,0x2E,0x64,0x6E,0x6F,0x6D,
        0x09,0x7A,0x65,0x72,0x6F,0x2E,0x6E,0x75,0x6D,0x72,0x08,0x6F,0x6E,0x65,0x2E,0x6E,0x75,0x6D,0x72,0x08,0x74,0x77,0x6F,0x2E,0x6E,0x75,0x6D,0x72,0x0A,0x74,0x68,0x72,
        0x65,0x65,0x2E,0x6E,0x75,0x6D,0x72,0x09,0x66,0x6F,0x75,0x72,0x2E,0x6E,0x75,0x6D,0x72,0x09,0x66,0x69,0x76,0x65,0x2E,0x6E,0x75,0x6D,0x72,0x08,0x73,0x69,0x78,0x2E,
        0x6E,0x75,0x6D,0x72,0x0A,0x73,0x65,0x76,0x65,0x6E,0x2E,0x6E,0x75,0x6D,0x72,0x0A,0x65,0x69,0x67,0x68,0x74,0x2E,0x6E,0x75,0x6D,0x72,0x09,0x6E,0x69,0x6E,0x65,0x2E,
        0x6E,0x75,0x6D,0x72,0x00,0x00,0x00,0x01,0xFF,0xFF,0x00,0x02,0x00,0x01,0x00,0x00,0x00,0x0C,0x00,0x00,0x00,0xFA,0x01,0x02,0x00,0x02,0x00,0x27,0x00,0x25,0x00,0x3E,
        0x00,0x01,0x00,0x45,0x00,0x54,0x00,0x01,0x00,0x56,0x00,0x5E,0x00,0x01,0x00,0x83,0x00,0x99,0x00,0x01,0x00,0x9B,0x00,0xA0,0x00,0x01,0x00,0xA3,0x00,0xB2,0x00,0x01,
        0x00,0xB4,0x00,0xB9,0x00,0x01,0x00,0xBB,0x00,0xC0,0x00,0x01,0x00,0xC2,0x01,0x0C,0x00,0x01,0x01,0x0F,0x01,0x14,0x00,0x01,0x01,0x17,0x01,0x41,0x00,0x01,0x01,0x43,
        0x01,0x4B,0x00,0x01,0x01,0x56,0x01,0x68,0x00,0x03,0x01,0x6D,0x01,0x71,0x00,0x01,0x01,0x73,0x01,0x73,0x00,0x01,0x01,0x76,0x01,0x76,0x00,0x01,0x01,0x79,0x01,0x7B,
        0x00,0x01,0x01,0x7D,0x01,0x7F,0x00,0x01,0x01,0x81,0x01,0x83,0x00,0x01,0x01,0x86,0x01,0x86,0x00,0x01,0x01,0x8C,0x01,0x8C,0x00,0x01,0x01,0x8E,0x01,0x8E,0x00,0x01,
        0x01,0x90,0x01,0x91,0x00,0x01,0x01,0x96,0x01,0x96,0x00,0x01,0x01,0x99,0x01,0x9B,0x00,0x01,0x01,0x9D,0x01,0x9D,0x00,0x01,0x01,0x9F,0x01,0x9F,0x00,0x01,0x01,0xA1,
        0x01,0xA2,0x00,0x01,0x01,0xA4,0x01,0xA4,0x00,0x01,0x01,0xA6,0x01,0xA6,0x00,0x01,0x01,0xAC,0x01,0xAC,0x00,0x01,0x01,0xAE,0x01,0xB4,0x00,0x01,0x01,0xB7,0x01,0xCA,
        0x00,0x01,0x01,0xCC,0x01,0xCD,0x00,0x01,0x01,0xF7,0x01,0xF7,0x00,0x01,0x01,0xF9,0x01,0xF9,0x00,0x01,0x01,0xFB,0x01,0xFB,0x00,0x01,0x02,0x1B,0x02,0x1C,0x00,0x02,
        0x02,0x1D,0x02,0x1E,0x00,0x01,0x00,0x04,0x00,0x00,0x00,0x02,0x00,0x00,0x00,0x02,0x00,0x02,0x01,0x56,0x01,0x61,0x00,0x02,0x01,0x62,0x01,0x63,0x00,0x01,0x00,0x00,
        0x00,0x01,0x00,0x00,0x00,0x0A,0x01,0xB2,0x02,0xB8,0x00,0x02,0x44,0x46,0x4C,0x54,0x00,0x0E,0x6C,0x61,0x74,0x6E,0x00,0x30,0x00,0x04,0x00,0x00,0x00,0x00,0xFF,0xFF,
        0x00,0x0C,0x00,0x00,0x00,0x01,0x00,0x02,0x00,0x03,0x00,0x04,0x00,0x0E,0x00,0x0F,0x00,0x10,0x00,0x11,0x00,0x12,0x00,0x13,0x00,0x14,0x00,0x3A,0x00,0x09,0x41,0x5A,
        0x45,0x20,0x00,0x58,0x43,0x41,0x54,0x20,0x00,0x78,0x43,0x52,0x54,0x20,0x00,0x98,0x4B,0x41,0x5A,0x20,0x00,0xB8,0x4D,0x4F,0x4C,0x20,0x00,0xD8,0x4E,0x4C,0x44,0x20,
        0x00,0xF8,0x52,0x4F,0x4D,0x20,0x01,0x18,0x54,0x41,0x54,0x20,0x01,0x38,0x54,0x52,0x4B,0x20,0x01,0x58,0x00,0x00,0xFF,0xFF,0x00,0x0C,0x00,0x00,0x00,0x01,0x00,0x02,
        0x00,0x03,0x00,0x04,0x00,0x0E,0x00,0x0F,0x00,0x10,0x00,0x11,0x00,0x12,0x00,0x13,0x00,0x14,0x00,0x00,0xFF,0xFF,0x00,0x0D,0x00,0x00,0x00,0x01,0x00,0x02,0x00,0x03,
        0x00,0x04,0x00,0x0C,0x00,0x0E,0x00,0x0F,0x00,0x10,0x00,0x11,0x00,0x12,0x00,0x13,0x00,0x14,0x00,0x00,0xFF,0xFF,0x00,0x0D,0x00,0x00,0x00,0x01,0x00,0x02,0x00,0x03,
        0x00,0x04,0x00,0x0D,0x00,0x0E,0x00,0x0F,0x00,0x10,0x00,0x11,0x00,0x12,0x00,0x13,0x00,0x14,0x00,0x00,0xFF,0xFF,0x00,0x0D,0x00,0x00,0x00,0x01,0x00,0x02,0x00,0x03,
        0x00,0x04,0x00,0x08,0x00,0x0E,0x00,0x0F,0x00,0x10,0x00,0x11,0x00,0x12,0x00,0x13,0x00,0x14,0x00,0x00,0xFF,0xFF,0x00,0x0D,0x00,0x00,0x00,0x01,0x00,0x02,0x00,0x03,
        0x00,0x04,0x00,0x07,0x00,0x0E,0x00,0x0F,0x00,0x10,0x00,0x11,0x00,0x12,0x00,0x13,0x00,0x14,0x00,0x00,0xFF,0xFF,0x00,0x0D,0x00,0x00,0x00,0x01,0x00,0x02,0x00,0x03,
        0x00,0x04,0x00,0x0B,0x00,0x0E,0x00,0x0F,0x00,0x10,0x00,0x11,0x00,0x12,0x00,0x13,0x00,0x14,0x00,0x00,0xFF,0xFF,0x00,0x0D,0x00,0x00,0x00,0x01,0x00,0x02,0x00,0x03,
        0x00,0x04,0x00,0x06,0x00,0x0E,0x00,0x0F,0x00,0x10,0x00,0x11,0x00,0x12,0x00,0x13,0x00,0x14,0x00,0x00,0xFF,0xFF,0x00,0x0D,0x00,0x00,0x00,0x01,0x00,0x02,0x00,0x03,
        0x00,0x04,0x00,0x0A,0x00,0x0E,0x00,0x0F,0x00,0x10,0x00,0x11,0x00,0x12,0x00,0x13,0x00,0x14,0x00,0x00,0xFF,0xFF,0x00,0x0D,0x00,0x00,0x00,0x01,0x00,0x02,0x00,0x03,
        0x00,0x04,0x00,0x05,0x00,0x0E,0x00,0x0F,0x00,0x10,0x00,0x11,0x00,0x12,0x00,0x13,0x00,0x14,0x00,0x00,0xFF,0xFF,0x00,0x0D,0x00,0x00,0x00,0x01,0x00,0x02,0x00,0x03,
        0x00,0x04,0x00,0x09,0x00,0x0E,0x00,0x0F,0x00,0x10,0x00,0x11,0x00,0x12,0x00,0x13,0x00,0x14,0x00,0x15,0x61,0x61,0x6C,0x74,0x00,0x80,0x63,0x63,0x6D,0x70,0x00,0x88,
        0x64,0x6E,0x6F,0x6D,0x00,0x8E,0x66,0x72,0x61,0x63,0x00,0x94,0x6C,0x69,0x67,0x61,0x00,0x9E,0x6C,0x6F,0x63,0x6C,0x00,0xA4,0x6C,0x6F,0x63,0x6C,0x00,0xAA,0x6C,0x6F,
        0x63,0x6C,0x00,0xB0,0x6C,0x6F,0x63,0x6C,0x00,0xB6,0x6C,0x6F,0x63,0x6C,0x00,0xBC,0x6C,0x6F,0x63,0x6C,0x00,0xC2,0x6C,0x6F,0x63,0x6C,0x00,0xC8,0x6C,0x6F,0x63,0x6C,
        0x00,0xCE,0x6C,0x6F,0x63,0x6C,0x00,0xD4,0x6E,0x75,0x6D,0x72,0x00,0xDA,0x6F,0x72,0x64,0x6E,0x00,0xE0,0x70,0x6E,0x75,0x6D,0x00,0xE8,0x73,0x69,0x6E,0x66,0x00,0xEE,
        0x73,0x75,0x62,0x73,0x00,0xF4,0x73,0x75,0x70,0x73,0x00,0xFA,0x74,0x6E,0x75,0x6D,0x01,0x00,0x00,0x00,0x00,0x02,0x00,0x00,0x00,0x01,0x00,0x00,0x00,0x01,0x00,0x02,
        0x00,0x00,0x00,0x01,0x00,0x10,0x00,0x00,0x00,0x03,0x00,0x11,0x00,0x12,0x00,0x13,0x00,0x00,0x00,0x01,0x00,0x18,0x00,0x00,0x00,0x01,0x00,0x08,0x00,0x00,0x00,0x01,
        0x00,0x03,0x00,0x00,0x00,0x01,0x00,0x07,0x00,0x00,0x00,0x01,0x00,0x0A,0x00,0x00,0x00,0x01,0x00,0x09,0x00,0x00,0x00,0x01,0x00,0x05,0x00,0x00,0x00,0x01,0x00,0x06,
        0x00,0x00,0x00,0x01,0x00,0x0B,0x00,0x00,0x00,0x01,0x00,0x04,0x00,0x00,0x00,0x01,0x00,0x0F,0x00,0x00,0x00,0x02,0x00,0x14,0x00,0x15,0x00,0x00,0x00,0x01,0x00,0x16,
        0x00,0x00,0x00,0x01,0x00,0x0D,0x00,0x00,0x00,0x01,0x00,0x0C,0x00,0x00,0x00,0x01,0x00,0x0E,0x00,0x00,0x00,0x01,0x00,0x17,0x00,0x1C,0x00,0x3A,0x00,0x42,0x00,0x4A,
        0x00,0x54,0x00,0x5C,0x00,0x66,0x00,0x6E,0x00,0x76,0x00,0x7E,0x00,0x86,0x00,0x8E,0x00,0x96,0x00,0x9E,0x00,0xA6,0x00,0xAE,0x00,0xB6,0x00,0xBE,0x00,0xC6,0x00,0xCE,
        0x00,0xD6,0x00,0xE0,0x00,0xEA,0x00,0xF2,0x00,0xFA,0x01,0x02,0x01,0x0A,0x01,0x12,0x01,0x1A,0x00,0x01,0x00,0x00,0x00,0x01,0x00,0xE8,0x00,0x03,0x00,0x00,0x00,0x01,
        0x01,0x3E,0x00,0x06,0x00,0x00,0x00,0x02,0x02,0x14,0x02,0x38,0x00,0x06,0x00,0x00,0x00,0x01,0x02,0x5E,0x00,0x06,0x00,0x00,0x00,0x02,0x02,0x74,0x02,0x9A,0x00,0x01,
        0x00,0x00,0x00,0x01,0x02,0xB6,0x00,0x01,0x00,0x00,0x00,0x01,0x02,0xC8,0x00,0x01,0x00,0x00,0x00,0x01,0x02,0xDA,0x00,0x01,0x00,0x00,0x00,0x01,0x02,0xDE,0x00,0x01,
        0x00,0x00,0x00,0x01,0x02,0xE2,0x00,0x01,0x00,0x00,0x00,0x01,0x02,0xE6,0x00,0x01,0x00,0x00,0x00,0x01,0x02,0xEA,0x00,0x01,0x00,0x00,0x00,0x01,0x02,0xEE,0x00,0x01,
        0x00,0x00,0x00,0x01,0x02,0xF6,0x00,0x01,0x00,0x00,0x00,0x01,0x02,0xFE,0x00,0x01,0x00,0x00,0x00,0x01,0x03,0x1A,0x00,0x01,0x00,0x00,0x00,0x01,0x03,0x22,0x00,0x01,
        0x00,0x00,0x00,0x01,0x03,0x2A,0x00,0x01,0x00,0x00,0x00,0x01,0x03,0x2E,0x00,0x06,0x00,0x00,0x00,0x02,0x03,0x36,0x03,0x58,0x00,0x06,0x00,0x00,0x00,0x02,0x03,0x74,
        0x03,0x98,0x00,0x04,0x00,0x00,0x00,0x01,0x03,0xB2,0x00,0x01,0x00,0x00,0x00,0x01,0x03,0xC4,0x00,0x01,0x00,0x00,0x00,0x01,0x03,0xCC,0x00,0x04,0x00,0x00,0x00,0x01,
        0x03,0xD4,0x00,0x01,0x00,0x00,0x00,0x01,0x03,0xEC,0x00,0x04,0x00,0x00,0x00,0x01,0x03,0xFA,0x00,0x01,0x00,0x00,0x00,0x01,0x04,0x18,0x00,0x02,0x00,0x30,0x00,0x15,
        0x01,0xE3,0x00,0x6D,0x02,0x1D,0x00,0x7D,0x00,0x6D,0x02,0x1E,0x00,0x7D,0x01,0x47,0x01,0x48,0x01,0x49,0x01,0x4A,0x02,0x29,0x02,0x2A,0x02,0x2B,0x02,0x2C,0x02,0x2D,
        0x02,0x2E,0x02,0x2F,0x02,0x30,0x02,0x31,0x02,0x32,0x00,0x01,0x00,0x15,0x00,0x13,0x00,0x25,0x00,0x2E,0x00,0x33,0x00,0x45,0x00,0x4D,0x00,0x53,0x01,0x21,0x01,0x22,
        0x01,0x25,0x01,0x26,0x02,0x33,0x02,0x34,0x02,0x35,0x02,0x36,0x02,0x37,0x02,0x38,0x02,0x39,0x02,0x3A,0x02,0x3B,0x02,0x3C,0x00,0x01,0x00,0xCE,0x00,0x14,0x00,0x2E,
        0x00,0x3A,0x00,0x46,0x00,0x52,0x00,0x5E,0x00,0x6A,0x00,0x76,0x00,0x82,0x00,0x8E,0x00,0x9A,0x00,0xA6,0x00,0xAA,0x00,0xAE,0x00,0xB2,0x00,0xB6,0x00,0xBA,0x00,0xBE,
        0x00,0xC2,0x00,0xC6,0x00,0xCA,0x00,0x05,0x01,0xEB,0x01,0xE4,0x02,0x33,0x02,0x29,0x02,0x1F,0x00,0x05,0x01,0xEC,0x00,0x7C,0x02,0x34,0x02,0x2A,0x02,0x20,0x00,0x05,
        0x01,0xED,0x00,0x75,0x02,0x35,0x02,0x2B,0x02,0x21,0x00,0x05,0x01,0xEE,0x00,0x76,0x02,0x36,0x02,0x2C,0x02,0x22,0x00,0x05,0x01,0xEF,0x01,0xE5,0x02,0x37,0x02,0x2D,
        0x02,0x23,0x00,0x05,0x01,0xF0,0x01,0xE6,0x02,0x38,0x02,0x2E,0x02,0x24,0x00,0x05,0x01,0xF1,0x01,0xE7,0x02,0x39,0x02,0x2F,0x02,0x25,0x00,0x05,0x01,0xF2,0x01,0xE8,
        0x02,0x3A,0x02,0x30,0x02,0x26,0x00,0x05,0x01,0xF3,0x01,0xE9,0x02,0x3B,0x02,0x31,0x02,0x27,0x00,0x05,0x01,0xF4,0x01,0xEA,0x02,0x3C,0x02,0x32,0x02,0x28,0x00,0x01,
        0x00,0x14,0x00,0x01,0x00,0x15,0x00,0x01,0x00,0x16,0x00,0x01,0x00,0x17,0x00,0x01,0x00,0x18,0x00,0x01,0x00,0x19,0x00,0x01,0x00,0x1A,0x00,0x01,0x00,0x1B,0x00,0x01,
        0x00,0x1C,0x00,0x01,0x00,0x1D,0x00,0x02,0x00,0x02,0x00,0x14,0x00,0x1D,0x00,0x00,0x02,0x1F,0x02,0x28,0x00,0x0A,0x00,0x03,0x00,0x00,0x00,0x01,0x00,0x12,0x00,0x01,
        0x00,0x1A,0x00,0x01,0x00,0x00,0x00,0x19,0x00,0x01,0x00,0x02,0x00,0x4D,0x00,0x4E,0x00,0x02,0x00,0x01,0x01,0x56,0x01,0x61,0x00,0x00,0x00,0x03,0x00,0x00,0x00,0x01,
        0x00,0x14,0x00,0x02,0x00,0x1C,0x00,0x26,0x00,0x01,0x00,0x00,0x00,0x19,0x00,0x01,0x00,0x02,0x00,0x4D,0x00,0x4E,0x00,0x02,0x00,0x01,0x01,0x63,0x01,0x68,0x00,0x00,
        0x00,0x02,0x00,0x01,0x01,0x56,0x01,0x61,0x00,0x00,0x00,0x03,0x00,0x01,0x00,0x18,0x00,0x01,0x00,0x12,0x00,0x00,0x00,0x01,0x00,0x00,0x00,0x19,0x00,0x01,0x00,0x01,
        0x00,0x2E,0x00,0x01,0x00,0x01,0x00,0x90,0x00,0x03,0x00,0x00,0x00,0x02,0x00,0x14,0x00,0x1A,0x00,0x01,0x00,0x20,0x00,0x01,0x00,0x00,0x00,0x1A,0x00,0x01,0x00,0x01,
        0x00,0x50,0x00,0x01,0x00,0x01,0x00,0x7A,0x00,0x01,0x00,0x01,0x00,0x50,0x00,0x03,0x00,0x00,0x00,0x02,0x00,0x14,0x00,0x1A,0x00,0x01,0x00,0x20,0x00,0x01,0x00,0x00,
        0x00,0x1A,0x00,0x01,0x00,0x01,0x00,0x30,0x00,0x01,0x00,0x01,0x00,0x7A,0x00,0x01,0x00,0x01,0x00,0x30,0x00,0x02,0x00,0x0E,0x00,0x04,0x01,0x47,0x01,0x48,0x01,0x49,
        0x01,0x4A,0x00,0x01,0x00,0x04,0x01,0x21,0x01,0x22,0x01,0x25,0x01,0x26,0x00,0x02,0x00,0x0E,0x00,0x04,0x01,0x47,0x01,0x48,0x01,0x49,0x01,0x4A,0x00,0x01,0x00,0x04,
        0x01,0x21,0x01,0x22,0x01,0x25,0x01,0x26,0x00,0x01,0x00,0x06,0x01,0xD1,0x00,0x01,0x00,0x01,0x00,0x4D,0x00,0x01,0x00,0x06,0x01,0xD1,0x00,0x01,0x00,0x01,0x00,0x4D,
        0x00,0x01,0x00,0x06,0x01,0xD1,0x00,0x01,0x00,0x01,0x00,0x4D,0x00,0x01,0x00,0x06,0x01,0xD1,0x00,0x01,0x00,0x01,0x00,0x4D,0x00,0x01,0x00,0x06,0x01,0xD1,0x00,0x01,
        0x00,0x01,0x00,0x4D,0x00,0x01,0x00,0x06,0x01,0xD7,0x00,0x02,0x00,0x01,0x00,0x14,0x00,0x1D,0x00,0x00,0x00,0x01,0x00,0x06,0x01,0xD7,0x00,0x02,0x00,0x01,0x00,0x14,
        0x00,0x1D,0x00,0x00,0x00,0x02,0x00,0x1A,0x00,0x0A,0x01,0xE4,0x00,0x7C,0x00,0x75,0x00,0x76,0x01,0xE5,0x01,0xE6,0x01,0xE7,0x01,0xE8,0x01,0xE9,0x01,0xEA,0x00,0x02,
        0x00,0x01,0x00,0x14,0x00,0x1D,0x00,0x00,0x00,0x01,0x00,0x06,0x02,0x1F,0x00,0x02,0x00,0x01,0x00,0x14,0x00,0x1D,0x00,0x00,0x00,0x01,0x00,0x06,0x02,0x15,0x00,0x02,
        0x00,0x01,0x00,0x14,0x00,0x1D,0x00,0x00,0x00,0x01,0x00,0x06,0x01,0xD0,0x00,0x01,0x00,0x01,0x00,0x13,0x00,0x01,0x00,0x06,0x02,0x1F,0x00,0x02,0x00,0x01,0x00,0x14,
        0x00,0x1D,0x00,0x00,0x00,0x03,0x00,0x01,0x00,0x1C,0x00,0x01,0x00,0x12,0x00,0x00,0x00,0x01,0x00,0x00,0x00,0x1B,0x00,0x02,0x00,0x01,0x02,0x33,0x02,0x3C,0x00,0x00,
        0x00,0x01,0x00,0x01,0x01,0xE3,0x00,0x03,0x00,0x01,0x00,0x1C,0x00,0x01,0x00,0x12,0x00,0x00,0x00,0x01,0x00,0x00,0x00,0x1B,0x00,0x02,0x00,0x01,0x02,0x33,0x02,0x3C,
        0x00,0x00,0x00,0x02,0x00,0x01,0x02,0x29,0x02,0x32,0x00,0x00,0x00,0x03,0x00,0x01,0x00,0x1A,0x00,0x01,0x00,0x12,0x00,0x00,0x00,0x01,0x00,0x00,0x00,0x1B,0x00,0x01,
        0x00,0x02,0x00,0x25,0x00,0x45,0x00,0x02,0x00,0x01,0x00,0x14,0x00,0x1D,0x00,0x00,0x00,0x03,0x00,0x01,0x00,0x1A,0x00,0x01,0x00,0x12,0x00,0x00,0x00,0x01,0x00,0x00,
        0x00,0x1B,0x00,0x01,0x00,0x02,0x00,0x33,0x00,0x53,0x00,0x02,0x00,0x01,0x00,0x14,0x00,0x1D,0x00,0x00,0x00,0x01,0x00,0x14,0x00,0x01,0x00,0x08,0x00,0x01,0x00,0x04,
        0x01,0xFB,0x00,0x03,0x00,0x53,0x00,0x12,0x00,0x01,0x00,0x01,0x00,0x32,0x00,0x01,0x00,0x06,0xFD,0xF5,0x00,0x02,0x00,0x01,0x02,0x1F,0x02,0x28,0x00,0x00,0x00,0x01,
        0x00,0x06,0x02,0x0B,0x00,0x02,0x00,0x01,0x00,0x14,0x00,0x1D,0x00,0x00,0x00,0x01,0x00,0x1A,0x00,0x01,0x00,0x08,0x00,0x02,0x00,0x06,0x00,0x0C,0x02,0x1C,0x00,0x02,
        0x00,0x50,0x02,0x1B,0x00,0x02,0x00,0x4D,0x00,0x01,0x00,0x01,0x00,0x4A,0x00,0x02,0x00,0x0C,0x00,0x03,0x02,0x1D,0x00,0xF4,0x01,0x4B,0x00,0x01,0x00,0x03,0x00,0x2E,
        0x00,0x4D,0x00,0x4E,0x00,0x01,0x00,0x1E,0x00,0x02,0x00,0x0A,0x00,0x14,0x00,0x01,0x00,0x04,0x01,0x02,0x00,0x02,0x00,0x7A,0x00,0x01,0x00,0x04,0x01,0x03,0x00,0x02,
        0x00,0x7A,0x00,0x01,0x00,0x02,0x00,0x30,0x00,0x50,0x00,0x02,0x00,0x22,0x00,0x0E,0x00,0x6D,0x00,0x7D,0x00,0x6D,0x00,0x7D,0x02,0x29,0x02,0x2A,0x02,0x2B,0x02,0x2C,
        0x02,0x2D,0x02,0x2E,0x02,0x2F,0x02,0x30,0x02,0x31,0x02,0x32,0x00,0x01,0x00,0x0E,0x00,0x25,0x00,0x33,0x00,0x45,0x00,0x53,0x02,0x33,0x02,0x34,0x02,0x35,0x02,0x36,
        0x02,0x37,0x02,0x38,0x02,0x39,0x02,0x3A,0x02,0x3B,0x02,0x3C,0x00,0x01,0x00,0x00,0x00,0x0A,0x00,0x6E,0x00,0x9C,0x00,0x02,0x44,0x46,0x4C,0x54,0x00,0x0E,0x6C,0x61,
        0x74,0x6E,0x00,0x1E,0x00,0x04,0x00,0x00,0x00,0x00,0xFF,0xFF,0x00,0x03,0x00,0x00,0x00,0x01,0x00,0x02,0x00,0x3A,0x00,0x09,0x41,0x5A,0x45,0x20,0x00,0x3A,0x43,0x41,
        0x54,0x20,0x00,0x3A,0x43,0x52,0x54,0x20,0x00,0x3A,0x4B,0x41,0x5A,0x20,0x00,0x3A,0x4D,0x4F,0x4C,0x20,0x00,0x3A,0x4E,0x4C,0x44,0x20,0x00,0x3A,0x52,0x4F,0x4D,0x20,
        0x00,0x3A,0x54,0x41,0x54,0x20,0x00,0x3A,0x54,0x52,0x4B,0x20,0x00,0x3A,0x00,0x00,0xFF,0xFF,0x00,0x03,0x00,0x00,0x00,0x01,0x00,0x02,0x00,0x03,0x6B,0x65,0x72,0x6E,
        0x00,0x14,0x6D,0x61,0x72,0x6B,0x00,0x1C,0x6D,0x6B,0x6D,0x6B,0x00,0x26,0x00,0x00,0x00,0x02,0x00,0x00,0x00,0x01,0x00,0x00,0x00,0x03,0x00,0x02,0x00,0x03,0x00,0x04,
        0x00,0x00,0x00,0x02,0x00,0x05,0x00,0x06,0x00,0x07,0x00,0x10,0x00,0x1E,0x00,0x34,0x00,0x3C,0x00,0x44,0x00,0x4C,0x00,0x54,0x00,0x02,0x00,0x08,0x00,0x04,0x00,0x4C,
        0x00,0xF8,0x02,0x24,0x02,0x52,0x00,0x02,0x00,0x08,0x00,0x08,0x02,0xE8,0x05,0xC8,0x07,0x6E,0x18,0x84,0x23,0x6A,0x2B,0xC0,0x2C,0xA6,0x32,0xB4,0x00,0x04,0x00,0x00,
        0x00,0x01,0x35,0x28,0x00,0x04,0x00,0x00,0x00,0x01,0x35,0xEE,0x00,0x04,0x00,0x00,0x00,0x01,0x3B,0xF0,0x00,0x06,0x01,0x00,0x00,0x01,0x5E,0x3E,0x00,0x06,0x02,0x00,
        0x00,0x01,0x5E,0x84,0x00,0x01,0x00,0x92,0x00,0x04,0x00,0x00,0x00,0x0B,0x00,0x20,0x00,0x26,0x00,0x2C,0x00,0x36,0x00,0x3C,0x00,0x4A,0x00,0x50,0x00,0x5A,0x00,0x60,
        0x00,0x76,0x00,0x7C,0x00,0x01,0x00,0x1B,0xFF,0xF6,0x00,0x01,0x00,0x18,0xFF,0xCE,0x00,0x02,0x00,0x13,0xFF,0x7A,0x00,0x18,0xFF,0xD8,0x00,0x01,0x00,0x15,0x00,0x08,
        0x00,0x03,0x00,0x16,0x00,0x05,0x00,0x18,0xFF,0xE4,0x00,0x1B,0x00,0x05,0x00,0x01,0x00,0x14,0x00,0x00,0x00,0x02,0x00,0x15,0xFF,0xFB,0x00,0x1B,0xFF,0xF6,0x00,0x01,
        0x00,0x1B,0xFF,0xFB,0x00,0x05,0x00,0x0A,0xFF,0xFB,0x00,0x13,0xFF,0xD8,0x00,0x18,0xFF,0xC6,0x00,0x1B,0x00,0x08,0x00,0x24,0xFF,0xE9,0x00,0x01,0x00,0x1B,0xFF,0xEC,
        0x00,0x05,0x00,0x14,0xFF,0xF6,0x00,0x15,0xFF,0xD5,0x00,0x18,0xFF,0xE9,0x00,0x1B,0xFF,0xE2,0x00,0x1D,0xFF,0xF6,0x00,0x01,0x00,0x0B,0x00,0x0A,0x00,0x0E,0x00,0x13,
        0x00,0x15,0x00,0x16,0x00,0x17,0x00,0x18,0x00,0x19,0x00,0x1B,0x00,0x24,0x00,0x82,0x00,0x02,0x00,0xFA,0x00,0x04,0x00,0x00,0x00,0x6A,0x00,0xE6,0x00,0x09,0x00,0x05,
        0x00,0x00,0xFF,0xEC,0x00,0x00,0x00,0x00,0x00,0x00,0x00,0x00,0xFF,0xD8,0xFF,0xE2,0x00,0x00,0x00,0x00,0x00,0x00,0xFF,0xD8,0xFF,0xD8,0x00,0x00,0x00,0x00,0x00,0x00,
        0x00,0x00,0xFF,0xB0,0xFF,0xF7,0x00,0x00,0x00,0x00,0xFF,0xD8,0xFF,0xEC,0x00,0x0A,0x00,0x00,0x00,0x00,0x00,0x00,0x00,0x00,0xFF,0xC4,0x00,0x00,0x00,0x00,0x00,0x00,
        0x00,0x00,0xFF,0xB0,0x00,0x00,0x00,0x00,0x00,0x14,0x00,0x00,0xFF,0xB0,0x00,0x00,0x00,0x00,0x00,0x00,0x00,0x00,0x00,0x00,0xFF,0xF6,0x00,0x02,0x00,0x14,0x00,0x06,
        0x00,0x06,0x00,0x07,0x00,0x0B,0x00,0x0B,0x00,0x07,0x00,0x10,0x00,0x10,0x00,0x03,0x00,0x11,0x00,0x11,0x00,0x04,0x00,0x12,0x00,0x12,0x00,0x03,0x00,0x6E,0x00,0x6E,
        0x00,0x01,0x00,0x70,0x00,0x70,0x00,0x04,0x00,0x7A,0x00,0x7A,0x00,0x04,0x00,0x7E,0x00,0x7E,0x00,0x02,0x00,0x82,0x00,0x82,0x00,0x08,0x01,0xD4,0x01,0xD5,0x00,0x04,
        0x01,0xD6,0x01,0xD6,0x00,0x05,0x01,0xD7,0x01,0xD7,0x00,0x06,0x01,0xD8,0x01,0xD8,0x00,0x03,0x01,0xD9,0x01,0xD9,0x00,0x05,0x01,0xDA,0x01,0xDA,0x00,0x06,0x01,0xDB,
        0x01,0xDB,0x00,0x03,0x01,0xDF,0x01,0xDF,0x00,0x03,0x01,0xE1,0x01,0xE1,0x00,0x01,0x01,0xE2,0x01,0xE2,0x00,0x02,0x00,0x01,0x00,0x15,0x00,0x07,0x00,0x02,0x00,0x00,
        0x00,0x00,0x00,0x03,0x00,0x00,0x00,0x04,0x00,0x01,0x00,0x01,0x00,0x17,0x00,0x06,0x00,0x0B,0x00,0x10,0x00,0x11,0x00,0x12,0x00,0x1E,0x00,0x1F,0x00,0x6E,0x00,0x70,
        0x00,0x7A,0x00,0x7E,0x00,0x82,0x01,0xD4,0x01,0xD5,0x01,0xD6,0x01,0xD7,0x01,0xD8,0x01,0xD9,0x01,0xDA,0x01,0xDB,0x01,0xDF,0x01,0xE1,0x01,0xE2,0x00,0x02,0x00,0x24,
        0x00,0x04,0x00,0x00,0x00,0x14,0x00,0x1C,0x00,0x01,0x00,0x02,0x00,0x00,0xFF,0xF6,0x00,0x01,0x00,0x00,0x00,0x01,0x00,0x00,0x00,0x01,0x00,0x1B,0x00,0x01,0x00,0x01,
        0x00,0x01,0x00,0x03,0x00,0x6C,0x00,0x71,0x01,0xFC,0x00,0x02,0x00,0x9E,0x00,0x04,0x00,0x00,0x00,0x20,0x00,0x28,0x00,0x01,0x00,0x08,0x00,0x00,0xFF,0xF6,0xFF,0xF3,
        0xFF,0xD8,0xFF,0xEC,0xFF,0xAA,0xFF,0xD5,0x00,0x14,0x00,0x01,0x00,0x00,0x00,0x01,0x00,0x00,0x00,0x02,0x00,0x13,0x00,0x06,0x00,0x06,0x00,0x07,0x00,0x0B,0x00,0x0B,
        0x00,0x07,0x00,0x10,0x00,0x10,0x00,0x05,0x00,0x11,0x00,0x11,0x00,0x06,0x00,0x12,0x00,0x12,0x00,0x05,0x00,0x1E,0x00,0x1F,0x00,0x01,0x00,0x6C,0x00,0x6C,0x00,0x02,
        0x00,0x6E,0x00,0x6E,0x00,0x03,0x00,0x70,0x00,0x70,0x00,0x06,0x00,0x71,0x00,0x71,0x00,0x02,0x00,0x7A,0x00,0x7A,0x00,0x06,0x00,0x7E,0x00,0x7E,0x00,0x04,0x01,0xD4,
        0x01,0xD5,0x00,0x06,0x01,0xD8,0x01,0xD8,0x00,0x05,0x01,0xDB,0x01,0xDB,0x00,0x05,0x01,0xDF,0x01,0xDF,0x00,0x05,0x01,0xE1,0x01,0xE1,0x00,0x03,0x01,0xE2,0x01,0xE2,
        0x00,0x04,0x01,0xFC,0x01,0xFC,0x00,0x02,0x00,0x01,0x00,0x01,0x00,0x1B,0x00,0x01,0x02,0xA2,0x00,0x04,0x00,0x00,0x00,0x1D,0x00,0x44,0x00,0x4A,0x00,0x4A,0x00,0x50,
        0x00,0x5A,0x00,0x60,0x00,0x6E,0x00,0xA4,0x00,0xAE,0x00,0x44,0x00,0x44,0x00,0x44,0x00,0xB8,0x00,0xBE,0x00,0x5A,0x01,0xC4,0x02,0x1A,0x00,0x6E,0x00,0x6E,0x02,0x68,
        0x00,0x6E,0x00,0x50,0x00,0xAE,0x00,0x60,0x00,0x6E,0x00,0x44,0x00,0x44,0x00,0x44,0x00,0xB8,0x00,0x01,0x01,0x29,0xFF,0xF1,0x00,0x01,0x01,0x29,0xFF,0xFB,0x00,0x02,
        0x00,0xAF,0x00,0x1B,0x00,0xB1,0x00,0x1B,0x00,0x01,0x00,0xEE,0x00,0x06,0x00,0x03,0x00,0xB1,0x00,0x1E,0x00,0xB2,0x00,0x1E,0x00,0xEE,0x00,0x1E,0x00,0x0D,0x00,0xA6,
        0xFF,0xDC,0x00,0xA7,0xFF,0xDC,0x00,0xB9,0xFF,0xE0,0x00,0xC4,0xFF,0xDC,0x00,0xC6,0xFF,0xDC,0x00,0xD6,0xFF,0xE0,0x00,0xD8,0xFF,0xE0,0x00,0xDE,0xFF,0xE0,0x00,0xEE,
        0x00,0x32,0x01,0x10,0xFF,0xE0,0x01,0x1C,0xFF,0xF9,0x01,0x24,0xFF,0xE8,0x01,0x41,0xFF,0xE7,0x00,0x02,0x00,0xB1,0x00,0x1E,0x00,0xEE,0x00,0x1E,0x00,0x02,0x00,0xAF,
        0x00,0x11,0x00,0xB1,0x00,0x1B,0x00,0x01,0x01,0x29,0xFF,0xF6,0x00,0x41,0x00,0x06,0xFF,0xF6,0x00,0x0B,0xFF,0xF6,0x00,0x0D,0xFF,0xEC,0x00,0x10,0xFF,0xB7,0x00,0x11,
        0x00,0x08,0x00,0x12,0xFF,0xB7,0x00,0x13,0xFF,0xDD,0x00,0x25,0xFF,0xE8,0x00,0x2E,0xFF,0xC2,0x00,0x38,0xFF,0xDF,0x00,0x3A,0xFF,0xF6,0x00,0x3B,0xFF,0xFC,0x00,0x3C,
        0xFF,0xD7,0x00,0x3D,0xFF,0xDB,0x00,0x3E,0xFF,0xD8,0x00,0x41,0xFF,0xEC,0x00,0x61,0xFF,0xEC,0x00,0x6C,0x00,0x0A,0x00,0x6D,0x00,0x05,0x00,0x6E,0x00,0x0A,0x00,0x70,
        0x00,0x08,0x00,0x71,0x00,0x0A,0x00,0x7A,0x00,0x08,0x00,0x7D,0x00,0x05,0x00,0x7E,0x00,0x0A,0x00,0x83,0xFF,0xE8,0x00,0x84,0xFF,0xE8,0x00,0x85,0xFF,0xE8,0x00,0x86,
        0xFF,0xE8,0x00,0x87,0xFF,0xE8,0x00,0x88,0xFF,0xE8,0x00,0x89,0xFF,0xC5,0x00,0xA0,0xFF,0xDB,0x00,0xC3,0xFF,0xE8,0x00,0xC5,0xFF,0xE8,0x00,0xC7,0xFF,0xE8,0x00,0xF7,
        0xFF,0xC2,0x01,0x25,0xFF,0xDF,0x01,0x27,0xFF,0xDF,0x01,0x37,0xFF,0xFC,0x01,0x39,0xFF,0xDB,0x01,0x3B,0xFF,0xDB,0x01,0x3C,0xFF,0xD8,0x01,0x3E,0xFF,0xD8,0x01,0x40,
        0xFF,0xD8,0x01,0x43,0xFF,0xC5,0x01,0x49,0xFF,0xDF,0x01,0xC3,0xFF,0xDF,0x01,0xC5,0xFF,0xFC,0x01,0xC7,0xFF,0xFC,0x01,0xC9,0xFF,0xFC,0x01,0xCC,0xFF,0xDB,0x01,0xD4,
        0x00,0x08,0x01,0xD5,0x00,0x08,0x01,0xD7,0xFF,0xFE,0x01,0xD8,0xFF,0xB7,0x01,0xDA,0xFF,0xFE,0x01,0xDB,0xFF,0xB7,0x01,0xDF,0xFF,0xB7,0x01,0xE1,0x00,0x0A,0x01,0xE2,
        0x00,0x0A,0x01,0xFC,0x00,0x0A,0x01,0xFD,0x00,0x0A,0x01,0xFE,0x00,0x0A,0x02,0x1D,0xFF,0xC2,0x00,0x15,0x00,0x06,0xFF,0xF2,0x00,0x0B,0xFF,0xF2,0x00,0x0E,0xFF,0xFD,
        0x00,0x11,0xFF,0xC2,0x00,0x23,0xFF,0xFD,0x00,0x6D,0xFF,0xF1,0x00,0x6E,0xFF,0xD8,0x00,0x70,0xFF,0xC2,0x00,0x7A,0xFF,0xC2,0x00,0x7D,0xFF,0xF1,0x00,0x7E,0xFF,0xF6,
        0x01,0xD4,0xFF,0xC2,0x01,0xD5,0xFF,0xC2,0x01,0xD6,0xFF,0xD8,0x01,0xD7,0xFF,0xE4,0x01,0xD9,0xFF,0xD8,0x01,0xDA,0xFF,0xE4,0x01,0xE1,0xFF,0xD8,0x01,0xE2,0xFF,0xF6,
        0x01,0xFD,0x00,0x00,0x01,0xFE,0x00,0x00,0x00,0x13,0x00,0x06,0xFF,0xD5,0x00,0x0B,0xFF,0xD5,0x00,0x0E,0xFF,0xDF,0x00,0x11,0xFF,0xD6,0x00,0x23,0xFF,0xDD,0x00,0x6E,
        0xFF,0xEC,0x00,0x70,0xFF,0xD6,0x00,0x7A,0xFF,0xD6,0x00,0x7E,0x00,0x00,0x01,0xD4,0xFF,0xD6,0x01,0xD5,0xFF,0xD6,0x01,0xD6,0xFF,0xCB,0x01,0xD7,0xFF,0xD5,0x01,0xD9,
        0xFF,0xCB,0x01,0xDA,0xFF,0xD5,0x01,0xE1,0xFF,0xEC,0x01,0xE2,0x00,0x00,0x01,0xFD,0xFF,0xEC,0x01,0xFE,0xFF,0xEC,0x00,0x0E,0x00,0x11,0xFF,0xF1,0x00,0x1E,0xFF,0xF1,
        0x00,0x1F,0xFF,0xF1,0x00,0x24,0xFF,0xFB,0x00,0x6E,0xFF,0xF6,0x00,0x70,0xFF,0xF1,0x00,0x7A,0xFF,0xF1,0x00,0x7E,0xFF,0xF1,0x00,0x89,0xFF,0xB4,0x01,0x43,0xFF,0xB4,
        0x01,0xD4,0xFF,0xF1,0x01,0xD5,0xFF,0xF1,0x01,0xE1,0xFF,0xF6,0x01,0xE2,0xFF,0xF1,0x00,0x01,0x00,0x1D,0x00,0x11,0x00,0x1E,0x00,0x1F,0x00,0x2A,0x00,0x2F,0x00,0x34,
        0x00,0x38,0x00,0x3A,0x00,0x4A,0x00,0x6E,0x00,0x70,0x00,0x7A,0x00,0x7E,0x00,0xA1,0x00,0xF9,0x01,0x00,0x01,0x04,0x01,0x25,0x01,0x27,0x01,0x29,0x01,0x49,0x01,0xBB,
        0x01,0xBC,0x01,0xBF,0x01,0xC3,0x01,0xD4,0x01,0xD5,0x01,0xE1,0x01,0xE2,0x00,0x01,0x01,0x82,0x00,0x04,0x00,0x00,0x00,0x10,0x00,0x2A,0x00,0x5C,0x00,0x76,0x00,0x8C,
        0x00,0x9E,0x00,0xA8,0x00,0xBA,0x00,0xD4,0x01,0x0A,0x01,0x2C,0x01,0x3E,0x01,0x54,0x01,0x62,0x01,0x6C,0x01,0x72,0x01,0x7C,0x00,0x0C,0x00,0x23,0xFF,0xE2,0x01,0x71,
        0x00,0x04,0x01,0x83,0xFF,0xCA,0x01,0x84,0xFF,0xFB,0x01,0x85,0xFF,0xF7,0x01,0x88,0xFF,0xDC,0x01,0x8B,0xFF,0xD3,0x01,0x91,0x00,0x03,0x01,0xA3,0xFF,0xEC,0x01,0xA4,
        0xFF,0xF2,0x01,0xA8,0xFF,0xF6,0x01,0xAB,0xFF,0xF1,0x00,0x06,0x01,0x83,0xFF,0xF1,0x01,0x86,0xFF,0xFC,0x01,0x8B,0xFF,0xF6,0x01,0xA3,0xFF,0xF9,0x01,0xA4,0xFF,0xFB,
        0x01,0xAB,0xFF,0xF9,0x00,0x05,0x01,0x71,0xFF,0xFD,0x01,0x77,0xFF,0xFE,0x01,0x84,0xFF,0xFD,0x01,0x86,0xFF,0xF9,0x01,0x8B,0xFF,0xFF,0x00,0x04,0x01,0x83,0xFF,0xFF,
        0x01,0x85,0xFF,0xEC,0x01,0xA3,0xFF,0xF6,0x01,0xA8,0xFF,0xEC,0x00,0x02,0x01,0x71,0xFF,0xF9,0x01,0x77,0xFF,0xFE,0x00,0x04,0x01,0x83,0xFF,0xFF,0x01,0x85,0xFF,0xE2,
        0x01,0xA3,0xFF,0xF6,0x01,0xA8,0xFF,0xEC,0x00,0x06,0x01,0x71,0xFF,0xDA,0x01,0x77,0xFF,0xE8,0x01,0x84,0xFF,0xF6,0x01,0x86,0xFF,0xF0,0x01,0x90,0xFF,0xFB,0x01,0xA3,
        0x00,0x0A,0x00,0x0D,0x00,0x13,0xFF,0xD1,0x01,0x71,0xFF,0xCA,0x01,0x83,0x00,0x08,0x01,0x85,0xFF,0xE9,0x01,0x90,0xFF,0xFC,0x01,0x91,0xFF,0xC5,0x01,0x97,0xFF,0xD3,
        0x01,0xA3,0xFF,0xD3,0x01,0xA4,0xFF,0xD0,0x01,0xA6,0xFF,0xC3,0x01,0xA8,0xFF,0xD3,0x01,0xAB,0xFF,0xD3,0x01,0xB0,0xFF,0xCB,0x00,0x08,0x01,0x71,0xFF,0xD2,0x01,0x85,
        0xFF,0xEC,0x01,0x91,0xFF,0xDF,0x01,0x92,0xFF,0xEC,0x01,0x97,0xFF,0xEC,0x01,0xA3,0xFF,0xF6,0x01,0xA6,0xFF,0xF3,0x01,0xA8,0xFF,0xF6,0x00,0x04,0x01,0x71,0xFF,0xF7,
        0x01,0x77,0xFF,0xEC,0x01,0x83,0xFF,0xE9,0x01,0x86,0xFF,0xEC,0x00,0x05,0x01,0x85,0xFF,0xEC,0x01,0xA3,0xFF,0xF6,0x01,0xA4,0xFF,0xE7,0x01,0xA8,0xFF,0xEC,0x01,0xAB,
        0xFF,0xEC,0x00,0x03,0x01,0xA3,0xFF,0xFF,0x01,0xA4,0xFF,0xFE,0x01,0xAB,0xFF,0xFF,0x00,0x02,0x01,0x91,0xFF,0xFF,0x01,0xA4,0xFF,0xFD,0x00,0x01,0x01,0x97,0xFF,0xFC,
        0x00,0x02,0x01,0x91,0xFF,0xFC,0x01,0xB0,0xFF,0xFB,0x00,0x01,0x01,0x91,0xFF,0xF4,0x00,0x01,0x00,0x10,0x01,0x71,0x01,0x72,0x01,0x73,0x01,0x77,0x01,0x78,0x01,0x7B,
        0x01,0x81,0x01,0x83,0x01,0x84,0x01,0x85,0x01,0x86,0x01,0x91,0x01,0x9B,0x01,0xA2,0x01,0xA3,0x01,0xA4,0x00,0x02,0x10,0x04,0x00,0x04,0x00,0x00,0x09,0x34,0x0B,0xCC,
        0x00,0x1A,0x00,0x2D,0x00,0x00,0x00,0x04,0x00,0x04,0x00,0x03,0xFF,0xFD,0xFF,0xFC,0xFF,0xCA,0xFF,0xD1,0xFF,0xFC,0xFF,0xDE,0xFF,0xEC,0x00,0x01,0xFF,0xCC,0x00,0x04,
        0x00,0x03,0x00,0x0A,0xFF,0xF6,0xFF,0xFC,0xFF,0xEC,0xFF,0xF6,0xFF,0xEE,0x00,0x0A,0x00,0x0A,0xFF,0xEC,0xFF,0xD0,0xFF,0xCB,0xFF,0xCB,0x00,0x01,0xFF,0xE2,0xFF,0xF6,
        0xFF,0xF2,0xFF,0xFE,0xFF,0xD3,0xFF,0xFB,0xFF,0xE2,0x00,0x0A,0x00,0x00,0x00,0x00,0x00,0x00,0x00,0x00,0x00,0x00,0x00,0x00,0x00,0x00,0x00,0x00,0x00,0x00,0x00,0x00,
        0xFF,0xFD,0xFF,0xF9,0xFF,0xFF,0x00,0x00,0x00,0x00,0xFF,0xFF,0xFF,0xFF,0x00,0x00,0xFF,0xFB,0xFF,0xFF,0xFF,0xF8,0xFF,0xF0,0x00,0x01,0x00,0x02,0x00,0x00,0x00,0x00,
        0x00,0x02,0x00,0x00,0x00,0x00,0x00,0x00,0x00,0x00,0x00,0x00,0x00,0x00,0x00,0x00,0xFF,0xFA,0xFF,0xFA,0x00,0x00,0x00,0x00,0x00,0x02,0x00,0x02,0x00,0x02,0x00,0x00,
        0x00,0x00,0x00,0x00,0x00,0x00,0x00,0x1C,0x00,0x02,0x00,0x00,0x00,0x00,0x00,0x00,0x00,0x00,0x00,0x00,0x00,0x00,0x00,0x00,0x00,0x00,0xFF,0xFF,0xFF,0xFF,0x00,0x00,
        0x00,0x02,0x00,0x01,0x00,0x01,0x00,0x00,0x00,0x00,0xFF,0xFF,0x00,0x00,0xFF,0xF9,0xFF,0xF7,0x00,0x01,0x00,0x05,0x00,0x00,0x00,0x00,0x00,0x06,0x00,0x00,0x00,0x05,
        0x00,0x05,0x00,0x00,0x00,0x00,0x00,0x00,0x00,0x00,0x00,0x00,0x00,0x00,0x00,0x00,0x00,0x05,0x00,0x06,0x00,0x06,0x00,0x08,0x00,0x05,0x00,0x05,0x00,0x05,0x00,0x00,
        0x00,0x26,0x00,0x02,0x00,0x06,0x00,0x00,0x00,0x00,0x00,0x00,0x00,0x00,0x00,0x00,0x00,0x00,0x00,0x00,0x00,0x04,0x00,0x04,0x00,0x04,0x00,0x00,0x00,0x02,0x00,0x00,
        0x00,0x00,0x00,0x01,0x00,0x04,0x00,0x05,0x00,0x03,0x00,0x00,0x00,0x04,0x00,0x0A,0x00,0x00,0x00,0x00,0x00,0x02,0x00,0x00,0x00,0x00,0x00,0x00,0x00,0x0A,0x00,0x05,
        0x00,0x00,0x00,0x00,0x00,0x00,0x00,0x00,0x00,0x00,0x00,0x00,0x00,0x00,0x00,0x00,0x00,0x00,0x00,0x00,0x00,0x00,0x00,0x00,0x00,0x00,0x00,0x37,0x00,0x05,0x00,0x05,
        0x00,0x04,0x00,0x00,0x00,0x00,0x00,0x00,0x00,0x00,0x00,0x00,0x00,0x00,0xFF,0xDD,0xFF,0xB6,0xFF,0xC3,0x00,0x00,0x00,0x00,0x00,0x08,0x00,0x08,0x00,0x00,0x00,0x04,
        0x00,0x04,0xFF,0xFF,0xFF,0xFF,0xFF,0xFE,0xFF,0xF3,0x00,0x00,0xFF,0xFB,0x00,0x00,0x00,0x00,0x00,0x00,0x00,0x0A,0x00,0x0F,0xFF,0xA5,0xFF,0xFB,0x00,0x05,0x00,0x0A,
        0x00,0x0A,0xFF,0xF9,0x00,0x0A,0xFF,0xFD,0xFF,0xFC,0xFF,0xFE,0x00,0x0A,0xFF,0xFB,0x00,0x05,0xFF,0xE2,0x00,0x35,0xFF,0xF6,0xFF,0xF6,0x00,0x00,0xFF,0xFB,0xFF,0xFF,
        0xFF,0xFC,0x00,0x00,0x00,0x00,0x00,0x00,0xFF,0xFF,0xFF,0xF7,0x00,0x00,0x00,0x00,0x00,0x00,0xFF,0xFE,0x00,0x00,0x00,0x00,0xFF,0xFF,0xFF,0xFF,0xFF,0xF2,0xFF,0xEF,
        0x00,0x00,0x00,0x00,0x00,0x00,0x00,0x00,0x00,0x04,0x00,0x00,0x00,0x00,0x00,0x00,0x00,0x00,0x00,0x00,0x00,0x00,0x00,0x00,0x00,0x00,0x00,0x00,0x00,0x00,0x00,0x00,
        0x00,0x04,0x00,0x04,0x00,0x04,0x00,0x00,0x00,0x00,0x00,0x00,0x00,0x00,0x00,0x26,0x00,0x00,0x00,0x03,0x00,0x00,0x00,0x00,0x00,0x00,0x00,0x03,0x00,0x00,0x00,0x00,
        0x00,0x00,0xFF,0xFE,0xFF,0xF4,0x00,0x00,0x00,0x00,0x00,0x00,0x00,0x00,0x00,0x00,0x00,0x00,0x00,0x00,0x00,0x00,0x00,0x00,0xFF,0xFF,0x00,0x00,0x00,0x01,0x00,0x00,
        0x00,0x00,0xFF,0xFC,0x00,0x00,0x00,0x00,0x00,0x00,0x00,0x00,0x00,0x00,0x00,0x00,0x00,0x00,0x00,0x00,0x00,0x00,0x00,0x00,0x00,0x00,0xFF,0xFC,0xFF,0xFC,0xFF,0xFD,
        0x00,0x00,0x00,0x00,0x00,0x00,0x00,0x00,0x00,0x2D,0x00,0x00,0x00,0x00,0x00,0x00,0x00,0x00,0x00,0x00,0x00,0x00,0x00,0x00,0x00,0x00,0x00,0x00,0x00,0x00,0x00,0x00,
        0x00,0x00,0x00,0x00,0x00,0x00,0x00,0x00,0x00,0x00,0x00,0x00,0x00,0x00,0x00,0x00,0x00,0x00,0x00,0x00,0x00,0x00,0x00,0x00,0x00,0x00,0x00,0x00,0x00,0x00,0x00,0x00,
        0x00,0x00,0x00,0x00,0x00,0x00,0x00,0x00,0x00,0x00,0x00,0x00,0x00,0x00,0x00,0x00,0x00,0x00,0x00,0x00,0x00,0x00,0x00,0x00,0x00,0x00,0x00,0x00,0x00,0x00,0x00,0x00,
        0x00,0x00,0x00,0x29,0x00,0x00,0x00,0x00,0x00,0x00,0x00,0x00,0x00,0x00,0x00,0x00,0x00,0x00,0x00,0x00,0x00,0x00,0xFF,0xFC,0xFF,0xEF,0xFF,0xFD,0x00,0x00,0x00,0x00,
        0x00,0x00,0x00,0x00,0x00,0x00,0x00,0x00,0x00,0x00,0x00,0x00,0x00,0x00,0x00,0x00,0x00,0x00,0x00,0x00,0x00,0x00,0x00,0x00,0x00,0x00,0x00,0x00,0x00,0x00,0x00,0x00,
        0xFF,0xFE,0x00,0x00,0x00,0x00,0x00,0x00,0x00,0x00,0x00,0x00,0x00,0x00,0x00,0x00,0x00,0x00,0x00,0x00,0x00,0x00,0x00,0x00,0x00,0x00,0xFF,0xF6,0x00,0x29,0x00,0x00,
        0x00,0x00,0x00,0x00,0x00,0x00,0x00,0x00,0x00,0x00,0x00,0x00,0x00,0x00,0x00,0x00,0x00,0x00,0x00,0x00,0x00,0x00,0xFF,0xF2,0xFF,0xF9,0xFF,0xFF,0xFF,0xFF,0xFF,0xFF,
        0x00,0x00,0x00,0x00,0x00,0x00,0x00,0x00,0x00,0x00,0x00,0x01,0x00,0x05,0xFF,0xE2,0xFF,0xF6,0xFF,0xCE,0xFF,0xE7,0xFF,0xF6,0x00,0x05,0x00,0x0A,0xFF,0xDD,0xFF,0xEC,
        0x00,0x00,0x00,0x00,0xFF,0xFD,0xFF,0xFB,0xFF,0xF4,0xFF,0xE7,0xFF,0xED,0xFF,0xEC,0xFF,0xF8,0xFF,0xF6,0x00,0x00,0x00,0x32,0x00,0x00,0x00,0x00,0x00,0x00,0x00,0x00,
        0x00,0x00,0xFF,0xFC,0xFF,0xFF,0xFF,0xFB,0x00,0x00,0x00,0x03,0x00,0x03,0x00,0x08,0xFF,0xFA,0xFF,0xFF,0xFF,0xAC,0xFF,0xAC,0xFF,0xFF,0xFF,0xCA,0xFF,0xE7,0x00,0x00,
        0xFF,0xA5,0x00,0x00,0x00,0x11,0x00,0x0A,0xFF,0xE9,0xFF,0xF1,0xFF,0xC4,0xFF,0xD8,0xFF,0xDD,0x00,0x0F,0x00,0x0A,0xFF,0xB8,0xFF,0xB1,0xFF,0xB6,0xFF,0xB6,0x00,0x05,
        0xFF,0xC4,0xFF,0xF2,0xFF,0xE3,0xFF,0xF3,0xFF,0x99,0x00,0x00,0xFF,0xD1,0x00,0x0A,0x00,0x03,0x00,0x0F,0x00,0x00,0x00,0x03,0x00,0x03,0x00,0x03,0x00,0x04,0x00,0x05,
        0x00,0x08,0x00,0x00,0x00,0x03,0x00,0x03,0x00,0x08,0xFF,0xFC,0xFF,0xFF,0xFF,0xF9,0xFF,0xFA,0xFF,0xFF,0xFF,0xFE,0x00,0x01,0x00,0x00,0xFF,0xF6,0x00,0x00,0x00,0x11,
        0x00,0x0A,0xFF,0xFD,0xFF,0xF1,0x00,0x00,0x00,0x00,0x00,0x00,0x00,0x00,0x00,0x0A,0x00,0x00,0x00,0x00,0x00,0x00,0x00,0x00,0x00,0x05,0x00,0x00,0xFF,0xF2,0xFF,0xE7,
        0xFF,0xF3,0x00,0x00,0x00,0x00,0x00,0x00,0x00,0x00,0x00,0x2A,0x00,0x0F,0x00,0x00,0x00,0x03,0x00,0x03,0x00,0x03,0x00,0x04,0x00,0x05,0xFF,0xFE,0x00,0x00,0x00,0x03,
        0x00,0x03,0x00,0x08,0xFF,0xFE,0xFF,0xFF,0xFF,0xAC,0xFF,0xC0,0xFF,0xFF,0xFF,0xD1,0xFF,0xEF,0x00,0x00,0xFF,0xAF,0x00,0x00,0x00,0x11,0x00,0x0A,0xFF,0xFD,0xFF,0xF1,
        0x00,0x00,0x00,0x00,0xFF,0xFB,0x00,0x00,0x00,0x0A,0x00,0x00,0x00,0x00,0x00,0x00,0x00,0x00,0x00,0x05,0x00,0x00,0xFF,0xF2,0xFF,0xEC,0xFF,0xFB,0x00,0x00,0x00,0x00,
        0x00,0x00,0x00,0x00,0x00,0x03,0x00,0x0F,0x00,0x00,0x00,0x03,0x00,0x03,0x00,0x03,0x00,0x04,0x00,0x05,0x00,0x00,0x00,0x00,0xFF,0xFD,0xFF,0xF2,0xFF,0xFB,0x00,0x00,
        0x00,0x00,0xFF,0xFA,0xFF,0xFE,0x00,0x00,0xFF,0xFD,0xFF,0xFF,0xFF,0xF2,0xFF,0xEC,0x00,0x00,0x00,0x05,0x00,0x00,0x00,0x00,0x00,0x00,0x00,0x00,0x00,0x00,0x00,0x00,
        0x00,0x00,0xFF,0xF6,0x00,0x00,0x00,0x00,0x00,0x00,0xFF,0xFA,0x00,0x05,0x00,0x00,0x00,0x00,0x00,0x04,0x00,0x03,0x00,0x00,0x00,0x00,0x00,0x00,0x00,0x00,0x00,0x20,
        0x00,0x02,0x00,0x00,0x00,0x00,0x00,0x00,0x00,0x00,0x00,0x05,0x00,0x00,0x00,0x00,0x00,0x00,0xFF,0xD8,0xFF,0xAF,0xFF,0xBE,0x00,0x00,0x00,0x04,0x00,0x02,0x00,0x02,
        0x00,0x00,0x00,0x00,0x00,0x00,0xFF,0xF0,0xFF,0xF9,0xFF,0xFD,0xFF,0xF9,0x00,0x00,0x00,0x05,0x00,0x0A,0x00,0x0A,0x00,0x0A,0x00,0x05,0x00,0x00,0xFF,0xA5,0x00,0x00,
        0x00,0x00,0x00,0x00,0x00,0x00,0xFF,0xFF,0x00,0x0A,0x00,0x0A,0x00,0x05,0x00,0x05,0x00,0x0A,0x00,0x00,0x00,0x0A,0xFF,0xBF,0x00,0x31,0x00,0x00,0x00,0x00,0x00,0x00,
        0x00,0x00,0x00,0x00,0x00,0x00,0x00,0x00,0x00,0x00,0x00,0x00,0x00,0x03,0x00,0x00,0x00,0x00,0x00,0x01,0x00,0x00,0xFF,0xFC,0xFF,0xFF,0x00,0x00,0xFF,0xFC,0xFF,0xFE,
        0x00,0x00,0xFF,0xF0,0x00,0x00,0x00,0x03,0x00,0x05,0x00,0x00,0x00,0x04,0x00,0x00,0x00,0x00,0x00,0x00,0x00,0x00,0x00,0x05,0x00,0x00,0x00,0x00,0x00,0x00,0xFF,0xFB,
        0x00,0x00,0x00,0x00,0x00,0x03,0x00,0x00,0x00,0x02,0x00,0x00,0x00,0x00,0x00,0x00,0x00,0x0A,0x00,0x24,0x00,0x04,0x00,0x05,0x00,0x02,0x00,0x02,0x00,0x02,0x00,0x02,
        0x00,0x03,0x00,0x00,0x00,0x00,0xFF,0xFB,0xFF,0xF5,0xFF,0xFF,0x00,0x00,0xFF,0xFF,0xFF,0xFE,0xFF,0xFE,0x00,0x00,0xFF,0xFD,0xFF,0xFF,0xFF,0xFA,0xFF,0xF7,0x00,0x00,
        0x00,0x02,0x00,0x00,0x00,0x00,0x00,0x00,0x00,0x00,0x00,0x00,0x00,0x05,0x00,0x00,0x00,0x00,0xFF,0xFC,0x00,0x00,0x00,0x00,0x00,0x00,0x00,0x00,0x00,0x00,0x00,0x00,
        0xFF,0xFD,0xFF,0xFE,0x00,0x00,0x00,0x00,0x00,0x00,0x00,0x00,0x00,0x29,0x00,0x00,0xFF,0xFD,0x00,0x00,0x00,0x00,0x00,0x00,0x00,0x00,0x00,0x00,0x00,0x00,0x00,0x00,
        0xFF,0xCA,0xFF,0xAE,0xFF,0xC3,0xFF,0xFA,0xFF,0xFF,0x00,0x08,0x00,0x08,0x00,0x00,0x00,0x03,0x00,0x03,0xFF,0xFF,0x00,0x03,0xFF,0xFD,0xFF,0xC5,0xFF,0xDA,0xFF,0xEC,
        0xFF,0xE2,0xFF,0xCB,0xFF,0xDF,0x00,0x0A,0x00,0x0F,0xFF,0xB3,0xFF,0xB8,0x00,0x00,0x00,0x08,0x00,0x0A,0xFF,0xC7,0x00,0x0A,0xFF,0xDF,0xFF,0xD0,0xFF,0xD4,0x00,0x0A,
        0xFF,0xE7,0x00,0x05,0xFF,0xD1,0x00,0x3E,0xFF,0xD1,0xFF,0xC3,0x00,0x00,0xFF,0xF3,0xFF,0xD0,0xFF,0xCA,0xFF,0xD2,0x00,0x00,0x00,0x00,0xFF,0xD1,0x00,0x00,0xFF,0xC3,
        0xFF,0xFE,0xFF,0xFF,0x00,0x08,0x00,0x08,0x00,0x00,0x00,0x03,0x00,0x03,0xFF,0xFF,0x00,0x03,0xFF,0xFE,0xFF,0xEA,0x00,0x00,0x00,0x00,0xFF,0xF6,0x00,0x00,0x00,0x00,
        0x00,0x00,0x00,0x00,0xFF,0xB3,0x00,0x00,0x00,0x00,0xFF,0xFE,0x00,0x00,0xFF,0xFA,0x00,0x00,0xFF,0xF9,0xFF,0xFA,0xFF,0xFA,0x00,0x00,0x00,0x00,0x00,0x00,0x00,0x00,
        0x00,0x3E,0xFF,0xEF,0xFF,0xF0,0x00,0x00,0xFF,0xF6,0xFF,0xF6,0xFF,0xF5,0xFF,0xF6,0x00,0x00,0x00,0x00,0x00,0x00,0x00,0x00,0x00,0x00,0x00,0x00,0x00,0x00,0x00,0x00,
        0xFF,0xF9,0x00,0x00,0x00,0x00,0x00,0x00,0x00,0x00,0x00,0x00,0x00,0x00,0x00,0x00,0x00,0x00,0x00,0x00,0x00,0x0A,0x00,0x00,0x00,0x00,0x00,0x00,0x00,0x00,0x00,0x00,
        0x00,0x00,0x00,0x00,0x00,0x00,0x00,0x00,0x00,0x00,0x00,0x00,0x00,0x0A,0x00,0x08,0x00,0x08,0x00,0x00,0x00,0x00,0x00,0x00,0x00,0x00,0x00,0x1F,0x00,0x00,0x00,0x00,
        0x00,0x00,0x00,0x00,0x00,0x00,0x00,0x02,0x00,0x00,0x00,0x00,0x00,0x00,0xFF,0xFC,0xFF,0xEF,0xFF,0xFD,0x00,0x00,0x00,0x00,0x00,0x00,0x00,0x00,0x00,0x00,0x00,0x00,
        0x00,0x00,0xFF,0xFF,0x00,0x00,0x00,0x00,0x00,0x00,0x00,0x00,0x00,0x00,0x00,0x00,0x00,0x00,0x00,0x00,0x00,0x00,0x00,0x00,0xFF,0xFE,0x00,0x00,0x00,0x00,0x00,0x00,
        0x00,0x00,0x00,0x00,0x00,0x00,0x00,0x00,0x00,0x00,0x00,0x00,0x00,0x00,0x00,0x00,0x00,0x00,0xFF,0xF6,0x00,0x26,0x00,0x00,0x00,0x00,0x00,0x00,0x00,0x00,0x00,0x00,
        0x00,0x00,0x00,0x00,0x00,0x00,0x00,0x00,0xFF,0xDE,0xFF,0xC1,0xFF,0xC9,0xFF,0xFD,0xFF,0xFD,0x00,0x03,0x00,0x03,0x00,0x00,0x00,0x04,0x00,0x04,0x00,0x00,0x00,0x00,
        0xFF,0xFF,0xFF,0xEF,0xFF,0xF1,0xFF,0xF6,0xFF,0xFE,0xFF,0xEC,0xFF,0xFD,0x00,0x00,0x00,0x0A,0xFF,0xC7,0xFF,0xE9,0x00,0x00,0x00,0x08,0x00,0x0A,0xFF,0xF2,0x00,0x0A,
        0xFF,0xF9,0xFF,0xFC,0xFF,0xFE,0x00,0x00,0xFF,0xF6,0x00,0x00,0xFF,0xE5,0x00,0x3A,0xFF,0xFE,0xFF,0xFE,0x00,0x00,0xFF,0xF7,0xFF,0xFA,0xFF,0xF2,0xFF,0xF9,0xFF,0xFB,
        0x00,0x00,0xFF,0xEC,0xFF,0xD6,0xFF,0xE4,0xFF,0xFF,0xFF,0xFF,0x00,0x03,0x00,0x03,0x00,0x00,0x00,0x04,0x00,0x04,0x00,0x00,0x00,0x00,0x00,0x00,0xFF,0xFC,0xFF,0xFB,
        0x00,0x00,0x00,0x00,0xFF,0xFB,0x00,0x00,0x00,0x00,0x00,0x0A,0xFF,0xE5,0xFF,0xF8,0x00,0x00,0x00,0x08,0x00,0x0A,0xFF,0xFE,0x00,0x0A,0xFF,0xFE,0xFF,0xFF,0xFF,0xFE,
        0x00,0x00,0xFF,0xFB,0x00,0x00,0xFF,0xFE,0x00,0x33,0xFF,0xFE,0xFF,0xFF,0x00,0x00,0xFF,0xFE,0xFF,0xFF,0xFF,0xFF,0x00,0x00,0x00,0x00,0x00,0x00,0x00,0x01,0x00,0x00,
        0x00,0x00,0xFF,0xF2,0xFF,0xFA,0xFF,0xFF,0xFF,0xFF,0xFF,0xFF,0x00,0x00,0x00,0x00,0x00,0x00,0x00,0x00,0x00,0x00,0x00,0x01,0x00,0x05,0xFF,0xE2,0xFF,0xF4,0xFF,0xCE,
        0xFF,0xE7,0xFF,0xF6,0x00,0x05,0x00,0x05,0xFF,0xDD,0xFF,0xEC,0xFF,0xFE,0x00,0x00,0xFF,0xFD,0xFF,0xFB,0xFF,0xF6,0xFF,0xE7,0xFF,0xEC,0xFF,0xEC,0xFF,0xF8,0xFF,0xF6,
        0x00,0x0A,0x00,0x32,0x00,0x00,0x00,0x00,0x00,0x00,0x00,0x00,0x00,0x00,0xFF,0xFC,0xFF,0xFF,0xFF,0xFB,0x00,0x00,0xFF,0xCC,0xFF,0xAA,0xFF,0xBD,0xFF,0xEC,0xFF,0xF0,
        0x00,0x03,0x00,0x03,0x00,0x00,0x00,0x00,0x00,0x00,0x00,0x00,0x00,0x00,0x00,0x00,0xFF,0xC3,0xFF,0xDD,0xFF,0xE2,0xFF,0xEC,0xFF,0xCE,0xFF,0xE2,0xFF,0xFB,0x00,0x0A,
        0xFF,0xA5,0xFF,0xCE,0xFF,0xEC,0x00,0x08,0x00,0x0A,0xFF,0xCD,0x00,0x00,0xFF,0xEA,0xFF,0xDE,0xFF,0xE5,0xFF,0xF6,0xFF,0xD8,0xFF,0xF6,0xFF,0xC4,0x00,0x37,0xFF,0xE0,
        0xFF,0xDC,0x00,0x00,0xFF,0xE5,0xFF,0xDE,0xFF,0xCD,0xFF,0xDE,0xFF,0xEC,0x00,0x00,0x00,0x00,0x00,0x00,0x00,0x00,0x00,0x00,0x00,0x00,0x00,0x00,0x00,0x00,0x00,0x00,
        0x00,0x00,0x00,0x00,0x00,0x00,0x00,0x00,0x00,0x05,0x00,0x08,0x00,0x0A,0x00,0x00,0x00,0x00,0xFF,0xF6,0x00,0x00,0x00,0x00,0x00,0x00,0x00,0x0A,0xFF,0xF1,0x00,0x00,
        0x00,0x00,0x00,0x00,0x00,0x05,0x00,0x00,0x00,0x00,0xFF,0xFF,0xFF,0xFF,0x00,0x00,0x00,0x00,0x00,0x00,0x00,0x00,0x00,0x30,0x00,0x07,0x00,0x00,0x00,0x00,0x00,0x00,
        0x00,0x00,0x00,0x05,0x00,0x00,0x00,0x00,0x00,0x02,0x00,0x6E,0x00,0x26,0x00,0x26,0x00,0x01,0x00,0x27,0x00,0x27,0x00,0x02,0x00,0x28,0x00,0x28,0x00,0x0D,0x00,0x29,
        0x00,0x29,0x00,0x03,0x00,0x2A,0x00,0x2A,0x00,0x04,0x00,0x2B,0x00,0x2B,0x00,0x05,0x00,0x2C,0x00,0x2D,0x00,0x07,0x00,0x2E,0x00,0x2E,0x00,0x08,0x00,0x2F,0x00,0x2F,
        0x00,0x09,0x00,0x30,0x00,0x30,0x00,0x0A,0x00,0x31,0x00,0x32,0x00,0x07,0x00,0x33,0x00,0x33,0x00,0x0D,0x00,0x34,0x00,0x34,0x00,0x0E,0x00,0x35,0x00,0x35,0x00,0x0D,
        0x00,0x36,0x00,0x36,0x00,0x0F,0x00,0x37,0x00,0x37,0x00,0x10,0x00,0x38,0x00,0x38,0x00,0x11,0x00,0x39,0x00,0x39,0x00,0x14,0x00,0x3A,0x00,0x3A,0x00,0x15,0x00,0x3B,
        0x00,0x3B,0x00,0x16,0x00,0x3C,0x00,0x3C,0x00,0x17,0x00,0x3D,0x00,0x3D,0x00,0x18,0x00,0x3E,0x00,0x3E,0x00,0x19,0x00,0x89,0x00,0x89,0x00,0x03,0x00,0x8A,0x00,0x8A,
        0x00,0x02,0x00,0x8B,0x00,0x8E,0x00,0x03,0x00,0x8F,0x00,0x92,0x00,0x07,0x00,0x93,0x00,0x93,0x00,0x0D,0x00,0x94,0x00,0x94,0x00,0x07,0x00,0x95,0x00,0x99,0x00,0x0D,
        0x00,0x9B,0x00,0x9B,0x00,0x0D,0x00,0x9C,0x00,0x9F,0x00,0x14,0x00,0xA0,0x00,0xA0,0x00,0x18,0x00,0xA1,0x00,0xA1,0x00,0x13,0x00,0xC9,0x00,0xC9,0x00,0x02,0x00,0xCB,
        0x00,0xCB,0x00,0x02,0x00,0xCD,0x00,0xCD,0x00,0x02,0x00,0xCF,0x00,0xCF,0x00,0x02,0x00,0xD1,0x00,0xD1,0x00,0x0D,0x00,0xD3,0x00,0xD3,0x00,0x0D,0x00,0xD5,0x00,0xD5,
        0x00,0x03,0x00,0xD7,0x00,0xD7,0x00,0x03,0x00,0xD9,0x00,0xD9,0x00,0x03,0x00,0xDB,0x00,0xDB,0x00,0x03,0x00,0xDD,0x00,0xDD,0x00,0x03,0x00,0xDF,0x00,0xDF,0x00,0x05,
        0x00,0xE1,0x00,0xE1,0x00,0x05,0x00,0xE3,0x00,0xE3,0x00,0x05,0x00,0xE5,0x00,0xE5,0x00,0x05,0x00,0xE7,0x00,0xE7,0x00,0x07,0x00,0xE9,0x00,0xE9,0x00,0x07,0x00,0xEB,
        0x00,0xEB,0x00,0x07,0x00,0xED,0x00,0xED,0x00,0x07,0x00,0xEF,0x00,0xEF,0x00,0x07,0x00,0xF1,0x00,0xF1,0x00,0x07,0x00,0xF3,0x00,0xF3,0x00,0x07,0x00,0xF5,0x00,0xF5,
        0x00,0x08,0x00,0xF7,0x00,0xF7,0x00,0x08,0x00,0xF9,0x00,0xF9,0x00,0x09,0x00,0xFC,0x00,0xFC,0x00,0x0A,0x00,0xFE,0x00,0xFE,0x00,0x0A,0x01,0x00,0x01,0x00,0x00,0x0B,
        0x01,0x04,0x01,0x04,0x00,0x0C,0x01,0x06,0x01,0x06,0x00,0x07,0x01,0x08,0x01,0x08,0x00,0x07,0x01,0x0A,0x01,0x0A,0x00,0x07,0x01,0x0D,0x01,0x0D,0x00,0x07,0x01,0x0F,
        0x01,0x0F,0x00,0x0D,0x01,0x11,0x01,0x11,0x00,0x0D,0x01,0x13,0x01,0x13,0x00,0x0D,0x01,0x15,0x01,0x15,0x00,0x03,0x01,0x17,0x01,0x17,0x00,0x0F,0x01,0x19,0x01,0x19,
        0x00,0x0F,0x01,0x1B,0x01,0x1B,0x00,0x0F,0x01,0x1D,0x01,0x1D,0x00,0x10,0x01,0x1F,0x01,0x1F,0x00,0x10,0x01,0x21,0x01,0x21,0x00,0x10,0x01,0x23,0x01,0x23,0x00,0x10,
        0x01,0x25,0x01,0x25,0x00,0x11,0x01,0x27,0x01,0x27,0x00,0x11,0x01,0x29,0x01,0x29,0x00,0x12,0x01,0x2B,0x01,0x2B,0x00,0x14,0x01,0x2D,0x01,0x2D,0x00,0x14,0x01,0x2F,
        0x01,0x2F,0x00,0x14,0x01,0x31,0x01,0x31,0x00,0x14,0x01,0x33,0x01,0x33,0x00,0x14,0x01,0x35,0x01,0x35,0x00,0x14,0x01,0x37,0x01,0x37,0x00,0x16,0x01,0x39,0x01,0x39,
        0x00,0x18,0x01,0x3B,0x01,0x3B,0x00,0x18,0x01,0x3C,0x01,0x3C,0x00,0x19,0x01,0x3E,0x01,0x3E,0x00,0x19,0x01,0x40,0x01,0x40,0x00,0x19,0x01,0x43,0x01,0x43,0x00,0x03,
        0x01,0x45,0x01,0x45,0x00,0x0D,0x01,0x47,0x01,0x47,0x00,0x10,0x01,0x49,0x01,0x49,0x00,0x11,0x01,0xB7,0x01,0xB7,0x00,0x01,0x01,0xB9,0x01,0xB9,0x00,0x0D,0x01,0xBB,
        0x01,0xBB,0x00,0x04,0x01,0xBD,0x01,0xBD,0x00,0x07,0x01,0xBF,0x01,0xBF,0x00,0x0E,0x01,0xC1,0x01,0xC1,0x00,0x10,0x01,0xC3,0x01,0xC3,0x00,0x11,0x01,0xC5,0x01,0xC5,
        0x00,0x16,0x01,0xC7,0x01,0xC7,0x00,0x16,0x01,0xC9,0x01,0xC9,0x00,0x16,0x01,0xCB,0x01,0xCB,0x00,0x06,0x01,0xCC,0x01,0xCC,0x00,0x18,0x02,0x1D,0x02,0x1D,0x00,0x08,
        0x00,0x01,0x00,0x06,0x02,0x19,0x00,0x1A,0x00,0x00,0x00,0x00,0x00,0x00,0x00,0x2C,0x00,0x1A,0x00,0x00,0x00,0x15,0x00,0x20,0x00,0x00,0x00,0x16,0x00,0x17,0x00,0x16,
        0x00,0x23,0x00,0x00,0x00,0x00,0x00,0x00,0x00,0x00,0x00,0x00,0x00,0x00,0x00,0x00,0x00,0x00,0x00,0x00,0x00,0x00,0x00,0x0F,0x00,0x0F,0x00,0x00,0x00,0x00,0x00,0x00,
        0x00,0x22,0x00,0x21,0x00,0x01,0x00,0x00,0x00,0x04,0x00,0x00,0x00,0x00,0x00,0x00,0x00,0x04,0x00,0x00,0x00,0x00,0x00,0x03,0x00,0x00,0x00,0x00,0x00,0x00,0x00,0x00,
        0x00,0x04,0x00,0x00,0x00,0x04,0x00,0x00,0x00,0x05,0x00,0x06,0x00,0x08,0x00,0x09,0x00,0x0A,0x00,0x0B,0x00,0x0C,0x00,0x0D,0x00,0x00,0x00,0x00,0x00,0x15,0x00,0x00,
        0x00,0x00,0x00,0x00,0x00,0x0E,0x00,0x27,0x00,0x2A,0x00,0x2A,0x00,0x2A,0x00,0x11,0x00,0x2A,0x00,0x27,0x00,0x27,0x00,0x27,0x00,0x27,0x00,0x27,0x00,0x29,0x00,0x29,
        0x00,0x2A,0x00,0x29,0x00,0x2A,0x00,0x29,0x00,0x1B,0x00,0x1D,0x00,0x2B,0x00,0x1E,0x00,0x1F,0x00,0x26,0x00,0x1E,0x00,0x25,0x00,0x00,0x00,0x00,0x00,0x15,0x00,0x00,
        0x00,0x00,0x00,0x00,0x00,0x00,0x00,0x00,0x00,0x00,0x00,0x00,0x00,0x00,0x00,0x00,0x00,0x00,0x00,0x10,0x00,0x14,0x00,0x12,0x00,0x00,0x00,0x17,0x00,0x10,0x00,0x00,
        0x00,0x00,0x00,0x00,0x00,0x00,0x00,0x00,0x00,0x00,0x00,0x00,0x00,0x00,0x00,0x17,0x00,0x00,0x00,0x00,0x00,0x14,0x00,0x13,0x00,0x00,0x00,0x00,0x00,0x00,0x00,0x00,
        0x00,0x01,0x00,0x01,0x00,0x01,0x00,0x01,0x00,0x01,0x00,0x01,0x00,0x02,0x00,0x04,0x00,0x00,0x00,0x00,0x00,0x00,0x00,0x00,0x00,0x00,0x00,0x00,0x00,0x00,0x00,0x00,
        0x00,0x00,0x00,0x00,0x00,0x04,0x00,0x04,0x00,0x04,0x00,0x04,0x00,0x04,0x00,0x00,0x00,0x04,0x00,0x08,0x00,0x08,0x00,0x08,0x00,0x08,0x00,0x0C,0x00,0x00,0x00,0x28,
        0x00,0x0E,0x00,0x0E,0x00,0x0E,0x00,0x0E,0x00,0x0E,0x00,0x0E,0x00,0x0E,0x00,0x2A,0x00,0x2A,0x00,0x2A,0x00,0x2A,0x00,0x2A,0x00,0x27,0x00,0x27,0x00,0x27,0x00,0x27,
        0x00,0x2A,0x00,0x29,0x00,0x2A,0x00,0x2A,0x00,0x2A,0x00,0x2A,0x00,0x2A,0x00,0x00,0x00,0x2A,0x00,0x2B,0x00,0x2B,0x00,0x2B,0x00,0x2B,0x00,0x1E,0x00,0x27,0x00,0x1E,
        0x00,0x01,0x00,0x0E,0x00,0x01,0x00,0x0E,0x00,0x01,0x00,0x0E,0x00,0x04,0x00,0x2A,0x00,0x04,0x00,0x2A,0x00,0x04,0x00,0x2A,0x00,0x04,0x00,0x2A,0x00,0x00,0x00,0x2A,
        0x00,0x00,0x00,0x2A,0x00,0x00,0x00,0x2A,0x00,0x00,0x00,0x2A,0x00,0x00,0x00,0x2A,0x00,0x00,0x00,0x2A,0x00,0x00,0x00,0x2A,0x00,0x04,0x00,0x2A,0x00,0x04,0x00,0x2A,
        0x00,0x04,0x00,0x2A,0x00,0x04,0x00,0x2A,0x00,0x00,0x00,0x27,0x00,0x00,0x00,0x27,0x00,0x00,0x00,0x27,0x00,0x00,0x00,0x27,0x00,0x00,0x00,0x27,0x00,0x00,0x00,0x27,
        0x00,0x00,0x00,0x27,0x00,0x00,0x00,0x27,0x00,0x03,0x00,0x27,0x00,0x00,0x00,0x27,0x00,0x29,0x00,0x00,0x00,0x27,0x00,0x00,0x00,0x27,0x00,0x00,0x00,0x27,0x00,0x00,
        0x00,0x27,0x00,0x00,0x00,0x00,0x00,0x00,0x00,0x29,0x00,0x00,0x00,0x29,0x00,0x00,0x00,0x29,0x00,0x24,0x00,0x00,0x00,0x29,0x00,0x04,0x00,0x2A,0x00,0x04,0x00,0x2A,
        0x00,0x04,0x00,0x2A,0x00,0x04,0x00,0x2A,0x00,0x00,0x00,0x29,0x00,0x00,0x00,0x29,0x00,0x00,0x00,0x29,0x00,0x05,0x00,0x1B,0x00,0x05,0x00,0x1B,0x00,0x05,0x00,0x1B,
        0x00,0x05,0x00,0x1B,0x00,0x06,0x00,0x1D,0x00,0x06,0x00,0x1D,0x00,0x07,0x00,0x1D,0x00,0x08,0x00,0x2B,0x00,0x08,0x00,0x2B,0x00,0x08,0x00,0x2B,0x00,0x08,0x00,0x2B,
        0x00,0x08,0x00,0x2B,0x00,0x08,0x00,0x2B,0x00,0x0A,0x00,0x1F,0x00,0x0C,0x00,0x1E,0x00,0x0C,0x00,0x0D,0x00,0x25,0x00,0x0D,0x00,0x25,0x00,0x0D,0x00,0x25,0x00,0x00,
        0x00,0x02,0x00,0x0E,0x00,0x04,0x00,0x2A,0x00,0x05,0x00,0x1B,0x00,0x06,0x00,0x1D,0x00,0x27,0x00,0x00,0x00,0x00,0x00,0x00,0x00,0x00,0x00,0x00,0x00,0x00,0x00,0x00,
        0x00,0x00,0x00,0x00,0x00,0x00,0x00,0x00,0x00,0x00,0x00,0x00,0x00,0x00,0x00,0x00,0x00,0x00,0x00,0x00,0x00,0x00,0x00,0x00,0x00,0x00,0x00,0x00,0x00,0x00,0x00,0x00,
        0x00,0x00,0x00,0x00,0x00,0x00,0x00,0x00,0x00,0x00,0x00,0x00,0x00,0x00,0x00,0x00,0x00,0x00,0x00,0x00,0x00,0x00,0x00,0x00,0x00,0x00,0x00,0x00,0x00,0x00,0x00,0x00,
        0x00,0x00,0x00,0x00,0x00,0x00,0x00,0x00,0x00,0x00,0x00,0x00,0x00,0x00,0x00,0x00,0x00,0x00,0x00,0x00,0x00,0x00,0x00,0x00,0x00,0x00,0x00,0x00,0x00,0x00,0x00,0x00,
        0x00,0x00,0x00,0x00,0x00,0x00,0x00,0x00,0x00,0x00,0x00,0x00,0x00,0x00,0x00,0x00,0x00,0x00,0x00,0x00,0x00,0x00,0x00,0x00,0x00,0x00,0x00,0x00,0x00,0x00,0x00,0x00,
        0x00,0x00,0x00,0x00,0x00,0x00,0x00,0x00,0x00,0x00,0x00,0x00,0x00,0x00,0x00,0x00,0x00,0x00,0x00,0x00,0x00,0x00,0x00,0x00,0x00,0x00,0x00,0x00,0x00,0x00,0x00,0x00,
        0x00,0x00,0x00,0x00,0x00,0x00,0x00,0x00,0x00,0x00,0x00,0x00,0x00,0x00,0x00,0x00,0x00,0x00,0x00,0x00,0x00,0x00,0x00,0x00,0x00,0x00,0x00,0x00,0x00,0x00,0x00,0x00,
        0x00,0x00,0x00,0x00,0x00,0x00,0x00,0x00,0x00,0x00,0x00,0x27,0x00,0x00,0x00,0x2A,0x00,0x00,0x00,0x11,0x00,0x00,0x00,0x29,0x00,0x00,0x00,0x29,0x00,0x05,0x00,0x1B,
        0x00,0x06,0x00,0x1D,0x00,0x0A,0x00,0x1F,0x00,0x0A,0x00,0x1F,0x00,0x0A,0x00,0x1F,0x00,0x00,0x00,0x0C,0x00,0x1E,0x00,0x00,0x00,0x00,0x00,0x00,0x00,0x00,0x00,0x00,
        0x00,0x00,0x00,0x17,0x00,0x17,0x00,0x18,0x00,0x19,0x00,0x16,0x00,0x18,0x00,0x19,0x00,0x16,0x00,0x00,0x00,0x00,0x00,0x00,0x00,0x16,0x00,0x00,0x00,0x12,0x00,0x13,
        0x00,0x00,0x00,0x00,0x00,0x00,0x00,0x00,0x00,0x00,0x00,0x00,0x00,0x00,0x00,0x00,0x00,0x00,0x00,0x00,0x00,0x00,0x00,0x00,0x00,0x00,0x00,0x00,0x00,0x00,0x00,0x00,
        0x00,0x00,0x00,0x00,0x00,0x00,0x00,0x00,0x00,0x00,0x00,0x00,0x00,0x00,0x00,0x00,0x00,0x00,0x00,0x10,0x00,0x1C,0x00,0x1C,0x00,0x00,0x00,0x00,0x00,0x00,0x00,0x00,
        0x00,0x00,0x00,0x00,0x00,0x00,0x00,0x00,0x00,0x00,0x00,0x00,0x00,0x00,0x00,0x00,0x00,0x00,0x00,0x00,0x00,0x00,0x00,0x00,0x00,0x00,0x00,0x00,0x00,0x00,0x00,0x00,
        0x00,0x00,0x00,0x00,0x00,0x00,0x00,0x00,0x00,0x00,0x00,0x00,0x00,0x00,0x00,0x00,0x00,0x11,0x00,0x11,0x00,0x03,0x00,0x27,0x00,0x01,0x00,0x87,0x00,0x25,0x00,0x26,
        0x00,0x27,0x00,0x28,0x00,0x29,0x00,0x2A,0x00,0x2B,0x00,0x2C,0x00,0x2D,0x00,0x2E,0x00,0x2F,0x00,0x30,0x00,0x31,0x00,0x32,0x00,0x33,0x00,0x34,0x00,0x35,0x00,0x36,
        0x00,0x37,0x00,0x38,0x00,0x39,0x00,0x3A,0x00,0x3B,0x00,0x3C,0x00,0x3D,0x00,0x3E,0x00,0x83,0x00,0x84,0x00,0x85,0x00,0x86,0x00,0x87,0x00,0x88,0x00,0x89,0x00,0x8A,
        0x00,0x8B,0x00,0x8C,0x00,0x8D,0x00,0x8E,0x00,0x8F,0x00,0x90,0x00,0x91,0x00,0x92,0x00,0x93,0x00,0x94,0x00,0x95,0x00,0x96,0x00,0x97,0x00,0x98,0x00,0x99,0x00,0x9B,
        0x00,0x9C,0x00,0x9D,0x00,0x9E,0x00,0x9F,0x00,0xA0,0x00,0xA1,0x00,0xC3,0x00,0xC5,0x00,0xC7,0x00,0xC9,0x00,0xCB,0x00,0xCD,0x00,0xCF,0x00,0xD1,0x00,0xD3,0x00,0xD5,
        0x00,0xD7,0x00,0xD9,0x00,0xDB,0x00,0xDD,0x00,0xDF,0x00,0xE1,0x00,0xE3,0x00,0xE5,0x00,0xE7,0x00,0xE9,0x00,0xEB,0x00,0xED,0x00,0xEF,0x00,0xF1,0x00,0xF3,0x00,0xF5,
        0x00,0xF7,0x00,0xF9,0x00,0xFC,0x00,0xFE,0x01,0x00,0x01,0x04,0x01,0x06,0x01,0x08,0x01,0x0A,0x01,0x0D,0x01,0x0F,0x01,0x11,0x01,0x13,0x01,0x15,0x01,0x17,0x01,0x19,
        0x01,0x1B,0x01,0x1D,0x01,0x1F,0x01,0x21,0x01,0x23,0x01,0x25,0x01,0x27,0x01,0x29,0x01,0x2B,0x01,0x2D,0x01,0x2F,0x01,0x31,0x01,0x33,0x01,0x35,0x01,0x37,0x01,0x39,
        0x01,0x3B,0x01,0x3C,0x01,0x3E,0x01,0x40,0x01,0x43,0x01,0x45,0x01,0x47,0x01,0x49,0x01,0xB7,0x01,0xB9,0x01,0xBB,0x01,0xBD,0x01,0xBF,0x01,0xC1,0x01,0xC3,0x01,0xC5,
        0x01,0xC7,0x01,0xC9,0x01,0xCB,0x01,0xCC,0x02,0x1D,0x00,0x02,0x09,0xCC,0x00,0x04,0x00,0x00,0x04,0x48,0x06,0xE0,0x00,0x12,0x00,0x1E,0x00,0x00,0xFF,0xF6,0xFF,0xF6,
        0xFF,0xFC,0xFF,0xFE,0xFF,0xFF,0x00,0x00,0x00,0x00,0x00,0x00,0x00,0x00,0x00,0x00,0x00,0x00,0x00,0x00,0x00,0x00,0x00,0x00,0x00,0x00,0x00,0x00,0x00,0x00,0x00,0x00,
        0x00,0x00,0x00,0x00,0x00,0x00,0x00,0x00,0x00,0x00,0x00,0x00,0x00,0x00,0x00,0x00,0x00,0x00,0x00,0x00,0x00,0x00,0x00,0x00,0x00,0x00,0xFF,0xF1,0x00,0x00,0x00,0x00,
        0x00,0x00,0x00,0x02,0xFF,0xF6,0xFF,0xF7,0xFF,0xF8,0x00,0x00,0x00,0x00,0x00,0x00,0x00,0x00,0x00,0x00,0x00,0x00,0x00,0x00,0x00,0x00,0x00,0x00,0x00,0x00,0x00,0x00,
        0x00,0x00,0x00,0x00,0x00,0x00,0x00,0x00,0x00,0x00,0x00,0x00,0x00,0x00,0x00,0x00,0x00,0x00,0x00,0x00,0x00,0x00,0xFF,0xF1,0x00,0x00,0xFF,0xFF,0x00,0x00,0x00,0x02,
        0xFF,0xF6,0xFF,0xF6,0xFF,0xF8,0xFF,0xFE,0x00,0x00,0x00,0x00,0x00,0x00,0x00,0x00,0x00,0x00,0x00,0x00,0x00,0x00,0x00,0x00,0x00,0x00,0x00,0x00,0x00,0x00,0x00,0x00,
        0x00,0x00,0x00,0x00,0x00,0x00,0x00,0x00,0x00,0x00,0x00,0x00,0x00,0x00,0x00,0x00,0x00,0x0A,0x00,0x0A,0x00,0x00,0x00,0x00,0x00,0x00,0xFF,0xFB,0x00,0x00,0x00,0x00,
        0x00,0x0A,0xFF,0xCA,0xFF,0xF9,0xFF,0xFD,0xFF,0xF7,0xFF,0xFD,0x00,0x3A,0x00,0x0A,0x00,0x0A,0xFF,0xEE,0xFF,0xFF,0x00,0x14,0xFF,0xF8,0x00,0x0A,0xFF,0xEC,0x00,0x00,
        0x00,0x00,0x00,0x00,0x00,0x00,0x00,0x00,0x00,0x00,0x00,0x00,0xFF,0xEC,0xFF,0xEB,0xFF,0xF0,0xFF,0xF6,0xFF,0xF8,0x00,0x00,0xFF,0xEC,0xFF,0xF5,0xFF,0xF3,0x00,0x00,
        0x00,0x02,0xFF,0xF0,0x00,0x00,0x00,0x00,0x00,0x0F,0xFF,0xF3,0x00,0x00,0x00,0x00,0x00,0x00,0xFF,0xF3,0x00,0x00,0xFF,0xEC,0x00,0x00,0x00,0x00,0x00,0x00,0x00,0x00,
        0x00,0x00,0x00,0x00,0x00,0x00,0x00,0x00,0xFF,0xF6,0xFF,0xF1,0xFF,0xFF,0xFF,0xFD,0xFF,0xFF,0xFF,0xF5,0xFF,0xF6,0x00,0x00,0x00,0x00,0x00,0x00,0xFF,0xFF,0x00,0x00,
        0xFF,0xEC,0xFF,0xF6,0x00,0x17,0x00,0x00,0x00,0x00,0xFF,0xF1,0xFF,0xF9,0xFF,0xF6,0x00,0x00,0x00,0x00,0x00,0x00,0xFF,0xFF,0x00,0x00,0x00,0x00,0x00,0x00,0x00,0x00,
        0x00,0x00,0x00,0x00,0x00,0x00,0x00,0x00,0x00,0x00,0x00,0x00,0x00,0x00,0x00,0x00,0x00,0x00,0x00,0x00,0x00,0x00,0x00,0x00,0x00,0x00,0x00,0x00,0x00,0x00,0x00,0x00,
        0x00,0x1E,0x00,0x00,0x00,0x00,0x00,0x00,0x00,0x00,0x00,0x00,0x00,0x00,0x00,0x00,0x00,0x00,0x00,0x00,0x00,0x00,0x00,0x00,0x00,0x00,0x00,0x00,0x00,0x00,0x00,0x00,
        0x00,0x05,0x00,0x0A,0xFF,0xF7,0xFF,0xFB,0xFF,0xFB,0xFF,0xD4,0xFF,0xF6,0xFF,0xF0,0x00,0x0A,0xFF,0xC9,0xFF,0xD5,0xFF,0xFE,0xFF,0xCE,0x00,0x00,0x00,0x48,0x00,0x0A,
        0x00,0x14,0xFF,0xD5,0xFF,0xD8,0x00,0x14,0xFF,0xF0,0x00,0x14,0xFF,0xD5,0xFF,0xE9,0xFF,0xF7,0xFF,0xF0,0xFF,0xE9,0xFF,0xE2,0x00,0x00,0x00,0x00,0x00,0x00,0xFF,0xFB,
        0x00,0x00,0xFF,0xFF,0x00,0x00,0x00,0x00,0xFF,0xF6,0x00,0x00,0x00,0x00,0x00,0x00,0x00,0x00,0x00,0x00,0x00,0x00,0x00,0x00,0x00,0x00,0x00,0x00,0x00,0x00,0x00,0x00,
        0x00,0x00,0x00,0x00,0x00,0x00,0x00,0x00,0x00,0x00,0x00,0x00,0x00,0x00,0x00,0x00,0x00,0x00,0x00,0x00,0x00,0x00,0x00,0x00,0x00,0x00,0xFF,0xEC,0x00,0x00,0xFF,0xFC,
        0x00,0x00,0x00,0x00,0xFF,0xF6,0xFF,0xF5,0xFF,0xF6,0xFF,0xFB,0x00,0x00,0x00,0x00,0x00,0x00,0x00,0x00,0x00,0x00,0x00,0x00,0x00,0x00,0x00,0x00,0x00,0x00,0x00,0x00,
        0x00,0x00,0x00,0x00,0x00,0x00,0x00,0x00,0x00,0x00,0x00,0x00,0x00,0x00,0x00,0x00,0x00,0x00,0x00,0x00,0x00,0x05,0x00,0x0A,0x00,0x06,0x00,0x06,0x00,0x06,0xFF,0xFB,
        0x00,0x00,0xFF,0xFD,0x00,0x0A,0xFF,0xB2,0xFF,0xF9,0x00,0x08,0xFF,0xF7,0xFF,0xFD,0x00,0x28,0x00,0x0A,0xFF,0xF6,0xFF,0xF8,0xFF,0xFD,0x00,0x0A,0xFF,0xFD,0x00,0x14,
        0xFF,0xE2,0x00,0x00,0x00,0x0A,0x00,0x00,0x00,0x00,0x00,0x00,0x00,0x05,0x00,0x00,0xFF,0xF6,0xFF,0xEC,0xFF,0xFB,0xFF,0xFC,0xFF,0xFD,0x00,0x00,0xFF,0xF6,0xFF,0xF8,
        0xFF,0xEC,0x00,0x00,0x00,0x00,0xFF,0xFA,0x00,0x00,0x00,0x00,0x00,0x00,0x00,0x00,0x00,0x00,0x00,0x00,0x00,0x00,0x00,0x00,0x00,0x00,0x00,0x00,0x00,0x00,0x00,0x00,
        0x00,0x00,0x00,0x00,0x00,0x00,0x00,0x00,0x00,0x00,0x00,0x00,0x00,0x00,0x00,0x00,0xFF,0xFD,0x00,0x00,0x00,0x00,0xFF,0xFF,0x00,0x00,0x00,0x03,0x00,0x00,0x00,0x00,
        0x00,0x00,0xFF,0xFA,0xFF,0xFD,0x00,0x00,0x00,0x22,0x00,0x00,0x00,0x00,0xFF,0xFD,0x00,0x00,0x00,0x00,0x00,0x00,0x00,0x00,0x00,0x0A,0x00,0x00,0x00,0x00,0x00,0x00,
        0x00,0x00,0x00,0x00,0x00,0x00,0x00,0x00,0x00,0x00,0x00,0x00,0x00,0x00,0x00,0x00,0x00,0x00,0x00,0x00,0x00,0x00,0x00,0x00,0x00,0x00,0x00,0x00,0x00,0x00,0x00,0x00,
        0x00,0x00,0x00,0x00,0x00,0x15,0x00,0x00,0x00,0x00,0x00,0x00,0x00,0x00,0x00,0x00,0x00,0x00,0x00,0x00,0x00,0x00,0x00,0x00,0x00,0x00,0x00,0x00,0x00,0x00,0x00,0x00,
        0x00,0x00,0x00,0x00,0x00,0x05,0x00,0x0A,0x00,0x00,0x00,0x00,0x00,0x00,0xFF,0xFC,0x00,0x07,0xFF,0xFF,0x00,0x00,0xFF,0xCA,0xFF,0xF4,0x00,0x00,0x00,0x00,0x00,0x00,
        0x00,0x23,0x00,0x0A,0x00,0x00,0x00,0x00,0xFF,0xFA,0x00,0x0A,0x00,0x00,0x00,0x0A,0xFF,0xE7,0x00,0x00,0x00,0x00,0x00,0x00,0x00,0x00,0x00,0x00,0x00,0x00,0x00,0x00,
        0x00,0x05,0x00,0x0A,0x00,0x00,0x00,0x00,0x00,0x00,0x00,0x00,0x00,0x07,0x00,0x00,0x00,0x00,0xFF,0xDE,0xFF,0xF5,0x00,0x00,0x00,0x00,0x00,0x00,0x00,0x23,0x00,0x0A,
        0x00,0x00,0x00,0x00,0xFF,0xFC,0x00,0x0A,0x00,0x00,0x00,0x0A,0xFF,0xEC,0x00,0x00,0x00,0x00,0x00,0x00,0x00,0x00,0x00,0x00,0x00,0x00,0x00,0x00,0x00,0x00,0x00,0x00,
        0xFF,0xFF,0xFF,0xFD,0xFF,0xFF,0xFF,0xF5,0xFF,0xF3,0x00,0x00,0x00,0x00,0x00,0x00,0xFF,0xFE,0x00,0x00,0xFF,0xEC,0xFF,0xF6,0x00,0x22,0x00,0x00,0x00,0x00,0xFF,0xF1,
        0xFF,0xF8,0xFF,0xF6,0x00,0x00,0x00,0x00,0x00,0x00,0xFF,0xFF,0x00,0x00,0x00,0x00,0x00,0x00,0x00,0x00,0x00,0x00,0x00,0x00,0x00,0x00,0x00,0x00,0x00,0x00,0x00,0x00,
        0x00,0x00,0x00,0x00,0x00,0x00,0x00,0x00,0x00,0x00,0x00,0x00,0x00,0x01,0x00,0x00,0x00,0x00,0x00,0x00,0x00,0x22,0x00,0x00,0x00,0x00,0xFF,0xFC,0x00,0x00,0x00,0x00,
        0x00,0x00,0x00,0x00,0x00,0x00,0x00,0x00,0x00,0x00,0x00,0x00,0x00,0x00,0x00,0x00,0x00,0x00,0x00,0x02,0x00,0x6E,0x00,0x46,0x00,0x46,0x00,0x09,0x00,0x47,0x00,0x47,
        0x00,0x01,0x00,0x48,0x00,0x48,0x00,0x06,0x00,0x49,0x00,0x49,0x00,0x02,0x00,0x4A,0x00,0x4A,0x00,0x03,0x00,0x4B,0x00,0x4B,0x00,0x0D,0x00,0x4C,0x00,0x4C,0x00,0x08,
        0x00,0x4D,0x00,0x4E,0x00,0x06,0x00,0x4F,0x00,0x4F,0x00,0x05,0x00,0x50,0x00,0x50,0x00,0x06,0x00,0x51,0x00,0x52,0x00,0x08,0x00,0x53,0x00,0x54,0x00,0x09,0x00,0x55,
        0x00,0x55,0x00,0x0D,0x00,0x56,0x00,0x56,0x00,0x0A,0x00,0x57,0x00,0x57,0x00,0x0B,0x00,0x58,0x00,0x58,0x00,0x0C,0x00,0x59,0x00,0x59,0x00,0x0D,0x00,0x5A,0x00,0x5A,
        0x00,0x0E,0x00,0x5B,0x00,0x5B,0x00,0x0F,0x00,0x5C,0x00,0x5C,0x00,0x10,0x00,0x5D,0x00,0x5D,0x00,0x0E,0x00,0x5E,0x00,0x5E,0x00,0x11,0x00,0xA2,0x00,0xA2,0x00,0x04,
        0x00,0xA9,0x00,0xA9,0x00,0x02,0x00,0xAA,0x00,0xAA,0x00,0x01,0x00,0xAB,0x00,0xAE,0x00,0x02,0x00,0xAF,0x00,0xB2,0x00,0x06,0x00,0xB3,0x00,0xB3,0x00,0x09,0x00,0xB4,
        0x00,0xB4,0x00,0x08,0x00,0xB5,0x00,0xB9,0x00,0x09,0x00,0xBB,0x00,0xBB,0x00,0x09,0x00,0xBC,0x00,0xBF,0x00,0x0D,0x00,0xC0,0x00,0xC0,0x00,0x0E,0x00,0xC1,0x00,0xC1,
        0x00,0x09,0x00,0xC2,0x00,0xC2,0x00,0x0E,0x00,0xCA,0x00,0xCA,0x00,0x01,0x00,0xCC,0x00,0xCC,0x00,0x01,0x00,0xCE,0x00,0xCE,0x00,0x01,0x00,0xD0,0x00,0xD0,0x00,0x01,
        0x00,0xD2,0x00,0xD2,0x00,0x07,0x00,0xD4,0x00,0xD4,0x00,0x06,0x00,0xD6,0x00,0xD6,0x00,0x02,0x00,0xD8,0x00,0xD8,0x00,0x02,0x00,0xDA,0x00,0xDA,0x00,0x02,0x00,0xDC,
        0x00,0xDC,0x00,0x02,0x00,0xDE,0x00,0xDE,0x00,0x02,0x00,0xE0,0x00,0xE0,0x00,0x0D,0x00,0xE2,0x00,0xE2,0x00,0x0D,0x00,0xE4,0x00,0xE4,0x00,0x0D,0x00,0xE6,0x00,0xE6,
        0x00,0x0D,0x00,0xE8,0x00,0xE8,0x00,0x08,0x00,0xEA,0x00,0xEA,0x00,0x08,0x00,0xEC,0x00,0xEC,0x00,0x06,0x00,0xEE,0x00,0xEE,0x00,0x06,0x00,0xF0,0x00,0xF0,0x00,0x06,
        0x00,0xF2,0x00,0xF2,0x00,0x06,0x00,0xF4,0x00,0xF4,0x00,0x06,0x00,0xF6,0x00,0xF6,0x00,0x06,0x00,0xF8,0x00,0xF8,0x00,0x06,0x00,0xFA,0x00,0xFB,0x00,0x05,0x00,0xFD,
        0x00,0xFD,0x00,0x06,0x00,0xFF,0x00,0xFF,0x00,0x06,0x01,0x01,0x01,0x01,0x00,0x07,0x01,0x07,0x01,0x07,0x00,0x08,0x01,0x09,0x01,0x09,0x00,0x08,0x01,0x0B,0x01,0x0C,
        0x00,0x08,0x01,0x0E,0x01,0x0E,0x00,0x08,0x01,0x10,0x01,0x10,0x00,0x09,0x01,0x12,0x01,0x12,0x00,0x09,0x01,0x14,0x01,0x14,0x00,0x09,0x01,0x16,0x01,0x16,0x00,0x02,
        0x01,0x18,0x01,0x18,0x00,0x0A,0x01,0x1A,0x01,0x1A,0x00,0x0A,0x01,0x1C,0x01,0x1C,0x00,0x0A,0x01,0x1E,0x01,0x1E,0x00,0x0B,0x01,0x20,0x01,0x20,0x00,0x0B,0x01,0x22,
        0x01,0x22,0x00,0x0B,0x01,0x24,0x01,0x24,0x00,0x0B,0x01,0x26,0x01,0x26,0x00,0x0C,0x01,0x28,0x01,0x28,0x00,0x0C,0x01,0x2A,0x01,0x2A,0x00,0x0C,0x01,0x2C,0x01,0x2C,
        0x00,0x0D,0x01,0x2E,0x01,0x2E,0x00,0x0D,0x01,0x30,0x01,0x30,0x00,0x0D,0x01,0x32,0x01,0x32,0x00,0x0D,0x01,0x34,0x01,0x34,0x00,0x0D,0x01,0x36,0x01,0x36,0x00,0x0D,
        0x01,0x38,0x01,0x38,0x00,0x0F,0x01,0x3A,0x01,0x3A,0x00,0x0E,0x01,0x3D,0x01,0x3D,0x00,0x11,0x01,0x3F,0x01,0x3F,0x00,0x11,0x01,0x41,0x01,0x41,0x00,0x11,0x01,0x44,
        0x01,0x44,0x00,0x02,0x01,0x46,0x01,0x46,0x00,0x09,0x01,0x48,0x01,0x48,0x00,0x0B,0x01,0x4A,0x01,0x4A,0x00,0x0C,0x01,0x4B,0x01,0x4B,0x00,0x06,0x01,0xB8,0x01,0xB8,
        0x00,0x09,0x01,0xBA,0x01,0xBA,0x00,0x06,0x01,0xBC,0x01,0xBC,0x00,0x03,0x01,0xBE,0x01,0xBE,0x00,0x08,0x01,0xC0,0x01,0xC0,0x00,0x09,0x01,0xC2,0x01,0xC2,0x00,0x0B,
        0x01,0xC4,0x01,0xC4,0x00,0x0C,0x01,0xC6,0x01,0xC6,0x00,0x0F,0x01,0xC8,0x01,0xC8,0x00,0x0F,0x01,0xCA,0x01,0xCA,0x00,0x0F,0x01,0xCD,0x01,0xCD,0x00,0x0E,0x02,0x1B,
        0x02,0x1C,0x00,0x06,0x02,0x1E,0x02,0x1E,0x00,0x06,0x00,0x02,0x00,0x7C,0x00,0x06,0x00,0x06,0x00,0x02,0x00,0x0A,0x00,0x0A,0x00,0x1D,0x00,0x0B,0x00,0x0B,0x00,0x02,
        0x00,0x0D,0x00,0x0D,0x00,0x11,0x00,0x0E,0x00,0x0E,0x00,0x09,0x00,0x10,0x00,0x10,0x00,0x0A,0x00,0x11,0x00,0x11,0x00,0x12,0x00,0x12,0x00,0x12,0x00,0x0A,0x00,0x13,
        0x00,0x13,0x00,0x17,0x00,0x1E,0x00,0x1F,0x00,0x19,0x00,0x23,0x00,0x23,0x00,0x16,0x00,0x24,0x00,0x24,0x00,0x1C,0x00,0x41,0x00,0x41,0x00,0x11,0x00,0x45,0x00,0x45,
        0x00,0x0B,0x00,0x47,0x00,0x49,0x00,0x06,0x00,0x4A,0x00,0x4A,0x00,0x0C,0x00,0x4B,0x00,0x4B,0x00,0x06,0x00,0x51,0x00,0x52,0x00,0x1B,0x00,0x53,0x00,0x53,0x00,0x06,
        0x00,0x54,0x00,0x54,0x00,0x1B,0x00,0x55,0x00,0x55,0x00,0x06,0x00,0x56,0x00,0x56,0x00,0x1B,0x00,0x57,0x00,0x57,0x00,0x13,0x00,0x58,0x00,0x58,0x00,0x03,0x00,0x59,
        0x00,0x59,0x00,0x18,0x00,0x5A,0x00,0x5A,0x00,0x04,0x00,0x5B,0x00,0x5B,0x00,0x05,0x00,0x5C,0x00,0x5C,0x00,0x08,0x00,0x5D,0x00,0x5D,0x00,0x04,0x00,0x5E,0x00,0x5E,
        0x00,0x15,0x00,0x61,0x00,0x61,0x00,0x11,0x00,0x6C,0x00,0x6C,0x00,0x1A,0x00,0x6D,0x00,0x6D,0x00,0x10,0x00,0x6E,0x00,0x6E,0x00,0x0D,0x00,0x70,0x00,0x70,0x00,0x12,
        0x00,0x71,0x00,0x71,0x00,0x1A,0x00,0x7A,0x00,0x7A,0x00,0x12,0x00,0x7D,0x00,0x7D,0x00,0x10,0x00,0x7E,0x00,0x7E,0x00,0x0E,0x00,0xA3,0x00,0xA9,0x00,0x0B,0x00,0xAA,
        0x00,0xAE,0x00,0x06,0x00,0xB3,0x00,0xB3,0x00,0x06,0x00,0xB4,0x00,0xB4,0x00,0x1B,0x00,0xB5,0x00,0xB9,0x00,0x06,0x00,0xBB,0x00,0xBB,0x00,0x06,0x00,0xBC,0x00,0xBF,
        0x00,0x18,0x00,0xC0,0x00,0xC0,0x00,0x04,0x00,0xC2,0x00,0xC2,0x00,0x04,0x00,0xC4,0x00,0xC4,0x00,0x0B,0x00,0xC6,0x00,0xC6,0x00,0x0B,0x00,0xC8,0x00,0xC8,0x00,0x0B,
        0x00,0xCA,0x00,0xCA,0x00,0x06,0x00,0xCC,0x00,0xCC,0x00,0x06,0x00,0xCE,0x00,0xCE,0x00,0x06,0x00,0xD0,0x00,0xD0,0x00,0x06,0x00,0xD2,0x00,0xD2,0x00,0x06,0x00,0xD4,
        0x00,0xD4,0x00,0x06,0x00,0xD6,0x00,0xD6,0x00,0x06,0x00,0xD8,0x00,0xD8,0x00,0x06,0x00,0xDA,0x00,0xDA,0x00,0x06,0x00,0xDC,0x00,0xDC,0x00,0x06,0x00,0xDE,0x00,0xDE,
        0x00,0x06,0x00,0xE0,0x00,0xE0,0x00,0x06,0x00,0xE2,0x00,0xE2,0x00,0x06,0x00,0xE4,0x00,0xE4,0x00,0x06,0x00,0xE6,0x00,0xE6,0x00,0x06,0x00,0xFB,0x00,0xFB,0x00,0x1B,
        0x01,0x07,0x01,0x07,0x00,0x1B,0x01,0x09,0x01,0x09,0x00,0x1B,0x01,0x0B,0x01,0x0B,0x00,0x1B,0x01,0x0C,0x01,0x0C,0x00,0x0F,0x01,0x0E,0x01,0x0E,0x00,0x1B,0x01,0x10,
        0x01,0x10,0x00,0x06,0x01,0x12,0x01,0x12,0x00,0x06,0x01,0x14,0x01,0x14,0x00,0x06,0x01,0x16,0x01,0x16,0x00,0x06,0x01,0x18,0x01,0x18,0x00,0x1B,0x01,0x1A,0x01,0x1A,
        0x00,0x1B,0x01,0x1C,0x01,0x1C,0x00,0x1B,0x01,0x1E,0x01,0x1E,0x00,0x13,0x01,0x20,0x01,0x20,0x00,0x13,0x01,0x22,0x01,0x22,0x00,0x13,0x01,0x24,0x01,0x24,0x00,0x13,
        0x01,0x26,0x01,0x26,0x00,0x03,0x01,0x28,0x01,0x28,0x00,0x03,0x01,0x2A,0x01,0x2A,0x00,0x03,0x01,0x2C,0x01,0x2C,0x00,0x18,0x01,0x2E,0x01,0x2E,0x00,0x18,0x01,0x30,
        0x01,0x30,0x00,0x18,0x01,0x32,0x01,0x32,0x00,0x18,0x01,0x34,0x01,0x34,0x00,0x18,0x01,0x36,0x01,0x36,0x00,0x18,0x01,0x38,0x01,0x38,0x00,0x05,0x01,0x3A,0x01,0x3A,
        0x00,0x04,0x01,0x3D,0x01,0x3D,0x00,0x15,0x01,0x3F,0x01,0x3F,0x00,0x15,0x01,0x41,0x01,0x41,0x00,0x15,0x01,0x44,0x01,0x44,0x00,0x0B,0x01,0x46,0x01,0x46,0x00,0x06,
        0x01,0x48,0x01,0x48,0x00,0x13,0x01,0x4A,0x01,0x4A,0x00,0x03,0x01,0xBA,0x01,0xBA,0x00,0x06,0x01,0xBC,0x01,0xBC,0x00,0x0C,0x01,0xBE,0x01,0xBE,0x00,0x1B,0x01,0xC0,
        0x01,0xC0,0x00,0x1B,0x01,0xC2,0x01,0xC2,0x00,0x13,0x01,0xC4,0x01,0xC4,0x00,0x03,0x01,0xC6,0x01,0xC6,0x00,0x05,0x01,0xC8,0x01,0xC8,0x00,0x05,0x01,0xCA,0x01,0xCA,
        0x00,0x05,0x01,0xCD,0x01,0xCD,0x00,0x04,0x01,0xD4,0x01,0xD5,0x00,0x12,0x01,0xD6,0x01,0xD6,0x00,0x07,0x01,0xD7,0x01,0xD7,0x00,0x01,0x01,0xD8,0x01,0xD8,0x00,0x0A,
        0x01,0xD9,0x01,0xD9,0x00,0x07,0x01,0xDA,0x01,0xDA,0x00,0x01,0x01,0xDB,0x01,0xDB,0x00,0x0A,0x01,0xDF,0x01,0xDF,0x00,0x0A,0x01,0xE1,0x01,0xE1,0x00,0x0D,0x01,0xE2,
        0x01,0xE2,0x00,0x0E,0x01,0xFC,0x01,0xFC,0x00,0x1A,0x01,0xFD,0x01,0xFE,0x00,0x14,0x02,0x1B,0x02,0x1C,0x00,0x0C,0x00,0x01,0x00,0x8B,0x00,0x45,0x00,0x46,0x00,0x47,
        0x00,0x48,0x00,0x49,0x00,0x4A,0x00,0x4B,0x00,0x4C,0x00,0x4D,0x00,0x4E,0x00,0x4F,0x00,0x50,0x00,0x51,0x00,0x52,0x00,0x53,0x00,0x54,0x00,0x55,0x00,0x56,0x00,0x57,
        0x00,0x58,0x00,0x59,0x00,0x5A,0x00,0x5B,0x00,0x5C,0x00,0x5D,0x00,0x5E,0x00,0xA2,0x00,0xA3,0x00,0xA4,0x00,0xA5,0x00,0xA6,0x00,0xA7,0x00,0xA8,0x00,0xA9,0x00,0xAA,
        0x00,0xAB,0x00,0xAC,0x00,0xAD,0x00,0xAE,0x00,0xAF,0x00,0xB0,0x00,0xB1,0x00,0xB2,0x00,0xB3,0x00,0xB4,0x00,0xB5,0x00,0xB6,0x00,0xB7,0x00,0xB8,0x00,0xB9,0x00,0xBB,
        0x00,0xBC,0x00,0xBD,0x00,0xBE,0x00,0xBF,0x00,0xC0,0x00,0xC1,0x00,0xC2,0x00,0xC4,0x00,0xC6,0x00,0xC8,0x00,0xCA,0x00,0xCC,0x00,0xCE,0x00,0xD0,0x00,0xD2,0x00,0xD4,
        0x00,0xD6,0x00,0xD8,0x00,0xDA,0x00,0xDC,0x00,0xDE,0x00,0xE0,0x00,0xE2,0x00,0xE4,0x00,0xE6,0x00,0xE8,0x00,0xEA,0x00,0xEC,0x00,0xEE,0x00,0xF0,0x00,0xF2,0x00,0xF4,
        0x00,0xF6,0x00,0xF8,0x00,0xFA,0x00,0xFB,0x00,0xFD,0x00,0xFF,0x01,0x01,0x01,0x07,0x01,0x09,0x01,0x0B,0x01,0x0C,0x01,0x0E,0x01,0x10,0x01,0x12,0x01,0x14,0x01,0x16,
        0x01,0x18,0x01,0x1A,0x01,0x1C,0x01,0x1E,0x01,0x20,0x01,0x22,0x01,0x24,0x01,0x26,0x01,0x28,0x01,0x2A,0x01,0x2C,0x01,0x2E,0x01,0x30,0x01,0x32,0x01,0x34,0x01,0x36,
        0x01,0x38,0x01,0x3A,0x01,0x3D,0x01,0x3F,0x01,0x41,0x01,0x44,0x01,0x46,0x01,0x48,0x01,0x4A,0x01,0x4B,0x01,0xB8,0x01,0xBA,0x01,0xBC,0x01,0xBE,0x01,0xC0,0x01,0xC2,
        0x01,0xC4,0x01,0xC6,0x01,0xC8,0x01,0xCA,0x01,0xCD,0x02,0x1B,0x02,0x1C,0x02,0x1E,0x00,0x02,0x08,0x1A,0x00,0x04,0x00,0x00,0x03,0x88,0x04,0x22,0x00,0x0C,0x00,0x25,
        0x00,0x00,0x00,0x0A,0x00,0x0A,0x00,0x0A,0xFF,0xDA,0xFF,0xE7,0xFF,0xFB,0x00,0x05,0xFF,0xDD,0x00,0x0A,0x00,0x19,0x00,0x00,0x00,0x00,0x00,0x00,0x00,0x00,0x00,0x00,
        0x00,0x00,0x00,0x00,0x00,0x00,0x00,0x00,0x00,0x00,0x00,0x00,0x00,0x00,0x00,0x00,0x00,0x00,0x00,0x00,0x00,0x00,0x00,0x00,0x00,0x00,0x00,0x00,0x00,0x00,0x00,0x00,
        0x00,0x00,0x00,0x00,0x00,0x00,0x00,0x00,0x00,0x00,0x00,0x00,0xFF,0xF6,0xFF,0xEC,0xFF,0xE7,0xFF,0xDF,0xFF,0xFD,0x00,0x00,0xFF,0xE7,0xFF,0xE2,0x00,0x00,0x00,0x00,
        0xFF,0xFD,0xFF,0xFD,0xFF,0xF6,0x00,0x00,0x00,0x00,0x00,0x00,0x00,0x00,0x00,0x00,0x00,0x00,0x00,0x00,0x00,0x00,0x00,0x00,0x00,0x00,0x00,0x00,0x00,0x00,0x00,0x00,
        0x00,0x00,0x00,0x00,0x00,0x00,0x00,0x00,0x00,0x00,0x00,0x00,0x00,0x00,0x00,0x00,0x00,0x00,0x00,0x00,0x00,0x00,0xFF,0xEC,0xFF,0xD3,0xFF,0xD3,0xFF,0xCB,0xFF,0xEC,
        0xFF,0xFB,0xFF,0xCE,0xFF,0xCE,0xFF,0xF6,0x00,0x00,0xFF,0xFA,0xFF,0xFA,0xFF,0xEC,0x00,0x00,0x00,0x00,0x00,0x00,0x00,0x00,0x00,0x00,0x00,0x00,0x00,0x00,0x00,0x00,
        0x00,0x00,0x00,0x00,0x00,0x00,0x00,0x00,0x00,0x00,0x00,0x00,0x00,0x00,0x00,0x00,0x00,0x00,0x00,0x00,0x00,0x00,0x00,0x00,0x00,0x00,0x00,0x00,0x00,0x00,0x00,0x00,
        0x00,0x0A,0x00,0x0A,0x00,0x0A,0x00,0x0F,0x00,0x0A,0x00,0x0A,0x00,0x05,0x00,0x0A,0x00,0x00,0x00,0x2A,0x00,0x00,0x00,0x00,0x00,0x00,0x00,0x0F,0x00,0x00,0x00,0x00,
        0x00,0x00,0x00,0x00,0x00,0x00,0x00,0x00,0x00,0x00,0x00,0x00,0x00,0x00,0x00,0x00,0x00,0x00,0x00,0x00,0x00,0x00,0x00,0x00,0x00,0x00,0x00,0x00,0x00,0x00,0x00,0x00,
        0x00,0x00,0x00,0x00,0x00,0x00,0x00,0x00,0x00,0x00,0x00,0x0A,0x00,0x0A,0x00,0x00,0xFF,0xB3,0xFF,0xC7,0xFF,0xE5,0x00,0x05,0xFF,0xA5,0x00,0x0A,0x00,0x00,0xFF,0xDE,
        0xFF,0xDA,0x00,0x00,0xFF,0xB2,0xFF,0xF6,0xFF,0xB3,0xFF,0xFE,0xFF,0xFB,0xFF,0xCA,0xFF,0xDE,0xFF,0xB2,0xFF,0xEC,0xFF,0xB2,0xFF,0xBA,0xFF,0xB2,0xFF,0xB2,0xFF,0xCA,
        0x00,0x00,0x00,0x00,0x00,0x00,0x00,0x00,0x00,0x00,0x00,0x00,0x00,0x00,0x00,0x00,0x00,0x00,0x00,0x00,0xFF,0xEC,0xFF,0xD3,0xFF,0xC6,0xFF,0xB8,0xFF,0xE9,0xFF,0xF8,
        0xFF,0xDD,0xFF,0xCE,0xFF,0xF1,0x00,0x00,0xFF,0xFA,0xFF,0xFA,0xFF,0xF1,0x00,0x00,0x00,0x00,0x00,0x00,0x00,0x00,0x00,0x00,0x00,0x00,0x00,0x00,0x00,0x00,0x00,0x00,
        0x00,0x00,0x00,0x00,0x00,0x00,0x00,0x00,0x00,0x00,0xFF,0xFC,0x00,0x00,0x00,0x00,0x00,0x00,0x00,0x00,0x00,0x00,0x00,0x00,0x00,0x00,0x00,0x00,0x00,0x00,0xFF,0xD0,
        0xFF,0xB1,0xFF,0xB7,0x00,0x00,0x00,0x0A,0x00,0x0A,0x00,0x00,0x00,0x0A,0x00,0x00,0x00,0x1C,0x00,0x00,0x00,0x00,0xFF,0xFD,0x00,0x00,0x00,0x00,0x00,0x00,0x00,0x00,
        0xFF,0xF6,0x00,0x07,0x00,0x07,0x00,0x00,0x00,0x00,0x00,0x00,0x00,0x00,0x00,0x00,0x00,0x00,0x00,0x00,0x00,0x00,0xFF,0xCE,0xFF,0xEC,0xFF,0xCE,0xFF,0xEC,0xFF,0xD0,
        0x00,0x00,0x00,0x00,0x00,0x00,0x00,0x00,0xFF,0xC1,0xFF,0xA6,0xFF,0xB8,0x00,0x08,0x00,0x08,0x00,0x08,0xFF,0xFE,0x00,0x08,0x00,0x00,0x00,0x23,0xFF,0xEC,0xFF,0xEC,
        0xFF,0xE2,0x00,0x00,0xFF,0xF8,0xFF,0xFE,0x00,0x00,0xFF,0xCE,0xFF,0xEC,0xFF,0xEC,0x00,0x00,0xFF,0xEC,0x00,0x00,0x00,0x00,0x00,0x00,0x00,0x00,0x00,0x00,0xFF,0xD8,
        0xFF,0xB2,0xFF,0xC4,0x00,0x00,0xFF,0xD8,0xFF,0xC4,0xFF,0xE2,0xFF,0xE2,0x00,0x00,0x00,0x00,0xFF,0xCB,0xFF,0xAC,0xFF,0xB8,0x00,0x0A,0x00,0x0A,0x00,0x0A,0x00,0x00,
        0x00,0x0A,0x00,0x00,0x00,0x23,0x00,0x00,0x00,0x00,0x00,0x00,0x00,0x00,0xFF,0xFA,0x00,0x00,0x00,0x00,0xFF,0xEC,0x00,0x0A,0x00,0x0A,0x00,0x00,0x00,0x00,0x00,0x00,
        0x00,0x00,0x00,0x00,0x00,0x00,0x00,0x00,0xFF,0xFD,0x00,0x00,0xFF,0xD8,0x00,0x00,0xFF,0xEC,0x00,0x00,0x00,0x00,0x00,0x00,0x00,0x00,0x00,0x00,0xFF,0xD3,0xFF,0xAB,
        0xFF,0xC4,0x00,0x0A,0x00,0x00,0x00,0x00,0xFF,0xEC,0xFF,0xF6,0x00,0x00,0x00,0x29,0x00,0x00,0x00,0x00,0x00,0x00,0x00,0x00,0x00,0x00,0x00,0x00,0x00,0x00,0xFF,0xF6,
        0x00,0x00,0x00,0x00,0x00,0x00,0x00,0x00,0x00,0x00,0x00,0x00,0x00,0x00,0x00,0x00,0x00,0x00,0x00,0x00,0x00,0x00,0xFF,0xE2,0x00,0x00,0xFF,0xEC,0x00,0x00,0x00,0x00,
        0x00,0x00,0x00,0x00,0x00,0x00,0x00,0x00,0x00,0x05,0x00,0x0A,0xFF,0xAC,0xFF,0xC9,0xFF,0xDD,0x00,0x00,0xFF,0xAC,0x00,0x00,0x00,0x00,0xFF,0xE9,0xFF,0xE9,0x00,0x00,
        0x00,0x00,0xFF,0xF6,0xFF,0xB7,0x00,0x00,0x00,0x00,0xFF,0xDD,0xFF,0xEC,0x00,0x00,0x00,0x00,0x00,0x00,0x00,0x00,0x00,0x00,0x00,0x00,0x00,0x00,0x00,0x00,0x00,0x00,
        0x00,0x00,0x00,0x00,0x00,0x00,0x00,0x00,0x00,0x00,0x00,0x00,0xFF,0xF6,0x00,0x00,0xFF,0xE7,0xFF,0xC9,0xFF,0xD3,0x00,0x0A,0x00,0x0A,0x00,0x0A,0x00,0x00,0x00,0x05,
        0x00,0x00,0x00,0x33,0x00,0x00,0xFF,0xF6,0xFF,0xF6,0x00,0x00,0x00,0x00,0x00,0x00,0x00,0x00,0xFF,0xEC,0xFF,0xFB,0x00,0x00,0x00,0x00,0x00,0x00,0x00,0x00,0x00,0x00,
        0x00,0x00,0x00,0x00,0x00,0x00,0x00,0x00,0x00,0x00,0xFF,0xEC,0x00,0x00,0xFF,0xEC,0x00,0x00,0xFF,0xEC,0xFF,0xEC,0x00,0x00,0x00,0x02,0x00,0x19,0x00,0x06,0x00,0x06,
        0x00,0x08,0x00,0x0B,0x00,0x0B,0x00,0x08,0x00,0x0C,0x00,0x0C,0x00,0x03,0x00,0x0E,0x00,0x0E,0x00,0x09,0x00,0x10,0x00,0x10,0x00,0x04,0x00,0x11,0x00,0x11,0x00,0x05,
        0x00,0x12,0x00,0x12,0x00,0x04,0x00,0x13,0x00,0x13,0x00,0x0B,0x00,0x3F,0x00,0x3F,0x00,0x03,0x00,0x5F,0x00,0x5F,0x00,0x03,0x00,0x6E,0x00,0x6E,0x00,0x01,0x00,0x70,
        0x00,0x70,0x00,0x05,0x00,0x7A,0x00,0x7A,0x00,0x05,0x00,0x7E,0x00,0x7E,0x00,0x02,0x00,0x82,0x00,0x82,0x00,0x0A,0x01,0xD4,0x01,0xD5,0x00,0x05,0x01,0xD6,0x01,0xD6,
        0x00,0x06,0x01,0xD7,0x01,0xD7,0x00,0x07,0x01,0xD8,0x01,0xD8,0x00,0x04,0x01,0xD9,0x01,0xD9,0x00,0x06,0x01,0xDA,0x01,0xDA,0x00,0x07,0x01,0xDB,0x01,0xDB,0x00,0x04,
        0x01,0xDF,0x01,0xDF,0x00,0x04,0x01,0xE1,0x01,0xE1,0x00,0x01,0x01,0xE2,0x01,0xE2,0x00,0x02,0x00,0x01,0x00,0x25,0x01,0xF9,0x00,0x01,0x00,0x00,0x00,0x0F,0x00,0x00,
        0x00,0x00,0x00,0x00,0x00,0x0F,0x00,0x00,0x00,0x00,0x00,0x03,0x00,0x00,0x00,0x00,0x00,0x00,0x00,0x00,0x00,0x0F,0x00,0x00,0x00,0x0F,0x00,0x00,0x00,0x24,0x00,0x04,
        0x00,0x11,0x00,0x05,0x00,0x06,0x00,0x07,0x00,0x08,0x00,0x09,0x00,0x00,0x00,0x00,0x00,0x00,0x00,0x00,0x00,0x00,0x00,0x00,0x00,0x1E,0x00,0x00,0x00,0x12,0x00,0x12,
        0x00,0x12,0x00,0x0B,0x00,0x12,0x00,0x00,0x00,0x00,0x00,0x00,0x00,0x00,0x00,0x00,0x00,0x22,0x00,0x22,0x00,0x12,0x00,0x22,0x00,0x12,0x00,0x22,0x00,0x20,0x00,0x0C,
        0x00,0x23,0x00,0x13,0x00,0x14,0x00,0x0D,0x00,0x13,0x00,0x1C,0x00,0x00,0x00,0x00,0x00,0x00,0x00,0x00,0x00,0x00,0x00,0x00,0x00,0x00,0x00,0x00,0x00,0x00,0x00,0x00,
        0x00,0x00,0x00,0x00,0x00,0x00,0x00,0x00,0x00,0x00,0x00,0x00,0x00,0x00,0x00,0x00,0x00,0x00,0x00,0x00,0x00,0x00,0x00,0x00,0x00,0x00,0x00,0x00,0x00,0x00,0x00,0x00,
        0x00,0x00,0x00,0x00,0x00,0x00,0x00,0x00,0x00,0x00,0x00,0x00,0x00,0x00,0x00,0x00,0x00,0x00,0x00,0x00,0x00,0x01,0x00,0x01,0x00,0x01,0x00,0x01,0x00,0x01,0x00,0x01,
        0x00,0x02,0x00,0x0F,0x00,0x00,0x00,0x00,0x00,0x00,0x00,0x00,0x00,0x00,0x00,0x00,0x00,0x00,0x00,0x00,0x00,0x00,0x00,0x00,0x00,0x0F,0x00,0x0F,0x00,0x0F,0x00,0x0F,
        0x00,0x0F,0x00,0x00,0x00,0x0F,0x00,0x11,0x00,0x11,0x00,0x11,0x00,0x11,0x00,0x08,0x00,0x00,0x00,0x00,0x00,0x1E,0x00,0x1E,0x00,0x1E,0x00,0x1E,0x00,0x1E,0x00,0x1E,
        0x00,0x1E,0x00,0x12,0x00,0x12,0x00,0x12,0x00,0x12,0x00,0x12,0x00,0x00,0x00,0x00,0x00,0x00,0x00,0x00,0x00,0x12,0x00,0x22,0x00,0x12,0x00,0x12,0x00,0x12,0x00,0x12,
        0x00,0x12,0x00,0x00,0x00,0x12,0x00,0x23,0x00,0x23,0x00,0x23,0x00,0x23,0x00,0x13,0x00,0x00,0x00,0x13,0x00,0x01,0x00,0x1E,0x00,0x01,0x00,0x1E,0x00,0x01,0x00,0x1E,
        0x00,0x0F,0x00,0x12,0x00,0x0F,0x00,0x12,0x00,0x0F,0x00,0x12,0x00,0x0F,0x00,0x12,0x00,0x00,0x00,0x12,0x00,0x00,0x00,0x12,0x00,0x00,0x00,0x12,0x00,0x00,0x00,0x12,
        0x00,0x00,0x00,0x12,0x00,0x00,0x00,0x12,0x00,0x00,0x00,0x12,0x00,0x0F,0x00,0x12,0x00,0x0F,0x00,0x12,0x00,0x0F,0x00,0x12,0x00,0x0F,0x00,0x12,0x00,0x00,0x00,0x00,
        0x00,0x00,0x00,0x00,0x00,0x00,0x00,0x00,0x00,0x00,0x00,0x00,0x00,0x00,0x00,0x00,0x00,0x00,0x00,0x00,0x00,0x00,0x00,0x00,0x00,0x00,0x00,0x00,0x00,0x03,0x00,0x00,
        0x00,0x00,0x00,0x00,0x00,0x22,0x00,0x00,0x00,0x00,0x00,0x00,0x00,0x00,0x00,0x00,0x00,0x00,0x00,0x00,0x00,0x00,0x00,0x00,0x00,0x00,0x00,0x00,0x00,0x22,0x00,0x00,
        0x00,0x22,0x00,0x00,0x00,0x22,0x00,0x0A,0x00,0x00,0x00,0x22,0x00,0x0F,0x00,0x12,0x00,0x0F,0x00,0x12,0x00,0x0F,0x00,0x12,0x00,0x0F,0x00,0x12,0x00,0x00,0x00,0x22,
        0x00,0x00,0x00,0x22,0x00,0x00,0x00,0x22,0x00,0x24,0x00,0x20,0x00,0x24,0x00,0x20,0x00,0x24,0x00,0x20,0x00,0x24,0x00,0x20,0x00,0x04,0x00,0x0C,0x00,0x04,0x00,0x0C,
        0x00,0x10,0x00,0x0C,0x00,0x11,0x00,0x23,0x00,0x11,0x00,0x23,0x00,0x11,0x00,0x23,0x00,0x11,0x00,0x23,0x00,0x11,0x00,0x23,0x00,0x11,0x00,0x23,0x00,0x06,0x00,0x14,
        0x00,0x08,0x00,0x13,0x00,0x08,0x00,0x09,0x00,0x1C,0x00,0x09,0x00,0x1C,0x00,0x09,0x00,0x1C,0x00,0x00,0x00,0x02,0x00,0x1E,0x00,0x0F,0x00,0x12,0x00,0x24,0x00,0x20,
        0x00,0x04,0x00,0x0C,0x00,0x00,0x00,0x00,0x00,0x00,0x00,0x00,0x00,0x00,0x00,0x00,0x00,0x00,0x00,0x00,0x00,0x00,0x00,0x00,0x00,0x00,0x00,0x00,0x00,0x00,0x00,0x00,
        0x00,0x00,0x00,0x00,0x00,0x00,0x00,0x00,0x00,0x00,0x00,0x00,0x00,0x00,0x00,0x00,0x00,0x00,0x00,0x00,0x00,0x00,0x00,0x00,0x00,0x00,0x00,0x00,0x00,0x00,0x00,0x00,
        0x00,0x00,0x00,0x00,0x00,0x00,0x00,0x00,0x00,0x00,0x00,0x00,0x00,0x00,0x00,0x00,0x00,0x21,0x00,0x00,0x00,0x00,0x00,0x00,0x00,0x1D,0x00,0x00,0x00,0x00,0x00,0x00,
        0x00,0x00,0x00,0x00,0x00,0x00,0x00,0x1D,0x00,0x00,0x00,0x00,0x00,0x00,0x00,0x00,0x00,0x00,0x00,0x00,0x00,0x0E,0x00,0x00,0x00,0x16,0x00,0x00,0x00,0x00,0x00,0x15,
        0x00,0x00,0x00,0x00,0x00,0x17,0x00,0x00,0x00,0x00,0x00,0x00,0x00,0x00,0x00,0x00,0x00,0x00,0x00,0x00,0x00,0x00,0x00,0x00,0x00,0x1F,0x00,0x00,0x00,0x00,0x00,0x00,
        0x00,0x00,0x00,0x00,0x00,0x00,0x00,0x1F,0x00,0x00,0x00,0x00,0x00,0x00,0x00,0x00,0x00,0x00,0x00,0x00,0x00,0x1A,0x00,0x1B,0x00,0x00,0x00,0x00,0x00,0x00,0x00,0x18,
        0x00,0x00,0x00,0x00,0x00,0x19,0x00,0x00,0x00,0x00,0x00,0x00,0x00,0x00,0x00,0x00,0x00,0x00,0x00,0x00,0x00,0x00,0x00,0x00,0x00,0x00,0x00,0x00,0x00,0x00,0x00,0x00,
        0x00,0x00,0x00,0x12,0x00,0x00,0x00,0x0B,0x00,0x00,0x00,0x22,0x00,0x00,0x00,0x22,0x00,0x24,0x00,0x20,0x00,0x04,0x00,0x0C,0x00,0x06,0x00,0x14,0x00,0x06,0x00,0x14,
        0x00,0x06,0x00,0x14,0x00,0x00,0x00,0x08,0x00,0x13,0x00,0x00,0x00,0x00,0x00,0x00,0x00,0x00,0x00,0x00,0x00,0x00,0x00,0x00,0x00,0x00,0x00,0x00,0x00,0x00,0x00,0x00,
        0x00,0x00,0x00,0x00,0x00,0x00,0x00,0x00,0x00,0x00,0x00,0x00,0x00,0x00,0x00,0x00,0x00,0x00,0x00,0x00,0x00,0x00,0x00,0x00,0x00,0x00,0x00,0x00,0x00,0x00,0x00,0x00,
        0x00,0x00,0x00,0x00,0x00,0x00,0x00,0x00,0x00,0x00,0x00,0x00,0x00,0x00,0x00,0x00,0x00,0x00,0x00,0x00,0x00,0x00,0x00,0x00,0x00,0x00,0x00,0x00,0x00,0x00,0x00,0x00,
        0x00,0x00,0x00,0x00,0x00,0x00,0x00,0x00,0x00,0x00,0x00,0x00,0x00,0x00,0x00,0x00,0x00,0x00,0x00,0x00,0x00,0x00,0x00,0x00,0x00,0x00,0x00,0x00,0x00,0x00,0x00,0x00,
        0x00,0x00,0x00,0x00,0x00,0x00,0x00,0x00,0x00,0x00,0x00,0x00,0x00,0x00,0x00,0x00,0x00,0x00,0x00,0x00,0x00,0x00,0x00,0x00,0x00,0x00,0x00,0x00,0x00,0x00,0x00,0x00,
        0x00,0x00,0x00,0x00,0x00,0x0B,0x00,0x0B,0x00,0x03,0x00,0x01,0x00,0x1C,0x00,0x06,0x00,0x0B,0x00,0x0C,0x00,0x0E,0x00,0x10,0x00,0x11,0x00,0x12,0x00,0x13,0x00,0x1E,
        0x00,0x1F,0x00,0x3F,0x00,0x5F,0x00,0x6E,0x00,0x70,0x00,0x7A,0x00,0x7E,0x00,0x82,0x01,0xD4,0x01,0xD5,0x01,0xD6,0x01,0xD7,0x01,0xD8,0x01,0xD9,0x01,0xDA,0x01,0xDB,
        0x01,0xDF,0x01,0xE1,0x01,0xE2,0x00,0x02,0x00,0xD8,0x00,0x04,0x00,0x00,0x00,0x40,0x00,0x50,0x00,0x03,0x00,0x08,0x00,0x00,0xFF,0xF6,0x00,0x14,0x00,0x00,0x00,0x00,
        0x00,0x00,0x00,0x00,0x00,0x00,0x00,0x00,0xFF,0xF6,0x00,0x1F,0xFF,0xF3,0x00,0x00,0x00,0x00,0x00,0x00,0x00,0x00,0x00,0x00,0x00,0x00,0x00,0x15,0xFF,0xF1,0xFF,0xF1,
        0xFF,0xD8,0xFF,0xF6,0xFF,0xEC,0x00,0x02,0x00,0x02,0x00,0x0A,0x00,0x0A,0x00,0x01,0x00,0x24,0x00,0x24,0x00,0x02,0x00,0x02,0x00,0x16,0x00,0x25,0x00,0x25,0x00,0x04,
        0x00,0x2E,0x00,0x2E,0x00,0x06,0x00,0x38,0x00,0x38,0x00,0x01,0x00,0x3C,0x00,0x3C,0x00,0x07,0x00,0x3D,0x00,0x3D,0x00,0x03,0x00,0x83,0x00,0x88,0x00,0x04,0x00,0x89,
        0x00,0x89,0x00,0x05,0x00,0xA0,0x00,0xA0,0x00,0x03,0x00,0xC3,0x00,0xC3,0x00,0x04,0x00,0xC5,0x00,0xC5,0x00,0x04,0x00,0xC7,0x00,0xC7,0x00,0x04,0x00,0xF7,0x00,0xF7,
        0x00,0x06,0x01,0x0C,0x01,0x0C,0x00,0x02,0x01,0x25,0x01,0x25,0x00,0x01,0x01,0x27,0x01,0x27,0x00,0x01,0x01,0x39,0x01,0x39,0x00,0x03,0x01,0x3B,0x01,0x3B,0x00,0x03,
        0x01,0x43,0x01,0x43,0x00,0x05,0x01,0x49,0x01,0x49,0x00,0x01,0x01,0xC3,0x01,0xC3,0x00,0x01,0x01,0xCC,0x01,0xCC,0x00,0x03,0x02,0x1D,0x02,0x1D,0x00,0x06,0x00,0x01,
        0x00,0x05,0x00,0x0A,0x00,0x24,0x00,0x6C,0x00,0x71,0x01,0xFC,0x00,0x02,0x05,0xDC,0x00,0x04,0x00,0x00,0x03,0xEE,0x04,0x6A,0x00,0x0F,0x00,0x21,0x00,0x00,0x00,0x02,
        0xFF,0xFF,0xFF,0xF9,0xFF,0xFD,0x00,0x00,0x00,0x00,0x00,0x00,0x00,0x00,0x00,0x00,0x00,0x00,0x00,0x00,0x00,0x00,0x00,0x00,0x00,0x00,0x00,0x00,0x00,0x00,0x00,0x00,
        0x00,0x00,0x00,0x00,0x00,0x00,0x00,0x00,0x00,0x00,0x00,0x00,0x00,0x00,0x00,0x00,0x00,0x00,0x00,0x00,0x00,0x00,0x00,0x00,0x00,0x00,0x00,0x00,0x00,0x00,0x00,0x00,
        0xFF,0xFA,0xFF,0xCA,0x00,0x00,0xFF,0xFF,0xFF,0xB9,0xFF,0xBF,0xFF,0xCA,0x00,0x0F,0xFF,0xD0,0xFF,0xB2,0xFF,0xB8,0xFF,0xCA,0xFF,0xDF,0xFF,0xFC,0xFF,0xC5,0xFF,0xF6,
        0xFF,0xC4,0xFF,0xC3,0xFF,0xD3,0xFF,0xCB,0xFF,0xD1,0xFF,0xD3,0xFF,0xD0,0xFF,0xC3,0x00,0x00,0x00,0x00,0x00,0x00,0x00,0x00,0x00,0x00,0x00,0x00,0x00,0x00,0x00,0x00,
        0x00,0x00,0x00,0x00,0x00,0x04,0x00,0x00,0x00,0x00,0x00,0x00,0x00,0x00,0x00,0x00,0x00,0x00,0x00,0x00,0x00,0x00,0x00,0x00,0x00,0x00,0x00,0x00,0x00,0x00,0x00,0x00,
        0x00,0x00,0x00,0x00,0x00,0x00,0x00,0x00,0x00,0x00,0x00,0x00,0x00,0x00,0x00,0x00,0x00,0x00,0x00,0x00,0x00,0x00,0x00,0x00,0x00,0x00,0x00,0x00,0x00,0x00,0x00,0x00,
        0x00,0x00,0x00,0x00,0x00,0x00,0xFF,0xFD,0xFF,0xF2,0xFF,0xF7,0xFF,0xFD,0x00,0x00,0x00,0x00,0x00,0x00,0x00,0x00,0x00,0x00,0x00,0x00,0x00,0x00,0x00,0x00,0x00,0x00,
        0x00,0x00,0x00,0x00,0x00,0x00,0x00,0x00,0x00,0x00,0x00,0x00,0x00,0x00,0x00,0x00,0x00,0x00,0x00,0x00,0xFF,0xFA,0xFF,0xFA,0x00,0x00,0x00,0x00,0x00,0x00,0x00,0x00,
        0x00,0x00,0x00,0x00,0x00,0x00,0x00,0x00,0x00,0x00,0xFF,0xFB,0xFF,0xFA,0xFF,0xFF,0x00,0x00,0x00,0x00,0x00,0x00,0x00,0x00,0x00,0x00,0x00,0x00,0x00,0x00,0x00,0x00,
        0x00,0x00,0x00,0x00,0x00,0x00,0x00,0x00,0x00,0x00,0xFF,0xFD,0x00,0x00,0x00,0x00,0xFF,0xFD,0x00,0x00,0x00,0x00,0xFF,0xD3,0xFF,0xB9,0xFF,0xC9,0xFF,0xC9,0xFF,0xFB,
        0xFF,0xE2,0xFF,0xFC,0x00,0x00,0x00,0x00,0x00,0x00,0x00,0x00,0x00,0x00,0x00,0x00,0x00,0x00,0x00,0x00,0x00,0x00,0x00,0x00,0x00,0x00,0x00,0x00,0x00,0x00,0x00,0x00,
        0x00,0x00,0x00,0x00,0x00,0x00,0x00,0x00,0x00,0x00,0x00,0x00,0xFF,0xFD,0x00,0x00,0x00,0x00,0xFF,0xFD,0x00,0x00,0x00,0x00,0xFF,0xF6,0xFF,0xF6,0x00,0x00,0x00,0x00,
        0x00,0x00,0x00,0x00,0xFF,0xF6,0x00,0x00,0x00,0x00,0xFF,0xFD,0x00,0x00,0x00,0x00,0x00,0x00,0x00,0x03,0x00,0x00,0x00,0x00,0x00,0x00,0x00,0x00,0x00,0x00,0x00,0x00,
        0x00,0x00,0x00,0x00,0x00,0x00,0x00,0x00,0x00,0x00,0x00,0x00,0x00,0x00,0x00,0x00,0x00,0x00,0x00,0x00,0x00,0x00,0x00,0x00,0x00,0x00,0x00,0x00,0x00,0x00,0xFF,0xD0,
        0xFF,0xCB,0x00,0x00,0x00,0x00,0x00,0x00,0x00,0x00,0x00,0x00,0x00,0x00,0x00,0x00,0x00,0x00,0x00,0x00,0x00,0x00,0xFF,0xFB,0x00,0x00,0x00,0x00,0x00,0x00,0x00,0x00,
        0x00,0x00,0x00,0x00,0x00,0x00,0x00,0x00,0x00,0x00,0x00,0x00,0x00,0x00,0x00,0x00,0x00,0x00,0x00,0x00,0x00,0x00,0x00,0x00,0x00,0x00,0x00,0x00,0x00,0x00,0x00,0x00,
        0x00,0x00,0xFF,0xEC,0x00,0x00,0x00,0x00,0x00,0x00,0x00,0x00,0x00,0x00,0x00,0x00,0x00,0x00,0x00,0x00,0x00,0x00,0xFF,0xEC,0x00,0x00,0x00,0x00,0x00,0x00,0x00,0x00,
        0xFF,0xEC,0x00,0x00,0x00,0x00,0x00,0x00,0x00,0x00,0x00,0x00,0x00,0x00,0x00,0x00,0x00,0x00,0x00,0x00,0x00,0x00,0x00,0x00,0x00,0x00,0x00,0x00,0x00,0x00,0x00,0x00,
        0x00,0x00,0x00,0x00,0x00,0x00,0x00,0x00,0x00,0x00,0x00,0x00,0x00,0x00,0x00,0x00,0x00,0x00,0x00,0x00,0x00,0x00,0x00,0x00,0xFF,0xC3,0xFF,0xEC,0x00,0x00,0x00,0x00,
        0x00,0x00,0xFF,0xB2,0x00,0x00,0x00,0x00,0x00,0x00,0x00,0x00,0x00,0x00,0x00,0x00,0x00,0x00,0x00,0x00,0x00,0x00,0x00,0x00,0x00,0x00,0x00,0x00,0x00,0x00,0x00,0x00,
        0x00,0x00,0x00,0x00,0x00,0x00,0x00,0x00,0x00,0x00,0x00,0x00,0x00,0x00,0x00,0x00,0x00,0x00,0xFF,0xF2,0x00,0x00,0x00,0x00,0x00,0x00,0x00,0x00,0x00,0x00,0xFF,0xFC,
        0x00,0x00,0x00,0x00,0x00,0x00,0x00,0x00,0x00,0x00,0x00,0x00,0x00,0x00,0x00,0x00,0x00,0x00,0x00,0x00,0x00,0x00,0x00,0x00,0x00,0x00,0x00,0x00,0x00,0x00,0x00,0x00,
        0x00,0x00,0x00,0x00,0x00,0x00,0x00,0x00,0x00,0x00,0x00,0x00,0x00,0x00,0x00,0x00,0x00,0x00,0x00,0x00,0xFF,0xF2,0x00,0x00,0x00,0x00,0x00,0x00,0x00,0x00,0x00,0x00,
        0x00,0x00,0x00,0x00,0x00,0x00,0x00,0x00,0x00,0x00,0x00,0x00,0x00,0x00,0x00,0x00,0x00,0x00,0x00,0x00,0x00,0x00,0x00,0x00,0x00,0x00,0x00,0x00,0x00,0x00,0x00,0x00,
        0x00,0x00,0x00,0x00,0x00,0x00,0x00,0x00,0x00,0x00,0x00,0x00,0x00,0x00,0x00,0x00,0x00,0x00,0xFF,0xFD,0x00,0x00,0xFF,0xFA,0x00,0x00,0x00,0x00,0x00,0x00,0xFF,0xC2,
        0xFF,0xC1,0xFF,0xCA,0x00,0x0F,0xFF,0xD1,0xFF,0xB2,0x00,0x00,0xFF,0xD3,0x00,0x00,0x00,0x00,0x00,0x00,0x00,0x00,0x00,0x00,0x00,0x00,0x00,0x00,0x00,0x00,0x00,0x00,
        0x00,0x00,0x00,0x00,0x00,0x00,0x00,0x00,0x00,0x00,0x00,0x00,0x00,0x00,0x00,0x00,0x00,0x00,0x00,0x00,0x00,0x00,0x00,0x00,0xFF,0xF2,0x00,0x00,0x00,0x00,0x00,0x00,
        0xFF,0xC9,0xFF,0xD0,0xFF,0xE7,0x00,0x00,0xFF,0xF3,0xFF,0xB2,0x00,0x00,0xFF,0xE7,0x00,0x00,0x00,0x00,0x00,0x00,0x00,0x00,0x00,0x00,0x00,0x00,0x00,0x00,0x00,0x00,
        0x00,0x00,0x00,0x00,0x00,0x00,0x00,0x00,0x00,0x00,0x00,0x00,0x00,0x00,0x00,0x00,0x00,0x00,0x00,0x00,0x00,0x00,0xFF,0xFB,0x00,0x00,0xFF,0xF7,0x00,0x00,0x00,0x00,
        0x00,0x00,0x00,0x00,0x00,0x00,0x00,0x00,0x00,0x00,0x00,0x00,0x00,0x00,0x00,0x00,0x00,0x00,0x00,0x00,0x00,0x00,0x00,0x00,0x00,0x00,0x00,0x00,0x00,0x00,0x00,0x00,
        0x00,0x00,0x00,0x00,0x00,0x00,0x00,0x00,0x00,0x00,0x00,0x00,0x00,0x00,0x00,0x00,0x00,0x00,0x00,0x00,0x00,0x00,0x00,0x00,0x00,0x00,0x00,0x02,0x00,0x14,0x01,0x6D,
        0x01,0x6D,0x00,0x02,0x01,0x71,0x01,0x71,0x00,0x06,0x01,0x72,0x01,0x72,0x00,0x07,0x01,0x74,0x01,0x74,0x00,0x01,0x01,0x75,0x01,0x75,0x00,0x05,0x01,0x76,0x01,0x76,
        0x00,0x02,0x01,0x77,0x01,0x77,0x00,0x0E,0x01,0x7B,0x01,0x7B,0x00,0x0B,0x01,0x7F,0x01,0x7F,0x00,0x03,0x01,0x81,0x01,0x81,0x00,0x09,0x01,0x83,0x01,0x83,0x00,0x0C,
        0x01,0x84,0x01,0x84,0x00,0x0D,0x01,0x85,0x01,0x85,0x00,0x08,0x01,0x86,0x01,0x86,0x00,0x0A,0x01,0x87,0x01,0x87,0x00,0x05,0x01,0x8A,0x01,0x8A,0x00,0x05,0x01,0x8B,
        0x01,0x8B,0x00,0x04,0x01,0x8D,0x01,0x8D,0x00,0x04,0x01,0x8E,0x01,0x8F,0x00,0x03,0x01,0xB5,0x01,0xB5,0x00,0x01,0x00,0x02,0x00,0x3D,0x00,0x0D,0x00,0x0D,0x00,0x08,
        0x00,0x10,0x00,0x10,0x00,0x0A,0x00,0x11,0x00,0x11,0x00,0x0B,0x00,0x12,0x00,0x12,0x00,0x0A,0x00,0x13,0x00,0x13,0x00,0x15,0x00,0x23,0x00,0x23,0x00,0x1E,0x00,0x41,
        0x00,0x41,0x00,0x08,0x00,0x61,0x00,0x61,0x00,0x08,0x00,0x70,0x00,0x70,0x00,0x0B,0x00,0x7A,0x00,0x7A,0x00,0x0B,0x01,0x6E,0x01,0x6E,0x00,0x01,0x01,0x71,0x01,0x71,
        0x00,0x02,0x01,0x75,0x01,0x75,0x00,0x05,0x01,0x77,0x01,0x77,0x00,0x04,0x01,0x78,0x01,0x78,0x00,0x20,0x01,0x7C,0x01,0x7C,0x00,0x05,0x01,0x7F,0x01,0x7F,0x00,0x01,
        0x01,0x82,0x01,0x82,0x00,0x01,0x01,0x83,0x01,0x83,0x00,0x1A,0x01,0x84,0x01,0x84,0x00,0x1D,0x01,0x85,0x01,0x85,0x00,0x0D,0x01,0x86,0x01,0x86,0x00,0x03,0x01,0x88,
        0x01,0x88,0x00,0x1F,0x01,0x8B,0x01,0x8B,0x00,0x19,0x01,0x8E,0x01,0x8E,0x00,0x20,0x01,0x90,0x01,0x90,0x00,0x0E,0x01,0x91,0x01,0x91,0x00,0x0F,0x01,0x92,0x01,0x92,
        0x00,0x10,0x01,0x93,0x01,0x94,0x00,0x09,0x01,0x95,0x01,0x95,0x00,0x06,0x01,0x96,0x01,0x96,0x00,0x07,0x01,0x97,0x01,0x97,0x00,0x18,0x01,0x98,0x01,0x98,0x00,0x0C,
        0x01,0x99,0x01,0x9B,0x00,0x09,0x01,0x9C,0x01,0x9C,0x00,0x06,0x01,0x9D,0x01,0x9E,0x00,0x09,0x01,0x9F,0x01,0x9F,0x00,0x07,0x01,0xA0,0x01,0xA1,0x00,0x09,0x01,0xA2,
        0x01,0xA2,0x00,0x07,0x01,0xA3,0x01,0xA3,0x00,0x16,0x01,0xA4,0x01,0xA4,0x00,0x17,0x01,0xA5,0x01,0xA5,0x00,0x07,0x01,0xA6,0x01,0xA6,0x00,0x12,0x01,0xA7,0x01,0xA7,
        0x00,0x09,0x01,0xA8,0x01,0xA8,0x00,0x11,0x01,0xA9,0x01,0xAA,0x00,0x09,0x01,0xAB,0x01,0xAB,0x00,0x13,0x01,0xAC,0x01,0xAD,0x00,0x09,0x01,0xAE,0x01,0xAE,0x00,0x0C,
        0x01,0xAF,0x01,0xAF,0x00,0x09,0x01,0xB0,0x01,0xB0,0x00,0x14,0x01,0xB1,0x01,0xB2,0x00,0x07,0x01,0xB6,0x01,0xB6,0x00,0x09,0x01,0xD4,0x01,0xD5,0x00,0x0B,0x01,0xD6,
        0x01,0xD6,0x00,0x1B,0x01,0xD7,0x01,0xD7,0x00,0x1C,0x01,0xD8,0x01,0xD8,0x00,0x0A,0x01,0xD9,0x01,0xD9,0x00,0x1B,0x01,0xDA,0x01,0xDA,0x00,0x1C,0x01,0xDB,0x01,0xDB,
        0x00,0x0A,0x01,0xDF,0x01,0xDF,0x00,0x0A,0x00,0x01,0x00,0x17,0x01,0x6D,0x01,0x6E,0x01,0x71,0x01,0x72,0x01,0x74,0x01,0x75,0x01,0x76,0x01,0x77,0x01,0x7B,0x01,0x7F,
        0x01,0x81,0x01,0x82,0x01,0x83,0x01,0x84,0x01,0x85,0x01,0x86,0x01,0x87,0x01,0x8A,0x01,0x8B,0x01,0x8D,0x01,0x8E,0x01,0x8F,0x01,0xB5,0x00,0x02,0x02,0x56,0x00,0x04,
        0x00,0x00,0x01,0x5A,0x01,0xAA,0x00,0x0B,0x00,0x0F,0x00,0x00,0xFF,0xF7,0x00,0x00,0x00,0x00,0x00,0x00,0x00,0x00,0x00,0x00,0x00,0x00,0x00,0x00,0x00,0x00,0x00,0x00,
        0x00,0x00,0x00,0x00,0x00,0x00,0x00,0x00,0x00,0x00,0x00,0x00,0xFF,0xD3,0xFF,0xFD,0xFF,0xB2,0xFF,0xF1,0xFF,0xF7,0x00,0x00,0x00,0x00,0x00,0x00,0x00,0x00,0x00,0x00,
        0x00,0x00,0x00,0x00,0x00,0x00,0x00,0x00,0xFF,0xF5,0xFF,0xFB,0x00,0x00,0x00,0x00,0x00,0x00,0x00,0x00,0xFF,0xFC,0xFF,0xFB,0x00,0x00,0x00,0x00,0x00,0x00,0x00,0x00,
        0x00,0x00,0x00,0x00,0x00,0x00,0xFF,0xF8,0x00,0x00,0x00,0x00,0x00,0x00,0x00,0x00,0x00,0x00,0xFF,0xDF,0xFF,0xF8,0xFF,0xC4,0xFF,0xF0,0xFF,0xD0,0xFF,0xD8,0xFF,0xBD,
        0x00,0x00,0x00,0x00,0x00,0x00,0x00,0x00,0x00,0x00,0x00,0x00,0x00,0x00,0x00,0x00,0x00,0x00,0x00,0x00,0x00,0x00,0xFF,0xF6,0xFF,0xF6,0x00,0x00,0xFF,0xF9,0x00,0x00,
        0x00,0x00,0xFF,0xFC,0xFF,0xFC,0x00,0x00,0x00,0x00,0x00,0x00,0x00,0x00,0xFF,0xF9,0xFF,0xFC,0x00,0x00,0x00,0x00,0x00,0x00,0x00,0x00,0x00,0x00,0x00,0x00,0x00,0x00,
        0x00,0x00,0x00,0x00,0xFF,0xF5,0x00,0x00,0x00,0x00,0x00,0x00,0x00,0x00,0x00,0x00,0x00,0x00,0x00,0x00,0x00,0x00,0x00,0x00,0x00,0x00,0xFF,0xFE,0x00,0x00,0x00,0x00,
        0x00,0x00,0xFF,0xF5,0x00,0x00,0x00,0x00,0x00,0x00,0x00,0x00,0x00,0x00,0x00,0x00,0x00,0x00,0x00,0x00,0x00,0x00,0x00,0x00,0xFF,0xFE,0x00,0x00,0x00,0x00,0xFF,0xD0,
        0x00,0x00,0xFF,0xB2,0x00,0x00,0x00,0x00,0x00,0x00,0x00,0x00,0x00,0x00,0x00,0x00,0x00,0x00,0x00,0x00,0x00,0x00,0x00,0x00,0x00,0x00,0x00,0x00,0xFF,0xE0,0xFF,0xFC,
        0xFF,0xCA,0x00,0x00,0x00,0x00,0x00,0x00,0x00,0x00,0x00,0x00,0x00,0x00,0x00,0x00,0x00,0x00,0x00,0x00,0xFF,0xFB,0x00,0x00,0x00,0x00,0x00,0x00,0xFF,0xF9,0x00,0x00,
        0x00,0x00,0x00,0x00,0x00,0x00,0x00,0x00,0x00,0x00,0x00,0x00,0x00,0x00,0x00,0x00,0x00,0x00,0xFF,0xFF,0x00,0x01,0x01,0x92,0x00,0x25,0x00,0x02,0x00,0x05,0x00,0x01,
        0x00,0x04,0x00,0x02,0x00,0x0A,0x00,0x05,0x00,0x00,0x00,0x00,0x00,0x07,0x00,0x00,0x00,0x00,0x00,0x00,0x00,0x02,0x00,0x00,0x00,0x02,0x00,0x00,0x00,0x08,0x00,0x09,
        0x00,0x02,0x00,0x06,0x00,0x04,0x00,0x00,0x00,0x00,0x00,0x04,0x00,0x03,0x00,0x00,0x00,0x03,0x00,0x02,0x00,0x02,0x00,0x00,0x00,0x02,0x00,0x00,0x00,0x00,0x00,0x00,
        0x00,0x00,0x00,0x01,0x00,0x02,0x00,0x1C,0x00,0x10,0x00,0x10,0x00,0x04,0x00,0x11,0x00,0x11,0x00,0x05,0x00,0x12,0x00,0x12,0x00,0x04,0x00,0x23,0x00,0x23,0x00,0x0C,
        0x00,0x70,0x00,0x70,0x00,0x05,0x00,0x7A,0x00,0x7A,0x00,0x05,0x01,0x91,0x01,0x91,0x00,0x06,0x01,0x95,0x01,0x95,0x00,0x02,0x01,0x96,0x01,0x96,0x00,0x03,0x01,0x97,
        0x01,0x97,0x00,0x08,0x01,0x98,0x01,0x98,0x00,0x0E,0x01,0x9C,0x01,0x9C,0x00,0x02,0x01,0x9F,0x01,0x9F,0x00,0x03,0x01,0xA2,0x01,0xA2,0x00,0x03,0x01,0xA3,0x01,0xA3,
        0x00,0x0D,0x01,0xA4,0x01,0xA4,0x00,0x07,0x01,0xA5,0x01,0xA5,0x00,0x03,0x01,0xA6,0x01,0xA6,0x00,0x01,0x01,0xA8,0x01,0xA8,0x00,0x0A,0x01,0xAB,0x01,0xAB,0x00,0x0B,
        0x01,0xAE,0x01,0xAE,0x00,0x0E,0x01,0xB1,0x01,0xB2,0x00,0x03,0x01,0xD4,0x01,0xD5,0x00,0x05,0x01,0xD7,0x01,0xD7,0x00,0x09,0x01,0xD8,0x01,0xD8,0x00,0x04,0x01,0xDA,
        0x01,0xDA,0x00,0x09,0x01,0xDB,0x01,0xDB,0x00,0x04,0x01,0xDF,0x01,0xDF,0x00,0x04,0x00,0x01,0x00,0x18,0x01,0x92,0x01,0x93,0x01,0x94,0x01,0x95,0x01,0x96,0x01,0x97,
        0x01,0x98,0x01,0x9B,0x01,0x9F,0x01,0xA1,0x01,0xA2,0x01,0xA3,0x01,0xA4,0x01,0xA5,0x01,0xA6,0x01,0xA7,0x01,0xAA,0x01,0xAB,0x01,0xAD,0x01,0xAE,0x01,0xAF,0x01,0xB1,
        0x01,0xB2,0x01,0xB6,0x00,0x01,0x00,0x36,0x00,0x2E,0x00,0x02,0x00,0x40,0x00,0x0C,0x00,0x02,0x00,0x0A,0x00,0x10,0x00,0x16,0x00,0x1C,0x00,0x01,0x00,0xC7,0x00,0x00,
        0x00,0x01,0x00,0xC2,0x02,0xBC,0x00,0x01,0x00,0x87,0x00,0x00,0x00,0x01,0x00,0x87,0x02,0xBC,0x00,0x01,0x00,0x02,0x01,0xF9,0x01,0xFB,0x00,0x02,0x00,0x01,0x01,0x56,
        0x01,0x63,0x00,0x00,0x00,0x0E,0x00,0x01,0x00,0x3A,0x00,0x01,0x00,0x40,0x00,0x01,0x00,0x46,0x00,0x01,0x00,0x4C,0x00,0x01,0x00,0x52,0x00,0x01,0x00,0x58,0x00,0x01,
        0x00,0x5E,0x00,0x01,0x00,0x64,0x00,0x01,0x00,0x6A,0x00,0x01,0x00,0x70,0x00,0x01,0x00,0x76,0x00,0x01,0x00,0x7C,0x00,0x00,0x00,0x82,0x00,0x00,0x00,0x88,0x00,0x01,
        0x00,0x00,0x01,0xF7,0x00,0x01,0x00,0x00,0x01,0xF7,0x00,0x01,0x00,0x00,0x01,0xF7,0x00,0x01,0x00,0x00,0x01,0xF7,0x00,0x01,0x00,0x00,0x01,0xF7,0x00,0x01,0x00,0x00,
        0x01,0xF7,0x00,0x01,0x00,0x00,0x01,0xF7,0x00,0x01,0x00,0x00,0x01,0xF7,0x00,0x01,0x00,0x00,0x01,0xF7,0x00,0x01,0x00,0x00,0x01,0xF7,0x00,0x01,0x00,0x00,0x01,0xF7,
        0x00,0x01,0x00,0x00,0x01,0xF7,0x00,0x01,0x00,0x00,0x00,0x00,0x00,0x01,0x00,0x00,0x00,0x00,0x00,0x01,0x05,0x40,0x04,0xEE,0x00,0x04,0x05,0x4A,0x00,0x0C,0x00,0x27,
        0x01,0x3A,0x01,0x40,0x01,0x46,0x01,0x4C,0x01,0x52,0x01,0x58,0x01,0x5E,0x01,0x64,0x01,0x6A,0x01,0x70,0x01,0x76,0x01,0x7C,0x01,0x82,0x01,0x88,0x01,0x8E,0x01,0x94,
        0x01,0x9A,0x01,0xA0,0x01,0xA6,0x01,0xAC,0x01,0xB2,0x01,0xB8,0x01,0xBE,0x01,0xC4,0x01,0xCA,0x01,0xD0,0x01,0xD6,0x01,0xDC,0x01,0xE2,0x01,0xE8,0x01,0xEE,0x01,0xF4,
        0x01,0xFA,0x02,0x00,0x02,0x06,0x02,0x0C,0x02,0x12,0x02,0x18,0x02,0x1E,0x02,0x24,0x02,0x2A,0x02,0x30,0x02,0x36,0x02,0x3C,0x02,0x42,0x02,0x48,0x02,0x4E,0x02,0x54,
        0x02,0x5A,0x02,0x60,0x02,0x66,0x02,0x6C,0x02,0x72,0x02,0x78,0x02,0x7E,0x02,0x84,0x02,0x8A,0x02,0x90,0x02,0x96,0x02,0x9C,0x02,0xA2,0x02,0xA8,0x02,0xAE,0x02,0xB4,
        0x02,0xBA,0x02,0xC0,0x02,0xC6,0x02,0xCC,0x02,0xD2,0x02,0xD8,0x02,0xDE,0x02,0xE4,0x02,0xEA,0x02,0xF0,0x02,0xF6,0x02,0xFC,0x03,0x02,0x03,0x08,0x03,0x0E,0x03,0x14,
        0x03,0x1A,0x03,0x20,0x03,0x26,0x03,0x2C,0x03,0x32,0x03,0x38,0x03,0x3E,0x03,0x44,0x03,0x4A,0x03,0x50,0x03,0x56,0x03,0x5C,0x03,0x62,0x03,0x68,0x03,0x6E,0x03,0x74,
        0x03,0x7A,0x03,0x80,0x03,0x86,0x03,0x8C,0x03,0x92,0x03,0x98,0x03,0x9E,0x03,0xA4,0x03,0xAA,0x03,0xB0,0x03,0xB6,0x03,0xBC,0x03,0xC2,0x03,0xC8,0x03,0xCE,0x03,0xD4,
        0x03,0xDA,0x03,0xE0,0x03,0xE6,0x03,0xEC,0x03,0xF2,0x03,0xF8,0x03,0xFE,0x04,0x04,0x04,0x0A,0x04,0x10,0x04,0x16,0x04,0x1C,0x04,0x22,0x04,0x28,0x04,0x2E,0x04,0x34,
        0x04,0x3A,0x04,0x40,0x04,0x46,0x04,0x4C,0x04,0x52,0x04,0x58,0x04,0x5E,0x04,0x64,0x04,0x6A,0x04,0x70,0x04,0x76,0x04,0x7C,0x04,0x82,0x04,0x88,0x04,0x8E,0x04,0x94,
        0x04,0x9A,0x04,0xA0,0x04,0xA6,0x04,0xAC,0x04,0xB2,0x04,0xB8,0x04,0xBE,0x04,0xC4,0x04,0xCA,0x04,0xD0,0x04,0xD6,0x04,0xDC,0x00,0x01,0x00,0xBF,0x00,0x00,0x00,0x01,
        0x01,0x4F,0x00,0x00,0x00,0x01,0x00,0xBF,0x03,0x66,0x00,0x01,0x00,0x00,0x00,0x00,0x00,0x01,0x00,0xC8,0x00,0x00,0x00,0x01,0x00,0x00,0x00,0x00,0x00,0x01,0x00,0xC5,
        0x02,0xB2,0x00,0x01,0x00,0x00,0x00,0x00,0x00,0x01,0x00,0x57,0x00,0x00,0x00,0x01,0x00,0x9B,0x00,0x00,0x00,0x01,0x00,0x57,0x02,0xB2,0x00,0x01,0x00,0x00,0x00,0x00,
        0x00,0x01,0x00,0x57,0x00,0x00,0x00,0x01,0x00,0x9B,0x00,0x00,0x00,0x01,0x00,0x57,0x03,0x66,0x00,0x01,0x00,0x00,0x00,0x00,0x00,0x01,0x00,0xC8,0x00,0x00,0x00,0x01,
        0x01,0x7F,0x00,0x00,0x00,0x01,0x00,0xC8,0x02,0xB2,0x00,0x01,0x00,0x00,0x00,0x00,0x00,0x01,0x00,0xBE,0x00,0x00,0x00,0x01,0x00,0x00,0x00,0x00,0x00,0x01,0x00,0xBE,
        0x02,0xB2,0x00,0x01,0x00,0x00,0x00,0x00,0x00,0x01,0x00,0xBF,0x00,0x00,0x00,0x01,0x01,0x4F,0x00,0x00,0x00,0x01,0x00,0xBF,0x02,0xB2,0x00,0x01,0x00,0x00,0x00,0x00,
        0x00,0x01,0x00,0xD4,0x00,0x00,0x00,0x01,0x00,0x00,0x00,0x00,0x00,0x01,0x00,0xD4,0x02,0xB2,0x00,0x01,0x00,0x00,0x00,0x00,0x00,0x01,0x00,0xD4,0x00,0x00,0x00,0x01,
        0x00,0x00,0x00,0x00,0x00,0x01,0x00,0xD4,0x03,0x65,0x00,0x01,0x00,0x00,0x00,0x00,0x00,0x01,0x00,0xD8,0x00,0x00,0x00,0x01,0x00,0x00,0x00,0x00,0x00,0x01,0x00,0xD6,
        0x02,0xB2,0x00,0x01,0x00,0x00,0x00,0x00,0x00,0x01,0x01,0x08,0x00,0x00,0x00,0x01,0x00,0x00,0x00,0x00,0x00,0x01,0x01,0x08,0x02,0xB2,0x00,0x01,0x00,0x00,0x00,0x00,
        0x00,0x01,0x00,0xD9,0x00,0x00,0x00,0x01,0x00,0x00,0x00,0x00,0x00,0x01,0x00,0xD1,0x02,0xB2,0x00,0x01,0x00,0xD1,0x02,0x1C,0x00,0x01,0x00,0xC8,0x00,0x00,0x00,0x01,
        0x01,0x6B,0x00,0x0A,0x00,0x01,0x00,0xC8,0x02,0xB2,0x00,0x01,0x00,0xC8,0x01,0x5E,0x00,0x01,0x00,0xC4,0x00,0x00,0x00,0x01,0x00,0x00,0x00,0x00,0x00,0x01,0x00,0xBF,
        0x02,0xB2,0x00,0x01,0x00,0x00,0x00,0x00,0x00,0x01,0x00,0xC6,0x00,0x00,0x00,0x01,0x00,0x00,0x00,0x00,0x00,0x01,0x00,0xC3,0x02,0xB2,0x00,0x01,0x00,0x00,0x00,0x00,
        0x00,0x01,0x00,0xB4,0x00,0x00,0x00,0x01,0x00,0x00,0x00,0x00,0x00,0x01,0x00,0xB4,0x02,0xB2,0x00,0x01,0x00,0xB4,0x01,0x5E,0x00,0x01,0x00,0xCF,0x00,0x00,0x00,0x01,
        0x00,0x00,0x00,0x00,0x00,0x01,0x00,0xCF,0x02,0xBC,0x00,0x01,0x00,0x00,0x00,0x00,0x00,0x01,0x01,0xD7,0x00,0x00,0x00,0x01,0x02,0x1B,0x00,0x00,0x00,0x01,0x01,0xD7,
        0x02,0xB2,0x00,0x01,0x00,0x00,0x00,0x00,0x00,0x01,0x00,0xB8,0x00,0x00,0x00,0x01,0x00,0x00,0x00,0x00,0x00,0x01,0x00,0xBA,0x02,0xB2,0x00,0x01,0x00,0x00,0x00,0x00,
        0x00,0x01,0x00,0xC1,0x00,0x00,0x00,0x01,0x00,0x00,0x00,0x00,0x00,0x01,0x00,0xD2,0x02,0xB2,0x00,0x01,0x00,0x00,0x00,0x00,0x00,0x01,0x00,0x00,0x00,0x00,0x00,0x01,
        0x01,0x4F,0x00,0x00,0x00,0x01,0x00,0xB3,0x01,0xF7,0x00,0x01,0x00,0x00,0x00,0x00,0x00,0x01,0x00,0xBA,0x00,0x00,0x00,0x01,0x01,0x40,0x00,0x00,0x00,0x01,0x00,0xBA,
        0x01,0xF7,0x00,0x01,0x00,0x00,0x00,0x00,0x00,0x01,0x00,0x00,0x00,0x00,0x00,0x01,0x00,0x00,0x00,0x00,0x00,0x01,0x00,0xC6,0x01,0xF7,0x00,0x01,0x00,0x00,0x00,0x00,
        0x00,0x01,0x00,0x00,0x00,0x00,0x00,0x01,0x00,0x00,0x00,0x00,0x00,0x01,0x00,0xC6,0x02,0xAA,0x00,0x01,0x00,0x00,0x00,0x00,0x00,0x01,0x00,0xCD,0x00,0x00,0x00,0x01,
        0x00,0x00,0x00,0x00,0x00,0x01,0x00,0xC6,0x02,0x79,0x00,0x01,0x00,0x00,0x00,0x00,0x00,0x01,0x01,0x07,0x00,0x00,0x00,0x01,0x00,0x00,0x00,0x00,0x00,0x01,0x01,0x07,
        0x02,0xB2,0x00,0x01,0x00,0x00,0x00,0x00,0x00,0x01,0x00,0xBA,0x00,0x00,0x00,0x01,0x01,0x4E,0x00,0x0A,0x00,0x01,0x00,0xBA,0x01,0xF7,0x00,0x01,0x00,0xBA,0x00,0xFC,
        0x00,0x01,0x00,0xC1,0x00,0x00,0x00,0x01,0x00,0x00,0x00,0x00,0x00,0x01,0x00,0xC4,0x01,0xF7,0x00,0x01,0x00,0x00,0x00,0x00,0x00,0x01,0x00,0xB9,0x00,0x00,0x00,0x01,
        0x00,0x00,0x00,0x00,0x00,0x01,0x00,0xB7,0x01,0xF7,0x00,0x01,0x00,0x00,0x00,0x00,0x00,0x01,0x00,0xB2,0x00,0x00,0x00,0x01,0x00,0x00,0x00,0x00,0x00,0x01,0x00,0xB2,
        0x01,0xF7,0x00,0x01,0x00,0x00,0x00,0x00,0x00,0x01,0x00,0xDB,0x00,0x00,0x00,0x01,0x00,0x00,0x00,0x00,0x00,0x01,0x00,0xDB,0x02,0xAE,0x00,0x01,0x00,0x00,0x00,0x00,
        0x00,0x01,0x01,0xD0,0x00,0x00,0x00,0x01,0x02,0x14,0x00,0x00,0x00,0x01,0x01,0xD0,0x01,0xF7,0x00,0x01,0x00,0x00,0x00,0x00,0x00,0x01,0x00,0xB1,0x00,0x00,0x00,0x01,
        0x00,0x2A,0x00,0x00,0x00,0x01,0x00,0xB1,0x01,0xF7,0x00,0x01,0x00,0x00,0x00,0x00,0x00,0x01,0x01,0x70,0x00,0x00,0x00,0x01,0x02,0x05,0x00,0x0A,0x00,0x01,0x01,0x70,
        0x01,0xF7,0x00,0x01,0x01,0x70,0x00,0xFC,0x00,0x01,0x00,0xBD,0x00,0x00,0x00,0x01,0x00,0x00,0x00,0x00,0x00,0x01,0x00,0xCE,0x01,0xF0,0x00,0x01,0x00,0x00,0x00,0x00,
        0x00,0x01,0x00,0xBA,0x00,0x00,0x00,0x01,0x01,0x40,0x00,0x00,0x00,0x01,0x00,0xBA,0x02,0xAB,0x00,0x01,0x00,0x00,0x00,0x00,0x00,0x01,0x00,0xBA,0x00,0x00,0x00,0x01,
        0x01,0x40,0x00,0x00,0x00,0x01,0x00,0xBA,0x01,0xF7,0x00,0x01,0x00,0x00,0x00,0x00,0x00,0x01,0x00,0x55,0x00,0x00,0x00,0x01,0x00,0x99,0x00,0x00,0x00,0x01,0x00,0x55,
        0x02,0xAB,0x00,0x01,0x00,0x00,0x00,0x00,0x00,0x01,0x00,0x55,0x00,0x00,0x00,0x01,0x00,0x99,0x00,0x00,0x00,0x01,0x00,0x55,0x02,0xAB,0x00,0x01,0x00,0x00,0x00,0x00,
        0x00,0x01,0x00,0x27,0x01,0x6D,0x01,0x6E,0x01,0x6F,0x01,0x70,0x01,0x71,0x01,0x73,0x01,0x76,0x01,0x79,0x01,0x7A,0x01,0x7B,0x01,0x7D,0x01,0x7E,0x01,0x7F,0x01,0x81,
        0x01,0x82,0x01,0x83,0x01,0x86,0x01,0x8C,0x01,0x8E,0x01,0x90,0x01,0x91,0x01,0x96,0x01,0x99,0x01,0x9A,0x01,0x9B,0x01,0x9D,0x01,0x9F,0x01,0xA1,0x01,0xA2,0x01,0xA4,
        0x01,0xA6,0x01,0xAC,0x01,0xAE,0x01,0xAF,0x01,0xB0,0x01,0xB1,0x01,0xB2,0x01,0xB3,0x01,0xB4,0x00,0x02,0x00,0x01,0x01,0x56,0x01,0x68,0x00,0x00,0x00,0x13,0x00,0x02,
        0x00,0x4E,0x00,0x02,0x00,0x54,0x00,0x02,0x00,0x5A,0x00,0x02,0x00,0x60,0x00,0x02,0x00,0x66,0x00,0x02,0x00,0x6C,0x00,0x02,0x00,0x72,0x00,0x02,0x00,0x78,0x00,0x02,
        0x00,0x7E,0x00,0x02,0x00,0x84,0x00,0x02,0x00,0x8A,0x00,0x02,0x00,0x90,0x00,0x00,0x00,0x96,0x00,0x00,0x00,0x9C,0x00,0x01,0x00,0xA2,0x00,0x03,0x00,0xA8,0x00,0x03,
        0x00,0xAE,0x00,0x03,0x00,0xB4,0x00,0x03,0x00,0xBA,0x00,0x01,0x00,0x00,0x01,0xF7,0x00,0x01,0x00,0x00,0x01,0xF7,0x00,0x01,0x00,0x00,0x01,0xF7,0x00,0x01,0x00,0x00,
        0x01,0xF7,0x00,0x01,0x00,0x00,0x01,0xF7,0x00,0x01,0x00,0x00,0x01,0xF7,0x00,0x01,0x00,0x00,0x01,0xF7,0x00,0x01,0x00,0x00,0x01,0xF7,0x00,0x01,0x00,0x00,0x01,0xF7,
        0x00,0x01,0x00,0x00,0x01,0xF7,0x00,0x01,0x00,0x00,0x01,0xF7,0x00,0x01,0x00,0x00,0x01,0xF7,0x00,0x01,0x00,0x00,0x00,0x00,0x00,0x01,0x00,0x00,0x00,0x00,0x00,0x01,
        0x00,0x47,0x00,0x00,0x00,0x01,0x00,0x00,0x01,0x5E,0x00,0x01,0x00,0x00,0x01,0x5E,0x00,0x01,0x00,0x00,0x00,0xFC,0x00,0x01,0x00,0x00,0x01,0x5E,0x00,0x01,0x21,0x8C,
        0x21,0x2E,0x00,0x04,0x21,0x96,0x00,0x0C,0x01,0x09,0x08,0x4A,0x08,0x50,0x08,0x56,0x08,0x5C,0x08,0x62,0x08,0x68,0x08,0x6E,0x08,0x74,0x08,0x7A,0x08,0x80,0x08,0x86,
        0x08,0x8C,0x08,0x92,0x08,0x98,0x08,0x9E,0x08,0xA4,0x08,0xAA,0x08,0xB0,0x08,0xB6,0x08,0xBC,0x08,0xC2,0x08,0xC8,0x08,0xCE,0x08,0xD4,0x08,0xDA,0x08,0xE0,0x08,0xE6,
        0x08,0xEC,0x08,0xF2,0x08,0xF8,0x08,0xFE,0x09,0x04,0x09,0x0A,0x09,0x10,0x09,0x16,0x09,0x1C,0x09,0x22,0x09,0x28,0x09,0x2E,0x09,0x34,0x09,0x3A,0x09,0x40,0x09,0x46,
        0x09,0x4C,0x09,0x52,0x09,0x58,0x09,0x5E,0x09,0x64,0x09,0x6A,0x09,0x70,0x09,0x76,0x09,0x7C,0x09,0x82,0x09,0x88,0x09,0x8E,0x09,0x94,0x09,0x9A,0x09,0xA0,0x09,0xA6,
        0x09,0xAC,0x09,0xB2,0x09,0xB8,0x09,0xBE,0x09,0xC4,0x09,0xCA,0x09,0xD0,0x09,0xD6,0x09,0xDC,0x09,0xE2,0x09,0xE8,0x09,0xEE,0x09,0xF4,0x09,0xFA,0x0A,0x00,0x0A,0x06,
        0x0A,0x0C,0x0A,0x12,0x0A,0x18,0x0A,0x1E,0x0A,0x24,0x0A,0x2A,0x0A,0x30,0x0A,0x36,0x0A,0x3C,0x0A,0x42,0x0A,0x48,0x0A,0x4E,0x0A,0x54,0x0A,0x5A,0x0A,0x60,0x0A,0x66,
        0x0A,0x6C,0x0A,0x72,0x0A,0x78,0x0A,0x7E,0x0A,0x84,0x0A,0x8A,0x0A,0x90,0x0A,0x96,0x0A,0x9C,0x0A,0xA2,0x0A,0xA8,0x0A,0xAE,0x0A,0xB4,0x0A,0xBA,0x0A,0xC0,0x0A,0xC6,
        0x0A,0xCC,0x0A,0xD2,0x0A,0xD8,0x0A,0xDE,0x0A,0xE4,0x0A,0xEA,0x0A,0xF0,0x0A,0xF6,0x0A,0xFC,0x0B,0x02,0x0B,0x08,0x0B,0x0E,0x0B,0x14,0x0B,0x1A,0x0B,0x20,0x0B,0x26,
        0x0B,0x2C,0x0B,0x32,0x0B,0x38,0x0B,0x3E,0x0B,0x44,0x0B,0x4A,0x0B,0x50,0x0B,0x56,0x0B,0x5C,0x0B,0x62,0x0B,0x68,0x0B,0x6E,0x0B,0x74,0x0B,0x7A,0x0B,0x80,0x0B,0x86,
        0x0B,0x8C,0x0B,0x92,0x0B,0x98,0x0B,0x9E,0x0B,0xA4,0x0B,0xAA,0x0B,0xB0,0x0B,0xB6,0x0B,0xBC,0x0B,0xC2,0x0B,0xC8,0x0B,0xCE,0x0B,0xD4,0x0B,0xDA,0x0B,0xE0,0x0B,0xE6,
        0x0B,0xEC,0x0B,0xF2,0x0B,0xF8,0x0B,0xFE,0x0C,0x04,0x0C,0x0A,0x0C,0x10,0x0C,0x16,0x0C,0x1C,0x0C,0x22,0x0C,0x28,0x0C,0x2E,0x0C,0x34,0x0C,0x3A,0x0C,0x40,0x0C,0x46,
        0x0C,0x4C,0x0C,0x52,0x0C,0x58,0x0C,0x5E,0x0C,0x64,0x0C,0x6A,0x0C,0x70,0x0C,0x76,0x0C,0x7C,0x0C,0x82,0x0C,0x88,0x0C,0x8E,0x0C,0x94,0x0C,0x9A,0x0C,0xA0,0x0C,0xA6,
        0x0C,0xAC,0x0C,0xB2,0x0C,0xB8,0x0C,0xBE,0x0C,0xC4,0x0C,0xCA,0x0C,0xD0,0x0C,0xD6,0x0C,0xDC,0x0C,0xE2,0x0C,0xE8,0x0C,0xEE,0x0C,0xF4,0x0C,0xFA,0x0D,0x00,0x0D,0x06,
        0x0D,0x0C,0x0D,0x12,0x0D,0x18,0x0D,0x1E,0x0D,0x24,0x0D,0x2A,0x0D,0x30,0x0D,0x36,0x0D,0x3C,0x0D,0x42,0x0D,0x48,0x0D,0x4E,0x0D,0x54,0x0D,0x5A,0x0D,0x60,0x0D,0x66,
        0x0D,0x6C,0x0D,0x72,0x0D,0x78,0x0D,0x7E,0x0D,0x84,0x0D,0x8A,0x0D,0x90,0x0D,0x96,0x0D,0x9C,0x0D,0xA2,0x0D,0xA8,0x0D,0xAE,0x0D,0xB4,0x0D,0xBA,0x0D,0xC0,0x0D,0xC6,
        0x0D,0xCC,0x0D,0xD2,0x0D,0xD8,0x0D,0xDE,0x0D,0xE4,0x0D,0xEA,0x0D,0xF0,0x0D,0xF6,0x0D,0xFC,0x0E,0x02,0x0E,0x08,0x0E,0x0E,0x0E,0x14,0x0E,0x1A,0x0E,0x20,0x0E,0x26,
        0x0E,0x2C,0x0E,0x32,0x0E,0x38,0x0E,0x3E,0x0E,0x44,0x0E,0x4A,0x0E,0x50,0x0E,0x56,0x0E,0x5C,0x0E,0x62,0x0E,0x68,0x0E,0x6E,0x0E,0x74,0x0E,0x7A,0x0E,0x80,0x0E,0x86,
        0x0E,0x8C,0x0E,0x92,0x0E,0x98,0x0E,0x9E,0x0E,0xA4,0x0E,0xAA,0x0E,0xB0,0x0E,0xB6,0x0E,0xBC,0x0E,0xC2,0x0E,0xC8,0x0E,0xCE,0x0E,0xD4,0x0E,0xDA,0x0E,0xE0,0x0E,0xE6,
        0x0E,0xEC,0x0E,0xF2,0x0E,0xF8,0x0E,0xFE,0x0F,0x04,0x0F,0x0A,0x0F,0x10,0x0F,0x16,0x0F,0x1C,0x0F,0x22,0x0F,0x28,0x0F,0x2E,0x0F,0x34,0x0F,0x3A,0x0F,0x40,0x0F,0x46,
        0x0F,0x4C,0x0F,0x52,0x0F,0x58,0x0F,0x5E,0x0F,0x64,0x0F,0x6A,0x0F,0x70,0x0F,0x76,0x0F,0x7C,0x0F,0x82,0x0F,0x88,0x0F,0x8E,0x0F,0x94,0x0F,0x9A,0x0F,0xA0,0x0F,0xA6,
        0x0F,0xAC,0x0F,0xB2,0x0F,0xB8,0x0F,0xBE,0x0F,0xC4,0x0F,0xCA,0x0F,0xD0,0x0F,0xD6,0x0F,0xDC,0x0F,0xE2,0x0F,0xE8,0x0F,0xEE,0x0F,0xF4,0x0F,0xFA,0x10,0x00,0x10,0x06,
        0x10,0x0C,0x10,0x12,0x10,0x18,0x10,0x1E,0x10,0x24,0x10,0x2A,0x10,0x30,0x10,0x36,0x10,0x3C,0x10,0x42,0x10,0x48,0x10,0x4E,0x10,0x54,0x10,0x5A,0x10,0x60,0x10,0x66,
        0x10,0x6C,0x10,0x72,0x10,0x78,0x10,0x7E,0x10,0x84,0x10,0x8A,0x10,0x90,0x10,0x96,0x10,0x9C,0x10,0xA2,0x10,0xA8,0x10,0xAE,0x10,0xB4,0x10,0xBA,0x10,0xC0,0x10,0xC6,
        0x10,0xCC,0x10,0xD2,0x10,0xD8,0x10,0xDE,0x10,0xE4,0x10,0xEA,0x10,0xF0,0x10,0xF6,0x10,0xFC,0x11,0x02,0x11,0x08,0x11,0x0E,0x11,0x14,0x11,0x1A,0x11,0x20,0x11,0x26,
        0x11,0x2C,0x11,0x32,0x11,0x38,0x11,0x3E,0x11,0x44,0x11,0x4A,0x11,0x50,0x11,0x56,0x11,0x5C,0x11,0x62,0x11,0x68,0x11,0x6E,0x11,0x74,0x11,0x7A,0x11,0x80,0x11,0x86,
        0x11,0x8C,0x11,0x92,0x11,0x98,0x11,0x9E,0x11,0xA4,0x11,0xAA,0x11,0xB0,0x11,0xB6,0x11,0xBC,0x11,0xC2,0x11,0xC8,0x11,0xCE,0x11,0xD4,0x11,0xDA,0x11,0xE0,0x11,0xE6,
        0x11,0xEC,0x11,0xF2,0x11,0xF8,0x11,0xFE,0x12,0x04,0x12,0x0A,0x12,0x10,0x12,0x16,0x12,0x1C,0x12,0x22,0x12,0x28,0x12,0x2E,0x12,0x34,0x12,0x3A,0x12,0x40,0x12,0x46,
        0x12,0x4C,0x12,0x52,0x12,0x58,0x12,0x5E,0x12,0x64,0x12,0x6A,0x12,0x70,0x12,0x76,0x12,0x7C,0x12,0x82,0x12,0x88,0x12,0x8E,0x12,0x94,0x12,0x9A,0x12,0xA0,0x12,0xA6,
        0x12,0xAC,0x12,0xB2,0x12,0xB8,0x12,0xBE,0x12,0xC4,0x12,0xCA,0x12,0xD0,0x12,0xD6,0x12,0xDC,0x12,0xE2,0x12,0xE8,0x12,0xEE,0x12,0xF4,0x12,0xFA,0x13,0x00,0x13,0x06,
        0x13,0x0C,0x13,0x12,0x13,0x18,0x13,0x1E,0x13,0x24,0x13,0x2A,0x13,0x30,0x13,0x36,0x13,0x3C,0x13,0x42,0x13,0x48,0x13,0x4E,0x13,0x54,0x13,0x5A,0x13,0x60,0x13,0x66,
        0x13,0x6C,0x13,0x72,0x13,0x78,0x13,0x7E,0x13,0x84,0x13,0x8A,0x13,0x90,0x13,0x96,0x13,0x9C,0x13,0xA2,0x13,0xA8,0x13,0xAE,0x13,0xB4,0x13,0xBA,0x13,0xC0,0x13,0xC6,
        0x13,0xCC,0x13,0xD2,0x13,0xD8,0x13,0xDE,0x13,0xE4,0x13,0xEA,0x13,0xF0,0x13,0xF6,0x13,0xFC,0x14,0x02,0x14,0x08,0x14,0x0E,0x14,0x14,0x14,0x1A,0x14,0x20,0x14,0x26,
        0x14,0x2C,0x14,0x32,0x14,0x38,0x14,0x3E,0x14,0x44,0x14,0x4A,0x14,0x50,0x14,0x56,0x14,0x5C,0x14,0x62,0x14,0x68,0x14,0x6E,0x14,0x74,0x14,0x7A,0x14,0x80,0x14,0x86,
        0x14,0x8C,0x14,0x92,0x14,0x98,0x14,0x9E,0x14,0xA4,0x14,0xAA,0x14,0xB0,0x14,0xB6,0x14,0xBC,0x14,0xC2,0x14,0xC8,0x14,0xCE,0x14,0xD4,0x14,0xDA,0x14,0xE0,0x14,0xE6,
        0x14,0xEC,0x14,0xF2,0x14,0xF8,0x14,0xFE,0x15,0x04,0x15,0x0A,0x15,0x10,0x15,0x16,0x15,0x1C,0x15,0x22,0x15,0x28,0x15,0x2E,0x15,0x34,0x15,0x3A,0x15,0x40,0x15,0x46,
        0x15,0x4C,0x15,0x52,0x15,0x58,0x15,0x5E,0x15,0x64,0x15,0x6A,0x15,0x70,0x15,0x76,0x15,0x7C,0x15,0x82,0x15,0x88,0x15,0x8E,0x15,0x94,0x15,0x9A,0x15,0xA0,0x15,0xA6,
        0x15,0xAC,0x15,0xB2,0x15,0xB8,0x15,0xBE,0x15,0xC4,0x15,0xCA,0x15,0xD0,0x15,0xD6,0x15,0xDC,0x15,0xE2,0x15,0xE8,0x15,0xEE,0x15,0xF4,0x15,0xFA,0x16,0x00,0x16,0x06,
        0x16,0x0C,0x16,0x12,0x16,0x18,0x16,0x1E,0x16,0x24,0x16,0x2A,0x16,0x30,0x16,0x36,0x16,0x3C,0x16,0x42,0x16,0x48,0x16,0x4E,0x16,0x54,0x16,0x5A,0x16,0x60,0x16,0x66,
        0x16,0x6C,0x16,0x72,0x16,0x78,0x16,0x7E,0x16,0x84,0x16,0x8A,0x16,0x90,0x16,0x96,0x16,0x9C,0x16,0xA2,0x16,0xA8,0x16,0xAE,0x16,0xB4,0x16,0xBA,0x16,0xC0,0x16,0xC6,
        0x16,0xCC,0x16,0xD2,0x16,0xD8,0x16,0xDE,0x16,0xE4,0x16,0xEA,0x16,0xF0,0x16,0xF6,0x16,0xFC,0x17,0x02,0x17,0x08,0x17,0x0E,0x17,0x14,0x17,0x1A,0x17,0x20,0x17,0x26,
        0x17,0x2C,0x17,0x32,0x17,0x38,0x17,0x3E,0x17,0x44,0x17,0x4A,0x17,0x50,0x17,0x56,0x17,0x5C,0x17,0x62,0x17,0x68,0x17,0x6E,0x17,0x74,0x17,0x7A,0x17,0x80,0x17,0x86,
        0x17,0x8C,0x17,0x92,0x17,0x98,0x17,0x9E,0x17,0xA4,0x17,0xAA,0x17,0xB0,0x17,0xB6,0x17,0xBC,0x17,0xC2,0x17,0xC8,0x17,0xCE,0x17,0xD4,0x17,0xDA,0x17,0xE0,0x17,0xE6,
        0x17,0xEC,0x17,0xF2,0x17,0xF8,0x17,0xFE,0x18,0x04,0x18,0x0A,0x18,0x10,0x18,0x16,0x18,0x1C,0x18,0x22,0x18,0x28,0x18,0x2E,0x18,0x34,0x18,0x3A,0x18,0x40,0x18,0x46,
        0x18,0x4C,0x18,0x52,0x18,0x58,0x18,0x5E,0x18,0x64,0x18,0x6A,0x18,0x70,0x18,0x76,0x18,0x7C,0x18,0x82,0x18,0x88,0x18,0x8E,0x18,0x94,0x18,0x9A,0x18,0xA0,0x18,0xA6,
        0x18,0xAC,0x18,0xB2,0x18,0xB8,0x18,0xBE,0x18,0xC4,0x18,0xCA,0x18,0xD0,0x18,0xD6,0x18,0xDC,0x18,0xE2,0x18,0xE8,0x18,0xEE,0x18,0xF4,0x18,0xFA,0x19,0x00,0x19,0x06,
        0x19,0x0C,0x19,0x12,0x19,0x18,0x19,0x1E,0x19,0x24,0x19,0x2A,0x19,0x30,0x19,0x36,0x19,0x3C,0x19,0x42,0x19,0x48,0x19,0x4E,0x19,0x54,0x19,0x5A,0x19,0x60,0x19,0x66,
        0x19,0x6C,0x19,0x72,0x19,0x78,0x19,0x7E,0x19,0x84,0x19,0x8A,0x19,0x90,0x19,0x96,0x19,0x9C,0x19,0xA2,0x19,0xA8,0x19,0xAE,0x19,0xB4,0x19,0xBA,0x19,0xC0,0x19,0xC6,
        0x19,0xCC,0x19,0xD2,0x19,0xD8,0x19,0xDE,0x19,0xE4,0x19,0xEA,0x19,0xF0,0x19,0xF6,0x19,0xFC,0x1A,0x02,0x1A,0x08,0x1A,0x0E,0x1A,0x14,0x1A,0x1A,0x1A,0x20,0x1A,0x26,
        0x1A,0x2C,0x1A,0x32,0x1A,0x38,0x1A,0x3E,0x1A,0x44,0x1A,0x4A,0x1A,0x50,0x1A,0x56,0x1A,0x5C,0x1A,0x62,0x1A,0x68,0x1A,0x6E,0x1A,0x74,0x1A,0x7A,0x1A,0x80,0x1A,0x86,
        0x1A,0x8C,0x1A,0x92,0x1A,0x98,0x1A,0x9E,0x1A,0xA4,0x1A,0xAA,0x1A,0xB0,0x1A,0xB6,0x1A,0xBC,0x1A,0xC2,0x1A,0xC8,0x1A,0xCE,0x1A,0xD4,0x1A,0xDA,0x1A,0xE0,0x1A,0xE6,
        0x1A,0xEC,0x1A,0xF2,0x1A,0xF8,0x1A,0xFE,0x1B,0x04,0x1B,0x0A,0x1B,0x10,0x1B,0x16,0x1B,0x1C,0x1B,0x22,0x1B,0x28,0x1B,0x2E,0x1B,0x34,0x1B,0x3A,0x1B,0x40,0x1B,0x46,
        0x1B,0x4C,0x1B,0x52,0x1B,0x58,0x1B,0x5E,0x1B,0x64,0x1B,0x6A,0x1B,0x70,0x1B,0x76,0x1B,0x7C,0x1B,0x82,0x1B,0x88,0x1B,0x8E,0x1B,0x94,0x1B,0x9A,0x1B,0xA0,0x1B,0xA6,
        0x1B,0xAC,0x1B,0xB2,0x1B,0xB8,0x1B,0xBE,0x1B,0xC4,0x1B,0xCA,0x1B,0xD0,0x1B,0xD6,0x1B,0xDC,0x1B,0xE2,0x1B,0xE8,0x1B,0xEE,0x1B,0xF4,0x1B,0xFA,0x1C,0x00,0x1C,0x06,
        0x1C,0x0C,0x1C,0x12,0x1C,0x18,0x1C,0x1E,0x1C,0x24,0x1C,0x2A,0x1C,0x30,0x1C,0x36,0x1C,0x3C,0x1C,0x42,0x1C,0x48,0x1C,0x4E,0x1C,0x54,0x1C,0x5A,0x1C,0x60,0x1C,0x66,
        0x1C,0x6C,0x1C,0x72,0x1C,0x78,0x1C,0x7E,0x1C,0x84,0x1C,0x8A,0x1C,0x90,0x1C,0x96,0x1C,0x9C,0x1C,0xA2,0x1C,0xA8,0x1C,0xAE,0x1C,0xB4,0x1C,0xBA,0x1C,0xC0,0x1C,0xC6,
        0x1C,0xCC,0x1C,0xD2,0x1C,0xD8,0x1C,0xDE,0x1C,0xE4,0x1C,0xEA,0x1C,0xF0,0x1C,0xF6,0x1C,0xFC,0x1D,0x02,0x1D,0x08,0x1D,0x0E,0x1D,0x14,0x1D,0x1A,0x1D,0x20,0x1D,0x26,
        0x1D,0x2C,0x1D,0x32,0x1D,0x38,0x1D,0x3E,0x1D,0x44,0x1D,0x4A,0x1D,0x50,0x1D,0x56,0x1D,0x5C,0x1D,0x62,0x1D,0x68,0x1D,0x6E,0x1D,0x74,0x1D,0x7A,0x1D,0x80,0x1D,0x86,
        0x1D,0x8C,0x1D,0x92,0x1D,0x98,0x1D,0x9E,0x1D,0xA4,0x1D,0xAA,0x1D,0xB0,0x1D,0xB6,0x1D,0xBC,0x1D,0xC2,0x1D,0xC8,0x1D,0xCE,0x1D,0xD4,0x1D,0xDA,0x1D,0xE0,0x1D,0xE6,
        0x1D,0xEC,0x1D,0xF2,0x1D,0xF8,0x1D,0xFE,0x1E,0x04,0x1E,0x0A,0x1E,0x10,0x1E,0x16,0x1E,0x1C,0x1E,0x22,0x1E,0x28,0x1E,0x2E,0x1E,0x34,0x1E,0x3A,0x1E,0x40,0x1E,0x46,
        0x1E,0x4C,0x1E,0x52,0x1E,0x58,0x1E,0x5E,0x1E,0x64,0x1E,0x6A,0x1E,0x70,0x1E,0x76,0x1E,0x7C,0x1E,0x82,0x1E,0x88,0x1E,0x8E,0x1E,0x94,0x1E,0x9A,0x1E,0xA0,0x1E,0xA6,
        0x1E,0xAC,0x1E,0xB2,0x1E,0xB8,0x1E,0xBE,0x1E,0xC4,0x1E,0xCA,0x1E,0xD0,0x1E,0xD6,0x1E,0xDC,0x1E,0xE2,0x1E,0xE8,0x1E,0xEE,0x1E,0xF4,0x1E,0xFA,0x1F,0x00,0x1F,0x06,
        0x1F,0x0C,0x1F,0x12,0x1F,0x18,0x1F,0x1E,0x1F,0x24,0x1F,0x2A,0x1F,0x30,0x1F,0x36,0x1F,0x3C,0x1F,0x42,0x1F,0x48,0x1F,0x4E,0x1F,0x54,0x1F,0x5A,0x1F,0x60,0x1F,0x66,
        0x1F,0x6C,0x1F,0x72,0x1F,0x78,0x1F,0x7E,0x1F,0x84,0x1F,0x8A,0x1F,0x90,0x1F,0x96,0x1F,0x9C,0x1F,0xA2,0x1F,0xA8,0x1F,0xAE,0x1F,0xB4,0x1F,0xBA,0x1F,0xC0,0x1F,0xC6,
        0x1F,0xCC,0x1F,0xD2,0x1F,0xD8,0x1F,0xDE,0x1F,0xE4,0x1F,0xEA,0x1F,0xF0,0x1F,0xF6,0x1F,0xFC,0x20,0x02,0x20,0x08,0x20,0x0E,0x20,0x14,0x20,0x1A,0x20,0x20,0x20,0x26,
        0x20,0x2C,0x20,0x32,0x20,0x38,0x20,0x3E,0x20,0x44,0x20,0x4A,0x20,0x50,0x20,0x56,0x20,0x5C,0x20,0x62,0x20,0x68,0x20,0x6E,0x20,0x74,0x20,0x7A,0x20,0x80,0x20,0x86,
        0x20,0x8C,0x20,0x92,0x20,0x98,0x20,0x9E,0x20,0xA4,0x20,0xAA,0x20,0xB0,0x20,0xB6,0x20,0xBC,0x20,0xC2,0x20,0xC8,0x20,0xCE,0x20,0xD4,0x20,0xDA,0x20,0xE0,0x20,0xE6,
        0x20,0xEC,0x20,0xF2,0x20,0xF8,0x20,0xFE,0x21,0x04,0x21,0x0A,0x21,0x10,0x21,0x16,0x21,0x1C,0x00,0x01,0x00,0xC8,0x00,0x00,0x00,0x01,0x01,0x7F,0x00,0x00,0x00,0x01,
        0x00,0xC8,0x02,0xB2,0x00,0x01,0x00,0x00,0x00,0x00,0x00,0x01,0x00,0xBE,0x00,0x00,0x00,0x01,0x00,0x00,0x00,0x00,0x00,0x01,0x00,0xBE,0x02,0xB2,0x00,0x01,0x00,0x00,
        0x00,0x00,0x00,0x01,0x00,0xC6,0x00,0x00,0x00,0x01,0x00,0x00,0x00,0x00,0x00,0x01,0x00,0xC3,0x02,0xB2,0x00,0x01,0x00,0x00,0x00,0x00,0x00,0x01,0x00,0xC2,0x00,0x00,
        0x00,0x01,0x00,0x00,0x00,0x00,0x00,0x01,0x00,0xC2,0x02,0xB2,0x00,0x01,0x00,0x67,0x01,0x6D,0x00,0x01,0x00,0xBF,0x00,0x00,0x00,0x01,0x01,0x4F,0x00,0x00,0x00,0x01,
        0x00,0xBF,0x02,0xB2,0x00,0x01,0x00,0x00,0x00,0x00,0x00,0x01,0x00,0xB3,0x00,0x00,0x00,0x01,0x00,0x00,0x00,0x00,0x00,0x01,0x00,0xBA,0x02,0xB2,0x00,0x01,0x00,0x00,
        0x00,0x00,0x00,0x01,0x00,0xC6,0x00,0x00,0x00,0x01,0x00,0x00,0x00,0x00,0x00,0x01,0x00,0xC5,0x02,0xB2,0x00,0x01,0x00,0x00,0x00,0x00,0x00,0x01,0x00,0xD9,0x00,0x00,
        0x00,0x01,0x00,0x00,0x00,0x00,0x00,0x01,0x00,0xD1,0x02,0xB2,0x00,0x01,0x00,0xD1,0x02,0x1C,0x00,0x01,0x00,0x57,0x00,0x00,0x00,0x01,0x00,0x9B,0x00,0x00,0x00,0x01,
        0x00,0x57,0x02,0xB2,0x00,0x01,0x00,0x00,0x00,0x00,0x00,0x01,0x00,0x86,0x00,0x00,0x00,0x01,0x00,0x00,0x00,0x00,0x00,0x01,0x00,0xA8,0x02,0xB2,0x00,0x01,0x00,0x00,
        0x00,0x00,0x00,0x01,0x00,0xD8,0x00,0x00,0x00,0x01,0x00,0x00,0x00,0x00,0x00,0x01,0x00,0xD6,0x02,0xB2,0x00,0x01,0x00,0x00,0x00,0x00,0x00,0x01,0x00,0xBC,0x00,0x00,
        0x00,0x01,0x00,0x00,0x00,0x00,0x00,0x01,0x00,0x61,0x02,0xB2,0x00,0x01,0x00,0xB3,0x01,0x5E,0x00,0x01,0x01,0x08,0x00,0x00,0x00,0x01,0x00,0x00,0x00,0x00,0x00,0x01,
        0x01,0x08,0x02,0xB2,0x00,0x01,0x00,0x00,0x00,0x00,0x00,0x01,0x00,0xD5,0x00,0x00,0x00,0x01,0x00,0x00,0x00,0x00,0x00,0x01,0x00,0xD5,0x02,0xB2,0x00,0x01,0x00,0x00,
        0x00,0x00,0x00,0x01,0x00,0xC8,0x00,0x00,0x00,0x01,0x01,0x6B,0x00,0x0A,0x00,0x01,0x00,0xC8,0x02,0xB2,0x00,0x01,0x00,0xC8,0x01,0x5E,0x00,0x01,0x00,0xC4,0x00,0x00,
        0x00,0x01,0x00,0x00,0x00,0x00,0x00,0x01,0x00,0xBF,0x02,0xB2,0x00,0x01,0x00,0x00,0x00,0x00,0x00,0x01,0x00,0xC8,0x00,0x00,0x00,0x01,0x01,0x6B,0x00,0x0A,0x00,0x01,
        0x00,0xC8,0x02,0xB2,0x00,0x01,0x00,0xC8,0x01,0x5E,0x00,0x01,0x00,0xD1,0x00,0x00,0x00,0x01,0x00,0x00,0x00,0x00,0x00,0x01,0x00,0xBF,0x02,0xB2,0x00,0x01,0x00,0x00,
        0x00,0x00,0x00,0x01,0x00,0xB8,0x00,0x00,0x00,0x01,0x00,0x00,0x00,0x00,0x00,0x01,0x00,0xB8,0x02,0xB2,0x00,0x01,0x00,0x00,0x00,0x00,0x00,0x01,0x00,0xB4,0x00,0x00,
        0x00,0x01,0x00,0x00,0x00,0x00,0x00,0x01,0x00,0xB4,0x02,0xB2,0x00,0x01,0x00,0xB4,0x01,0x5E,0x00,0x01,0x00,0xCA,0x00,0x00,0x00,0x01,0x01,0x2A,0x00,0x00,0x00,0x01,
        0x00,0xCA,0x02,0xB2,0x00,0x01,0x00,0x00,0x00,0x00,0x00,0x01,0x00,0xC2,0x00,0x00,0x00,0x01,0x00,0x00,0x00,0x00,0x00,0x01,0x00,0xC2,0x02,0xB2,0x00,0x01,0x00,0x00,
        0x00,0x00,0x00,0x01,0x01,0x17,0x00,0x00,0x00,0x01,0x00,0x00,0x00,0x00,0x00,0x01,0x01,0x17,0x02,0xB2,0x00,0x01,0x00,0x00,0x00,0x00,0x00,0x01,0x00,0xCF,0x00,0x00,
        0x00,0x01,0x00,0x00,0x00,0x00,0x00,0x01,0x00,0xCF,0x02,0xBC,0x00,0x01,0x00,0x00,0x00,0x00,0x00,0x01,0x00,0xC3,0x00,0x00,0x00,0x01,0x00,0x00,0x00,0x00,0x00,0x01,
        0x00,0xC3,0x02,0xB2,0x00,0x01,0x00,0x00,0x00,0x00,0x00,0x01,0x00,0xB1,0x00,0x00,0x00,0x01,0x00,0x00,0x00,0x00,0x00,0x01,0x00,0xB6,0x02,0xB2,0x00,0x01,0x00,0x00,
        0x00,0x00,0x00,0x01,0x00,0x00,0x00,0x00,0x00,0x01,0x01,0x4F,0x00,0x00,0x00,0x01,0x00,0xB3,0x01,0xF7,0x00,0x01,0x00,0x00,0x00,0x00,0x00,0x01,0x00,0xC1,0x00,0x00,
        0x00,0x01,0x00,0x00,0x00,0x00,0x00,0x01,0x00,0x55,0x02,0xB2,0x00,0x01,0x00,0x00,0x00,0x00,0x00,0x01,0x00,0xB9,0x00,0x00,0x00,0x01,0x00,0x00,0x00,0x00,0x00,0x01,
        0x00,0xB7,0x01,0xF7,0x00,0x01,0x00,0x00,0x00,0x00,0x00,0x01,0x00,0xB9,0x00,0x00,0x00,0x01,0x00,0x00,0x00,0x00,0x00,0x01,0x01,0x2A,0x02,0xB2,0x00,0x01,0x01,0x1B,
        0x02,0x58,0x00,0x01,0x00,0xBA,0x00,0x00,0x00,0x01,0x01,0x40,0x00,0x00,0x00,0x01,0x00,0xBA,0x01,0xF7,0x00,0x01,0x00,0x00,0x00,0x00,0x00,0x01,0x00,0x85,0x00,0x00,
        0x00,0x01,0x00,0x00,0x00,0x00,0x00,0x01,0x00,0x9C,0x02,0xB2,0x00,0x01,0x00,0x00,0x00,0x00,0x00,0x01,0x00,0xBF,0xFF,0x65,0x00,0x01,0x00,0x00,0x00,0x00,0x00,0x01,
        0x00,0xB5,0x01,0xF7,0x00,0x01,0x00,0x00,0x00,0x00,0x00,0x01,0x00,0xC1,0x00,0x00,0x00,0x01,0x00,0x00,0x00,0x00,0x00,0x01,0x00,0x55,0x02,0xB2,0x00,0x01,0x00,0x65,
        0x02,0x58,0x00,0x01,0x00,0x55,0x00,0x00,0x00,0x01,0x00,0x99,0x00,0x00,0x00,0x01,0x00,0x55,0x02,0xAB,0x00,0x01,0x00,0x00,0x00,0x00,0x00,0x01,0x00,0x55,0xFF,0x65,
        0x00,0x01,0x00,0x00,0x00,0x00,0x00,0x01,0x00,0x55,0x02,0xAB,0x00,0x01,0x00,0x00,0x00,0x00,0x00,0x01,0x00,0xCC,0x00,0x00,0x00,0x01,0x00,0x00,0x00,0x00,0x00,0x01,
        0x00,0x00,0x00,0x00,0x00,0x01,0x00,0x00,0x00,0x00,0x00,0x01,0x00,0x55,0x00,0x00,0x00,0x01,0x00,0x00,0x00,0x00,0x00,0x01,0x00,0x55,0x02,0xB2,0x00,0x01,0x00,0x55,
        0x01,0x5E,0x00,0x01,0x01,0x27,0x00,0x00,0x00,0x01,0x00,0x00,0x00,0x00,0x00,0x01,0x01,0x27,0x01,0xF7,0x00,0x01,0x00,0x00,0x00,0x00,0x00,0x01,0x00,0xC1,0x00,0x00,
        0x00,0x01,0x00,0x00,0x00,0x00,0x00,0x01,0x00,0xC1,0x01,0xF7,0x00,0x01,0x00,0x00,0x00,0x00,0x00,0x01,0x00,0xBA,0x00,0x00,0x00,0x01,0x01,0x4E,0x00,0x0A,0x00,0x01,
        0x00,0xBA,0x01,0xF7,0x00,0x01,0x00,0xBA,0x00,0xFC,0x00,0x01,0x00,0xC1,0x00,0x00,0x00,0x01,0x00,0x00,0x00,0x00,0x00,0x01,0x00,0xC4,0x01,0xF7,0x00,0x01,0x00,0x00,
        0x00,0x00,0x00,0x01,0x00,0x55,0x00,0x00,0x00,0x01,0x00,0x00,0x00,0x00,0x00,0x01,0x00,0x8E,0x01,0xF7,0x00,0x01,0x00,0x00,0x00,0x00,0x00,0x01,0x00,0xAA,0x00,0x00,
        0x00,0x01,0x00,0x00,0x00,0x00,0x00,0x01,0x00,0xA7,0x01,0xF7,0x00,0x01,0x00,0x00,0x00,0x00,0x00,0x01,0x00,0x9A,0x00,0x00,0x00,0x01,0x00,0x00,0x00,0x00,0x00,0x01,
        0x00,0x79,0x02,0x7E,0x00,0x01,0x00,0x7F,0x01,0x04,0x00,0x01,0x00,0xC1,0x00,0x00,0x00,0x01,0x01,0x56,0x00,0x00,0x00,0x01,0x00,0xBF,0x01,0xF7,0x00,0x01,0x00,0x00,
        0x00,0x00,0x00,0x01,0x00,0xB2,0x00,0x00,0x00,0x01,0x00,0x00,0x00,0x00,0x00,0x01,0x00,0xB3,0x01,0xF7,0x00,0x01,0x00,0x00,0x00,0x00,0x00,0x01,0x01,0x0C,0x00,0x00,
        0x00,0x01,0x00,0x00,0x00,0x00,0x00,0x01,0x01,0x0C,0x01,0xF7,0x00,0x01,0x00,0x00,0x00,0x00,0x00,0x01,0x00,0xDB,0x00,0x00,0x00,0x01,0x00,0x00,0x00,0x00,0x00,0x01,
        0x00,0xDB,0x02,0xAE,0x00,0x01,0x00,0x00,0x00,0x00,0x00,0x01,0x00,0xB2,0x00,0x00,0x00,0x01,0x00,0x00,0x00,0x00,0x00,0x01,0x00,0xB2,0x01,0xF7,0x00,0x01,0x00,0x00,
        0x00,0x00,0x00,0x01,0x00,0xA4,0x00,0x00,0x00,0x01,0x00,0x00,0x00,0x00,0x00,0x01,0x00,0xA8,0x01,0xF7,0x00,0x01,0x00,0xA4,0x00,0xFC,0x00,0x01,0x00,0xC8,0x00,0x00,
        0x00,0x01,0x01,0x7F,0x00,0x00,0x00,0x01,0x00,0xC8,0x03,0x70,0x00,0x01,0x00,0x00,0x00,0x00,0x00,0x01,0x00,0xC8,0x00,0x00,0x00,0x01,0x01,0x7F,0x00,0x00,0x00,0x01,
        0x00,0xC8,0x03,0x70,0x00,0x01,0x00,0x00,0x00,0x00,0x00,0x01,0x00,0xC8,0x00,0x00,0x00,0x01,0x01,0x7F,0x00,0x00,0x00,0x01,0x00,0xC8,0x03,0x70,0x00,0x01,0x00,0x00,
        0x00,0x00,0x00,0x01,0x00,0xC8,0x00,0x00,0x00,0x01,0x01,0x7F,0x00,0x00,0x00,0x01,0x00,0xC8,0x03,0x59,0x00,0x01,0x00,0x00,0x00,0x00,0x00,0x01,0x00,0xC8,0x00,0x00,
        0x00,0x01,0x01,0x7F,0x00,0x00,0x00,0x01,0x00,0xC8,0x03,0x66,0x00,0x01,0x00,0x00,0x00,0x00,0x00,0x01,0x00,0xC8,0x00,0x00,0x00,0x01,0x01,0x7F,0x00,0x00,0x00,0x01,
        0x00,0xC8,0x03,0x8E,0x00,0x01,0x00,0x00,0x00,0x00,0x00,0x01,0x01,0x18,0x00,0x00,0x00,0x01,0x00,0x00,0x00,0x00,0x00,0x01,0x01,0x27,0x02,0xB2,0x00,0x01,0x00,0x00,
        0x00,0x00,0x00,0x01,0x00,0xC6,0xFF,0x65,0x00,0x01,0x00,0x00,0x00,0x00,0x00,0x01,0x00,0xC3,0x02,0xB2,0x00,0x01,0x00,0x00,0x00,0x00,0x00,0x01,0x00,0xBF,0x00,0x00,
        0x00,0x01,0x01,0x4F,0x00,0x00,0x00,0x01,0x00,0xBF,0x03,0x70,0x00,0x01,0x00,0x00,0x00,0x00,0x00,0x01,0x00,0xBF,0x00,0x00,0x00,0x01,0x01,0x4F,0x00,0x00,0x00,0x01,
        0x00,0xBF,0x03,0x70,0x00,0x01,0x00,0x00,0x00,0x00,0x00,0x01,0x00,0xBF,0x00,0x00,0x00,0x01,0x01,0x4F,0x00,0x00,0x00,0x01,0x00,0xBF,0x03,0x70,0x00,0x01,0x00,0x00,
        0x00,0x00,0x00,0x01,0x00,0xBF,0x00,0x00,0x00,0x01,0x01,0x4F,0x00,0x00,0x00,0x01,0x00,0xBF,0x03,0x66,0x00,0x01,0x00,0x00,0x00,0x00,0x00,0x01,0x00,0x57,0x00,0x00,
        0x00,0x01,0x00,0x9B,0x00,0x00,0x00,0x01,0x00,0x57,0x03,0x70,0x00,0x01,0x00,0x00,0x00,0x00,0x00,0x01,0x00,0x57,0x00,0x00,0x00,0x01,0x00,0x9B,0x00,0x00,0x00,0x01,
        0x00,0x57,0x03,0x70,0x00,0x01,0x00,0x00,0x00,0x00,0x00,0x01,0x00,0x57,0x00,0x00,0x00,0x01,0x00,0x9B,0x00,0x00,0x00,0x01,0x00,0x57,0x03,0x70,0x00,0x01,0x00,0x00,
        0x00,0x00,0x00,0x01,0x00,0x57,0x00,0x00,0x00,0x01,0x00,0x9B,0x00,0x00,0x00,0x01,0x00,0x57,0x03,0x66,0x00,0x01,0x00,0x00,0x00,0x00,0x00,0x01,0x00,0xD1,0x00,0x00,
        0x00,0x01,0x00,0x00,0x00,0x00,0x00,0x01,0x00,0xD1,0x02,0xB2,0x00,0x01,0x00,0x76,0x01,0x6D,0x00,0x01,0x00,0xD5,0x00,0x00,0x00,0x01,0x00,0x00,0x00,0x00,0x00,0x01,
        0x00,0xD5,0x03,0x59,0x00,0x01,0x00,0x00,0x00,0x00,0x00,0x01,0x00,0xC8,0x00,0x00,0x00,0x01,0x01,0x6B,0x00,0x0A,0x00,0x01,0x00,0xC8,0x03,0x70,0x00,0x01,0x00,0xC8,
        0x01,0x5E,0x00,0x01,0x00,0xC8,0x00,0x00,0x00,0x01,0x01,0x6B,0x00,0x0A,0x00,0x01,0x00,0xC8,0x03,0x70,0x00,0x01,0x00,0xC8,0x01,0x5E,0x00,0x01,0x00,0xC8,0x00,0x00,
        0x00,0x01,0x01,0x6B,0x00,0x0A,0x00,0x01,0x00,0xC8,0x03,0x70,0x00,0x01,0x00,0xC8,0x01,0x5E,0x00,0x01,0x00,0xC8,0x00,0x00,0x00,0x01,0x01,0x6B,0x00,0x0A,0x00,0x01,
        0x00,0xC8,0x03,0x59,0x00,0x01,0x00,0xC8,0x01,0x5E,0x00,0x01,0x00,0xC8,0x00,0x00,0x00,0x01,0x01,0x6B,0x00,0x0A,0x00,0x01,0x00,0xC8,0x03,0x66,0x00,0x01,0x00,0xC8,
        0x01,0x5E,0x00,0x01,0x00,0xC8,0x00,0x00,0x00,0x01,0x01,0x6B,0x00,0x0A,0x00,0x01,0x00,0xC8,0x02,0xB2,0x00,0x01,0x00,0xC8,0x01,0x5E,0x00,0x01,0x00,0xCA,0x00,0x00,
        0x00,0x01,0x01,0x2A,0x00,0x00,0x00,0x01,0x00,0xCA,0x03,0x70,0x00,0x01,0x00,0x00,0x00,0x00,0x00,0x01,0x00,0xCA,0x00,0x00,0x00,0x01,0x01,0x2A,0x00,0x00,0x00,0x01,
        0x00,0xCA,0x03,0x70,0x00,0x01,0x00,0x00,0x00,0x00,0x00,0x01,0x00,0xCA,0x00,0x00,0x00,0x01,0x01,0x2A,0x00,0x00,0x00,0x01,0x00,0xCA,0x03,0x70,0x00,0x01,0x00,0x00,
        0x00,0x00,0x00,0x01,0x00,0xCA,0x00,0x00,0x00,0x01,0x01,0x2A,0x00,0x00,0x00,0x01,0x00,0xCA,0x03,0x66,0x00,0x01,0x00,0x00,0x00,0x00,0x00,0x01,0x00,0xC3,0x00,0x00,
        0x00,0x01,0x00,0x00,0x00,0x00,0x00,0x01,0x00,0xC3,0x03,0x70,0x00,0x01,0x00,0x00,0x00,0x00,0x00,0x01,0x00,0x00,0x00,0x00,0x00,0x01,0x01,0x4F,0x00,0x00,0x00,0x01,
        0x00,0xB3,0x02,0xB5,0x00,0x01,0x00,0x00,0x00,0x00,0x00,0x01,0x00,0x00,0x00,0x00,0x00,0x01,0x01,0x4F,0x00,0x00,0x00,0x01,0x00,0xB3,0x02,0xB5,0x00,0x01,0x00,0x00,
        0x00,0x00,0x00,0x01,0x00,0x00,0x00,0x00,0x00,0x01,0x01,0x4F,0x00,0x00,0x00,0x01,0x00,0xB3,0x02,0xB5,0x00,0x01,0x00,0x00,0x00,0x00,0x00,0x01,0x00,0x00,0x00,0x00,
        0x00,0x01,0x01,0x4F,0x00,0x00,0x00,0x01,0x00,0xB3,0x02,0x9E,0x00,0x01,0x00,0x00,0x00,0x00,0x00,0x01,0x00,0x00,0x00,0x00,0x00,0x01,0x01,0x4F,0x00,0x00,0x00,0x01,
        0x00,0xB3,0x02,0xAB,0x00,0x01,0x00,0x00,0x00,0x00,0x00,0x01,0x00,0x00,0x00,0x00,0x00,0x01,0x01,0x4F,0x00,0x00,0x00,0x01,0x00,0xB3,0x02,0xD3,0x00,0x01,0x00,0x00,
        0x00,0x00,0x00,0x01,0x01,0x22,0x00,0x00,0x00,0x01,0x00,0x00,0x00,0x00,0x00,0x01,0x01,0x22,0x01,0xF7,0x00,0x01,0x00,0x00,0x00,0x00,0x00,0x01,0x00,0xB9,0xFF,0x65,
        0x00,0x01,0x00,0x00,0x00,0x00,0x00,0x01,0x00,0xB7,0x01,0xF7,0x00,0x01,0x00,0x00,0x00,0x00,0x00,0x01,0x00,0xBA,0x00,0x00,0x00,0x01,0x01,0x40,0x00,0x00,0x00,0x01,
        0x00,0xBA,0x02,0xB5,0x00,0x01,0x00,0x00,0x00,0x00,0x00,0x01,0x00,0xBA,0x00,0x00,0x00,0x01,0x01,0x40,0x00,0x00,0x00,0x01,0x00,0xBA,0x02,0xB5,0x00,0x01,0x00,0x00,
        0x00,0x00,0x00,0x01,0x00,0xBA,0x00,0x00,0x00,0x01,0x01,0x40,0x00,0x00,0x00,0x01,0x00,0xBA,0x02,0xB5,0x00,0x01,0x00,0x00,0x00,0x00,0x00,0x01,0x00,0xBA,0x00,0x00,
        0x00,0x01,0x01,0x40,0x00,0x00,0x00,0x01,0x00,0xBA,0x02,0xAB,0x00,0x01,0x00,0x00,0x00,0x00,0x00,0x01,0x00,0x55,0x00,0x00,0x00,0x01,0x00,0x99,0x00,0x00,0x00,0x01,
        0x00,0x55,0x02,0xB5,0x00,0x01,0x00,0x00,0x00,0x00,0x00,0x01,0x00,0x55,0x00,0x00,0x00,0x01,0x00,0x99,0x00,0x00,0x00,0x01,0x00,0x55,0x02,0xB5,0x00,0x01,0x00,0x00,
        0x00,0x00,0x00,0x01,0x00,0x55,0x00,0x00,0x00,0x01,0x00,0x99,0x00,0x00,0x00,0x01,0x00,0x55,0x02,0xB5,0x00,0x01,0x00,0x00,0x00,0x00,0x00,0x01,0x00,0x55,0x00,0x00,
        0x00,0x01,0x00,0x99,0x00,0x00,0x00,0x01,0x00,0x55,0x02,0xAB,0x00,0x01,0x00,0x00,0x00,0x00,0x00,0x01,0x00,0xC1,0x00,0x00,0x00,0x01,0x00,0x00,0x00,0x00,0x00,0x01,
        0x00,0xC1,0x02,0x9E,0x00,0x01,0x00,0x00,0x00,0x00,0x00,0x01,0x00,0xBA,0x00,0x00,0x00,0x01,0x01,0x4E,0x00,0x0A,0x00,0x01,0x00,0xBA,0x02,0xB5,0x00,0x01,0x00,0xBA,
        0x00,0xFC,0x00,0x01,0x00,0xBA,0x00,0x00,0x00,0x01,0x01,0x4E,0x00,0x0A,0x00,0x01,0x00,0xBA,0x02,0xB5,0x00,0x01,0x00,0xBA,0x00,0xFC,0x00,0x01,0x00,0xBA,0x00,0x00,
        0x00,0x01,0x01,0x4E,0x00,0x0A,0x00,0x01,0x00,0xBA,0x02,0xB5,0x00,0x01,0x00,0xBA,0x00,0xFC,0x00,0x01,0x00,0xBA,0x00,0x00,0x00,0x01,0x01,0x4E,0x00,0x0A,0x00,0x01,
        0x00,0xBA,0x02,0x9E,0x00,0x01,0x00,0xBA,0x00,0xFC,0x00,0x01,0x00,0xBA,0x00,0x00,0x00,0x01,0x01,0x4E,0x00,0x0A,0x00,0x01,0x00,0xBA,0x02,0xAB,0x00,0x01,0x00,0xBA,
        0x00,0xFC,0x00,0x01,0x00,0xBA,0x00,0x00,0x00,0x01,0x01,0x4E,0x00,0x0A,0x00,0x01,0x00,0xBA,0x01,0xF7,0x00,0x01,0x00,0xBA,0x00,0xFC,0x00,0x01,0x00,0xC1,0x00,0x00,
        0x00,0x01,0x01,0x56,0x00,0x00,0x00,0x01,0x00,0xBF,0x02,0xB5,0x00,0x01,0x00,0x00,0x00,0x00,0x00,0x01,0x00,0xC1,0x00,0x00,0x00,0x01,0x01,0x56,0x00,0x00,0x00,0x01,
        0x00,0xBF,0x02,0xB5,0x00,0x01,0x00,0x00,0x00,0x00,0x00,0x01,0x00,0xC1,0x00,0x00,0x00,0x01,0x01,0x56,0x00,0x00,0x00,0x01,0x00,0xBF,0x02,0xB5,0x00,0x01,0x00,0x00,
        0x00,0x00,0x00,0x01,0x00,0xC1,0x00,0x00,0x00,0x01,0x01,0x56,0x00,0x00,0x00,0x01,0x00,0xBF,0x02,0xAB,0x00,0x01,0x00,0x00,0x00,0x00,0x00,0x01,0x00,0xB2,0x00,0x00,
        0x00,0x01,0x00,0x00,0x00,0x00,0x00,0x01,0x00,0xB2,0x02,0xB5,0x00,0x01,0x00,0x00,0x00,0x00,0x00,0x01,0x00,0xB2,0x00,0x00,0x00,0x01,0x00,0x00,0x00,0x00,0x00,0x01,
        0x00,0xB2,0x02,0xAB,0x00,0x01,0x00,0x00,0x00,0x00,0x00,0x01,0x00,0xC8,0x00,0x00,0x00,0x01,0x01,0x7F,0x00,0x00,0x00,0x01,0x00,0xC8,0x03,0x4E,0x00,0x01,0x00,0x00,
        0x00,0x00,0x00,0x01,0x00,0x00,0x00,0x00,0x00,0x01,0x01,0x4F,0x00,0x00,0x00,0x01,0x00,0xB3,0x02,0x93,0x00,0x01,0x00,0x00,0x00,0x00,0x00,0x01,0x00,0xC8,0x00,0x00,
        0x00,0x01,0x01,0x7F,0x00,0x00,0x00,0x01,0x00,0xC8,0x03,0x65,0x00,0x01,0x00,0x00,0x00,0x00,0x00,0x01,0x00,0x00,0x00,0x00,0x00,0x01,0x01,0x4F,0x00,0x00,0x00,0x01,
        0x00,0xB3,0x02,0xAA,0x00,0x01,0x00,0x00,0x00,0x00,0x00,0x01,0x00,0xC8,0x00,0x00,0x00,0x01,0x01,0x7F,0x00,0x00,0x00,0x01,0x00,0xC8,0x02,0xB2,0x00,0x01,0x00,0x00,
        0x00,0x00,0x00,0x01,0x00,0x00,0x00,0x00,0x00,0x01,0x01,0x4F,0x00,0x00,0x00,0x01,0x00,0xB3,0x01,0xF7,0x00,0x01,0x00,0x00,0x00,0x00,0x00,0x01,0x00,0xC6,0x00,0x00,
        0x00,0x01,0x00,0x00,0x00,0x00,0x00,0x01,0x00,0xC3,0x03,0x70,0x00,0x01,0x00,0x00,0x00,0x00,0x00,0x01,0x00,0xB9,0x00,0x00,0x00,0x01,0x00,0x00,0x00,0x00,0x00,0x01,
        0x00,0xB7,0x02,0xB5,0x00,0x01,0x00,0x00,0x00,0x00,0x00,0x01,0x00,0xC6,0x00,0x00,0x00,0x01,0x00,0x00,0x00,0x00,0x00,0x01,0x00,0xC3,0x03,0x70,0x00,0x01,0x00,0x00,
        0x00,0x00,0x00,0x01,0x00,0xB9,0x00,0x00,0x00,0x01,0x00,0x00,0x00,0x00,0x00,0x01,0x00,0xB7,0x02,0xB5,0x00,0x01,0x00,0x00,0x00,0x00,0x00,0x01,0x00,0xC6,0x00,0x00,
        0x00,0x01,0x00,0x00,0x00,0x00,0x00,0x01,0x00,0xC3,0x03,0x66,0x00,0x01,0x00,0x00,0x00,0x00,0x00,0x01,0x00,0xB9,0x00,0x00,0x00,0x01,0x00,0x00,0x00,0x00,0x00,0x01,
        0x00,0xB7,0x02,0xAB,0x00,0x01,0x00,0x00,0x00,0x00,0x00,0x01,0x00,0xC6,0x00,0x00,0x00,0x01,0x00,0x00,0x00,0x00,0x00,0x01,0x00,0xC3,0x03,0x70,0x00,0x01,0x00,0x00,
        0x00,0x00,0x00,0x01,0x00,0xB9,0x00,0x00,0x00,0x01,0x00,0x00,0x00,0x00,0x00,0x01,0x00,0xB7,0x02,0xB5,0x00,0x01,0x00,0x00,0x00,0x00,0x00,0x01,0x00,0xC2,0x00,0x00,
        0x00,0x01,0x00,0x00,0x00,0x00,0x00,0x01,0x00,0xC2,0x03,0x70,0x00,0x01,0x00,0x67,0x01,0x6D,0x00,0x01,0x00,0xB9,0x00,0x00,0x00,0x01,0x00,0x00,0x00,0x00,0x00,0x01,
        0x01,0x2A,0x02,0xB2,0x00,0x01,0x01,0x1B,0x02,0x58,0x00,0x01,0x00,0xD1,0x00,0x00,0x00,0x01,0x00,0x00,0x00,0x00,0x00,0x01,0x00,0xD1,0x02,0xB2,0x00,0x01,0x00,0x76,
        0x01,0x6D,0x00,0x01,0x00,0xB9,0x00,0x00,0x00,0x01,0x00,0x00,0x00,0x00,0x00,0x01,0x01,0x2A,0x02,0xB2,0x00,0x01,0x01,0x1B,0x02,0x58,0x00,0x01,0x00,0xBF,0x00,0x00,
        0x00,0x01,0x01,0x4F,0x00,0x00,0x00,0x01,0x00,0xBF,0x03,0x4E,0x00,0x01,0x00,0x00,0x00,0x00,0x00,0x01,0x00,0xBA,0x00,0x00,0x00,0x01,0x01,0x40,0x00,0x00,0x00,0x01,
        0x00,0xBA,0x02,0x93,0x00,0x01,0x00,0x00,0x00,0x00,0x00,0x01,0x00,0xBF,0x00,0x00,0x00,0x01,0x01,0x4F,0x00,0x00,0x00,0x01,0x00,0xBF,0x03,0x65,0x00,0x01,0x00,0x00,
        0x00,0x00,0x00,0x01,0x00,0xBA,0x00,0x00,0x00,0x01,0x01,0x40,0x00,0x00,0x00,0x01,0x00,0xBA,0x02,0xAA,0x00,0x01,0x00,0x00,0x00,0x00,0x00,0x01,0x00,0xBF,0x00,0x00,
        0x00,0x01,0x01,0x4F,0x00,0x00,0x00,0x01,0x00,0xBF,0x03,0x66,0x00,0x01,0x00,0x00,0x00,0x00,0x00,0x01,0x00,0xBA,0x00,0x00,0x00,0x01,0x01,0x40,0x00,0x00,0x00,0x01,
        0x00,0xBA,0x02,0xAB,0x00,0x01,0x00,0x00,0x00,0x00,0x00,0x01,0x00,0xBF,0x00,0x00,0x00,0x01,0x01,0x4F,0x00,0x00,0x00,0x01,0x00,0xBF,0x02,0xB2,0x00,0x01,0x00,0x00,
        0x00,0x00,0x00,0x01,0x00,0xBA,0x00,0x00,0x00,0x01,0x01,0x40,0x00,0x00,0x00,0x01,0x00,0xBA,0x01,0xF7,0x00,0x01,0x00,0x00,0x00,0x00,0x00,0x01,0x00,0xBF,0x00,0x00,
        0x00,0x01,0x01,0x4F,0x00,0x00,0x00,0x01,0x00,0xBF,0x03,0x70,0x00,0x01,0x00,0x00,0x00,0x00,0x00,0x01,0x00,0xBA,0x00,0x00,0x00,0x01,0x01,0x40,0x00,0x00,0x00,0x01,
        0x00,0xBA,0x02,0xB5,0x00,0x01,0x00,0x00,0x00,0x00,0x00,0x01,0x00,0xC6,0x00,0x00,0x00,0x01,0x00,0x00,0x00,0x00,0x00,0x01,0x00,0xC5,0x03,0x70,0x00,0x01,0x00,0x00,
        0x00,0x00,0x00,0x01,0x00,0xBF,0xFF,0x65,0x00,0x01,0x00,0x00,0x00,0x00,0x00,0x01,0x00,0xB5,0x02,0xB5,0x00,0x01,0x00,0x00,0x00,0x00,0x00,0x01,0x00,0xC6,0x00,0x00,
        0x00,0x01,0x00,0x00,0x00,0x00,0x00,0x01,0x00,0xC5,0x03,0x65,0x00,0x01,0x00,0x00,0x00,0x00,0x00,0x01,0x00,0xBF,0xFF,0x65,0x00,0x01,0x00,0x00,0x00,0x00,0x00,0x01,
        0x00,0xB5,0x02,0xAA,0x00,0x01,0x00,0x00,0x00,0x00,0x00,0x01,0x00,0xC6,0x00,0x00,0x00,0x01,0x00,0x00,0x00,0x00,0x00,0x01,0x00,0xC5,0x03,0x66,0x00,0x01,0x00,0x00,
        0x00,0x00,0x00,0x01,0x00,0xBF,0xFF,0x65,0x00,0x01,0x00,0x00,0x00,0x00,0x00,0x01,0x00,0xB5,0x02,0xAB,0x00,0x01,0x00,0x00,0x00,0x00,0x00,0x01,0x00,0xC6,0xFF,0x48,
        0x00,0x01,0x00,0x00,0x00,0x00,0x00,0x01,0x00,0xC5,0x02,0xB2,0x00,0x01,0x00,0x00,0x00,0x00,0x00,0x01,0x00,0xBF,0xFF,0x65,0x00,0x01,0x00,0x00,0x00,0x00,0x00,0x01,
        0x00,0xB5,0x02,0xC9,0x00,0x01,0x00,0x00,0x00,0x00,0x00,0x01,0x00,0xD9,0x00,0x00,0x00,0x01,0x00,0x00,0x00,0x00,0x00,0x01,0x00,0xD1,0x03,0x70,0x00,0x01,0x00,0xD1,
        0x02,0x1C,0x00,0x01,0x00,0xC1,0x00,0x00,0x00,0x01,0x00,0x00,0x00,0x00,0x00,0x01,0x00,0x55,0x03,0x70,0x00,0x01,0x00,0x65,0x02,0x58,0x00,0x01,0x00,0xE3,0x00,0x00,
        0x00,0x01,0x00,0x00,0x00,0x00,0x00,0x01,0x00,0xDC,0x02,0xB2,0x00,0x01,0x00,0xDC,0x02,0x1C,0x00,0x01,0x00,0xC1,0x00,0x00,0x00,0x01,0x00,0x00,0x00,0x00,0x00,0x01,
        0x00,0x55,0x02,0xB2,0x00,0x01,0x00,0x65,0x02,0x58,0x00,0x01,0x00,0x57,0x00,0x00,0x00,0x01,0x00,0x9B,0x00,0x00,0x00,0x01,0x00,0x57,0x03,0x59,0x00,0x01,0x00,0x00,
        0x00,0x00,0x00,0x01,0x00,0x55,0x00,0x00,0x00,0x01,0x00,0x99,0x00,0x00,0x00,0x01,0x00,0x55,0x02,0x9E,0x00,0x01,0x00,0x00,0x00,0x00,0x00,0x01,0x00,0x57,0x00,0x00,
        0x00,0x01,0x00,0x9B,0x00,0x00,0x00,0x01,0x00,0x57,0x03,0x4E,0x00,0x01,0x00,0x00,0x00,0x00,0x00,0x01,0x00,0x55,0x00,0x00,0x00,0x01,0x00,0x99,0x00,0x00,0x00,0x01,
        0x00,0x55,0x02,0x93,0x00,0x01,0x00,0x00,0x00,0x00,0x00,0x01,0x00,0x57,0x00,0x00,0x00,0x01,0x00,0x9B,0x00,0x00,0x00,0x01,0x00,0x57,0x03,0x65,0x00,0x01,0x00,0x00,
        0x00,0x00,0x00,0x01,0x00,0x55,0x00,0x00,0x00,0x01,0x00,0x99,0x00,0x00,0x00,0x01,0x00,0x55,0x02,0xAA,0x00,0x01,0x00,0x00,0x00,0x00,0x00,0x01,0x00,0x57,0x00,0x00,
        0x00,0x01,0x00,0x9B,0x00,0x00,0x00,0x01,0x00,0x57,0x02,0xB2,0x00,0x01,0x00,0x00,0x00,0x00,0x00,0x01,0x00,0x55,0x00,0x00,0x00,0x01,0x00,0x99,0x00,0x00,0x00,0x01,
        0x00,0x55,0x02,0xAB,0x00,0x01,0x00,0x00,0x00,0x00,0x00,0x01,0x00,0x57,0x00,0x00,0x00,0x01,0x00,0x9B,0x00,0x00,0x00,0x01,0x00,0x57,0x03,0x66,0x00,0x01,0x00,0x00,
        0x00,0x00,0x00,0x01,0x00,0x55,0x00,0x00,0x00,0x01,0x00,0x99,0x00,0x00,0x00,0x01,0x00,0x55,0x01,0xF7,0x00,0x01,0x00,0x00,0x00,0x00,0x00,0x01,0x01,0x33,0x00,0x00,
        0x00,0x01,0x00,0x9B,0x00,0x00,0x00,0x01,0x01,0x55,0x02,0xB2,0x00,0x01,0x00,0x00,0x00,0x00,0x00,0x01,0x01,0x00,0xFF,0x65,0x00,0x01,0x00,0x99,0x00,0x00,0x00,0x01,
        0x01,0x00,0x02,0xAB,0x00,0x01,0x00,0x00,0x00,0x00,0x00,0x01,0x00,0x86,0x00,0x00,0x00,0x01,0x00,0x00,0x00,0x00,0x00,0x01,0x00,0xA8,0x03,0x70,0x00,0x01,0x00,0x00,
        0x00,0x00,0x00,0x01,0x00,0x55,0xFF,0x65,0x00,0x01,0x00,0x00,0x00,0x00,0x00,0x01,0x00,0x55,0x02,0xB5,0x00,0x01,0x00,0x00,0x00,0x00,0x00,0x01,0x00,0xD8,0xFF,0x48,
        0x00,0x01,0x00,0x00,0x00,0x00,0x00,0x01,0x00,0xD6,0x02,0xB2,0x00,0x01,0x00,0x00,0x00,0x00,0x00,0x01,0x00,0xCC,0xFF,0x48,0x00,0x01,0x00,0x00,0x00,0x00,0x00,0x01,
        0x00,0x00,0x00,0x00,0x00,0x01,0x00,0x00,0x00,0x00,0x00,0x01,0x00,0xCD,0x00,0x00,0x00,0x01,0x00,0x00,0x00,0x00,0x00,0x01,0x00,0xC6,0x02,0x79,0x00,0x01,0x00,0x00,
        0x00,0x00,0x00,0x01,0x00,0xBC,0x00,0x00,0x00,0x01,0x00,0x00,0x00,0x00,0x00,0x01,0x00,0x61,0x03,0x70,0x00,0x01,0x00,0xB3,0x01,0x5E,0x00,0x01,0x00,0x55,0x00,0x00,
        0x00,0x01,0x00,0x00,0x00,0x00,0x00,0x01,0x00,0x55,0x03,0x70,0x00,0x01,0x00,0x55,0x01,0x5E,0x00,0x01,0x00,0xBC,0xFF,0x48,0x00,0x01,0x00,0x00,0x00,0x00,0x00,0x01,
        0x00,0x61,0x02,0xB2,0x00,0x01,0x00,0xB3,0x01,0x5E,0x00,0x01,0x00,0x55,0xFF,0x48,0x00,0x01,0x00,0x00,0x00,0x00,0x00,0x01,0x00,0x55,0x02,0xB2,0x00,0x01,0x00,0x55,
        0x01,0x5E,0x00,0x01,0x00,0xBC,0x00,0x00,0x00,0x01,0x00,0x00,0x00,0x00,0x00,0x01,0x00,0x61,0x02,0xB2,0x00,0x01,0x00,0xB3,0x01,0x5E,0x00,0x01,0x00,0x55,0x00,0x00,
        0x00,0x01,0x00,0x00,0x00,0x00,0x00,0x01,0x00,0x55,0x02,0xB2,0x00,0x01,0x00,0x55,0x01,0x5E,0x00,0x01,0x00,0xBC,0x00,0x00,0x00,0x01,0x00,0x00,0x00,0x00,0x00,0x01,
        0x00,0x61,0x02,0xB2,0x00,0x01,0x00,0xB3,0x01,0x5E,0x00,0x01,0x00,0x55,0x00,0x00,0x00,0x01,0x00,0x00,0x00,0x00,0x00,0x01,0x00,0x55,0x02,0xB2,0x00,0x01,0x00,0x55,
        0x01,0x5E,0x00,0x01,0x00,0xD5,0x00,0x00,0x00,0x01,0x00,0x00,0x00,0x00,0x00,0x01,0x00,0x7A,0x02,0xB2,0x00,0x01,0x00,0xCC,0x01,0x5E,0x00,0x01,0x00,0x6B,0x00,0x00,
        0x00,0x01,0x00,0x00,0x00,0x00,0x00,0x01,0x00,0x6B,0x02,0xB2,0x00,0x01,0x00,0x6B,0x01,0x5E,0x00,0x01,0x00,0xD5,0x00,0x00,0x00,0x01,0x00,0x00,0x00,0x00,0x00,0x01,
        0x00,0xD5,0x03,0x70,0x00,0x01,0x00,0x00,0x00,0x00,0x00,0x01,0x00,0xC1,0x00,0x00,0x00,0x01,0x00,0x00,0x00,0x00,0x00,0x01,0x00,0xC1,0x02,0xB5,0x00,0x01,0x00,0x00,
        0x00,0x00,0x00,0x01,0x00,0xD5,0xFF,0x48,0x00,0x01,0x00,0x00,0x00,0x00,0x00,0x01,0x00,0xD5,0x02,0xB2,0x00,0x01,0x00,0x00,0x00,0x00,0x00,0x01,0x00,0xC1,0xFF,0x48,
        0x00,0x01,0x00,0x00,0x00,0x00,0x00,0x01,0x00,0xC1,0x01,0xF7,0x00,0x01,0x00,0x00,0x00,0x00,0x00,0x01,0x00,0xD5,0x00,0x00,0x00,0x01,0x00,0x00,0x00,0x00,0x00,0x01,
        0x00,0xD5,0x03,0x70,0x00,0x01,0x00,0x00,0x00,0x00,0x00,0x01,0x00,0xC1,0x00,0x00,0x00,0x01,0x00,0x00,0x00,0x00,0x00,0x01,0x00,0xC1,0x02,0xB5,0x00,0x01,0x00,0x00,
        0x00,0x00,0x00,0x01,0x00,0xC1,0x00,0x00,0x00,0x01,0x00,0x00,0x00,0x00,0x00,0x01,0x00,0xC1,0x01,0xF7,0x00,0x01,0x00,0x00,0x00,0x00,0x00,0x01,0x00,0xC8,0x00,0x00,
        0x00,0x01,0x01,0x6B,0x00,0x0A,0x00,0x01,0x00,0xC8,0x03,0x4E,0x00,0x01,0x00,0xC8,0x01,0x5E,0x00,0x01,0x00,0xBA,0x00,0x00,0x00,0x01,0x01,0x4E,0x00,0x0A,0x00,0x01,
        0x00,0xBA,0x02,0x93,0x00,0x01,0x00,0xBA,0x00,0xFC,0x00,0x01,0x00,0xC8,0x00,0x00,0x00,0x01,0x01,0x6B,0x00,0x0A,0x00,0x01,0x00,0xC8,0x03,0x65,0x00,0x01,0x00,0xC8,
        0x01,0x5E,0x00,0x01,0x00,0xBA,0x00,0x00,0x00,0x01,0x01,0x4E,0x00,0x0A,0x00,0x01,0x00,0xBA,0x02,0xAA,0x00,0x01,0x00,0xBA,0x00,0xFC,0x00,0x01,0x00,0xC8,0x00,0x00,
        0x00,0x01,0x01,0x6B,0x00,0x0A,0x00,0x01,0x00,0xC8,0x03,0x70,0x00,0x01,0x00,0xC8,0x01,0x5E,0x00,0x01,0x00,0xBA,0x00,0x00,0x00,0x01,0x01,0x4E,0x00,0x0A,0x00,0x01,
        0x00,0xBA,0x02,0xB5,0x00,0x01,0x00,0xBA,0x00,0xFC,0x00,0x01,0x00,0xD1,0x00,0x00,0x00,0x01,0x00,0x00,0x00,0x00,0x00,0x01,0x00,0xBF,0x03,0x70,0x00,0x01,0x00,0x00,
        0x00,0x00,0x00,0x01,0x00,0x55,0x00,0x00,0x00,0x01,0x00,0x00,0x00,0x00,0x00,0x01,0x00,0x8E,0x02,0xB5,0x00,0x01,0x00,0x00,0x00,0x00,0x00,0x01,0x00,0xD1,0xFF,0x48,
        0x00,0x01,0x00,0x00,0x00,0x00,0x00,0x01,0x00,0xBF,0x02,0xB2,0x00,0x01,0x00,0x00,0x00,0x00,0x00,0x01,0x00,0x55,0xFF,0x48,0x00,0x01,0x00,0x00,0x00,0x00,0x00,0x01,
        0x00,0x8E,0x01,0xF7,0x00,0x01,0x00,0x00,0x00,0x00,0x00,0x01,0x00,0xD1,0x00,0x00,0x00,0x01,0x00,0x00,0x00,0x00,0x00,0x01,0x00,0xBF,0x03,0x70,0x00,0x01,0x00,0x00,
        0x00,0x00,0x00,0x01,0x00,0x55,0x00,0x00,0x00,0x01,0x00,0x00,0x00,0x00,0x00,0x01,0x00,0x8E,0x02,0xB5,0x00,0x01,0x00,0x00,0x00,0x00,0x00,0x01,0x00,0xB8,0x00,0x00,
        0x00,0x01,0x00,0x00,0x00,0x00,0x00,0x01,0x00,0xB8,0x03,0x70,0x00,0x01,0x00,0x00,0x00,0x00,0x00,0x01,0x00,0xAA,0x00,0x00,0x00,0x01,0x00,0x00,0x00,0x00,0x00,0x01,
        0x00,0xA7,0x02,0xB5,0x00,0x01,0x00,0x00,0x00,0x00,0x00,0x01,0x00,0xB8,0x00,0x00,0x00,0x01,0x00,0x00,0x00,0x00,0x00,0x01,0x00,0xB8,0x03,0x70,0x00,0x01,0x00,0x00,
        0x00,0x00,0x00,0x01,0x00,0xAA,0x00,0x00,0x00,0x01,0x00,0x00,0x00,0x00,0x00,0x01,0x00,0xA7,0x02,0xB5,0x00,0x01,0x00,0x00,0x00,0x00,0x00,0x01,0x00,0xB8,0xFF,0x65,
        0x00,0x01,0x00,0x00,0x00,0x00,0x00,0x01,0x00,0xB8,0x02,0xB2,0x00,0x01,0x00,0x00,0x00,0x00,0x00,0x01,0x00,0xAA,0xFF,0x65,0x00,0x01,0x00,0x00,0x00,0x00,0x00,0x01,
        0x00,0xA7,0x01,0xF7,0x00,0x01,0x00,0x00,0x00,0x00,0x00,0x01,0x00,0xB8,0x00,0x00,0x00,0x01,0x00,0x00,0x00,0x00,0x00,0x01,0x00,0xB8,0x03,0x70,0x00,0x01,0x00,0x00,
        0x00,0x00,0x00,0x01,0x00,0xAA,0x00,0x00,0x00,0x01,0x00,0x00,0x00,0x00,0x00,0x01,0x00,0xA7,0x02,0xB5,0x00,0x01,0x00,0x00,0x00,0x00,0x00,0x01,0x00,0xB4,0xFF,0x65,
        0x00,0x01,0x00,0x00,0x00,0x00,0x00,0x01,0x00,0xB4,0x02,0xB2,0x00,0x01,0x00,0xB4,0x01,0x5E,0x00,0x01,0x00,0x9A,0xFF,0x65,0x00,0x01,0x00,0x00,0x00,0x00,0x00,0x01,
        0x00,0x79,0x02,0x7E,0x00,0x01,0x00,0x7F,0x01,0x04,0x00,0x01,0x00,0xB4,0x00,0x00,0x00,0x01,0x00,0x00,0x00,0x00,0x00,0x01,0x00,0xB4,0x03,0x70,0x00,0x01,0x00,0xB4,
        0x01,0x5E,0x00,0x01,0x00,0x9A,0x00,0x00,0x00,0x01,0x00,0x00,0x00,0x00,0x00,0x01,0x00,0x79,0x02,0x7E,0x00,0x01,0x00,0x7F,0x01,0x04,0x00,0x01,0x00,0xB4,0x00,0x00,
        0x00,0x01,0x00,0x00,0x00,0x00,0x00,0x01,0x00,0xB4,0x02,0xB2,0x00,0x01,0x00,0xB4,0x01,0x5E,0x00,0x01,0x00,0x9A,0x00,0x00,0x00,0x01,0x00,0x00,0x00,0x00,0x00,0x01,
        0x00,0x79,0x02,0x7E,0x00,0x01,0x00,0x7F,0x01,0x04,0x00,0x01,0x00,0xCA,0x00,0x00,0x00,0x01,0x01,0x2A,0x00,0x00,0x00,0x01,0x00,0xCA,0x03,0x59,0x00,0x01,0x00,0x00,
        0x00,0x00,0x00,0x01,0x00,0xC1,0x00,0x00,0x00,0x01,0x01,0x56,0x00,0x00,0x00,0x01,0x00,0xBF,0x02,0x9E,0x00,0x01,0x00,0x00,0x00,0x00,0x00,0x01,0x00,0xCA,0x00,0x00,
        0x00,0x01,0x01,0x2A,0x00,0x00,0x00,0x01,0x00,0xCA,0x03,0x4E,0x00,0x01,0x00,0x00,0x00,0x00,0x00,0x01,0x00,0xC1,0x00,0x00,0x00,0x01,0x01,0x56,0x00,0x00,0x00,0x01,
        0x00,0xBF,0x02,0x93,0x00,0x01,0x00,0x00,0x00,0x00,0x00,0x01,0x00,0xCA,0x00,0x00,0x00,0x01,0x01,0x2A,0x00,0x00,0x00,0x01,0x00,0xCA,0x03,0x65,0x00,0x01,0x00,0x00,
        0x00,0x00,0x00,0x01,0x00,0xC1,0x00,0x00,0x00,0x01,0x01,0x56,0x00,0x00,0x00,0x01,0x00,0xBF,0x02,0xAA,0x00,0x01,0x00,0x00,0x00,0x00,0x00,0x01,0x00,0xCA,0x00,0x00,
        0x00,0x01,0x01,0x2A,0x00,0x00,0x00,0x01,0x00,0xCA,0x03,0x8E,0x00,0x01,0x00,0x00,0x00,0x00,0x00,0x01,0x00,0xC1,0x00,0x00,0x00,0x01,0x01,0x56,0x00,0x00,0x00,0x01,
        0x00,0xBF,0x02,0xD3,0x00,0x01,0x00,0x00,0x00,0x00,0x00,0x01,0x00,0xCA,0x00,0x00,0x00,0x01,0x01,0x2A,0x00,0x00,0x00,0x01,0x00,0xCA,0x03,0x70,0x00,0x01,0x00,0x00,
        0x00,0x00,0x00,0x01,0x00,0xC1,0x00,0x00,0x00,0x01,0x01,0x56,0x00,0x00,0x00,0x01,0x00,0xBF,0x02,0xB5,0x00,0x01,0x00,0x00,0x00,0x00,0x00,0x01,0x00,0xCA,0x00,0x00,
        0x00,0x01,0x01,0x2A,0x00,0x00,0x00,0x01,0x00,0xCA,0x02,0xB2,0x00,0x01,0x00,0x00,0x00,0x00,0x00,0x01,0x00,0xC1,0x00,0x00,0x00,0x01,0x01,0x56,0x00,0x00,0x00,0x01,
        0x00,0xBF,0x01,0xF7,0x00,0x01,0x00,0x00,0x00,0x00,0x00,0x01,0x01,0x17,0x00,0x00,0x00,0x01,0x00,0x00,0x00,0x00,0x00,0x01,0x01,0x17,0x03,0x70,0x00,0x01,0x00,0x00,
        0x00,0x00,0x00,0x01,0x01,0x0C,0x00,0x00,0x00,0x01,0x00,0x00,0x00,0x00,0x00,0x01,0x01,0x0C,0x02,0xB5,0x00,0x01,0x00,0x00,0x00,0x00,0x00,0x01,0x00,0xC3,0x00,0x00,
        0x00,0x01,0x00,0x00,0x00,0x00,0x00,0x01,0x00,0xC3,0x03,0x70,0x00,0x01,0x00,0x00,0x00,0x00,0x00,0x01,0x00,0xB2,0x00,0x00,0x00,0x01,0x00,0x00,0x00,0x00,0x00,0x01,
        0x00,0xB2,0x02,0xB5,0x00,0x01,0x00,0x00,0x00,0x00,0x00,0x01,0x00,0xC3,0x00,0x00,0x00,0x01,0x00,0x00,0x00,0x00,0x00,0x01,0x00,0xC3,0x03,0x66,0x00,0x01,0x00,0x00,
        0x00,0x00,0x00,0x01,0x00,0xB1,0x00,0x00,0x00,0x01,0x00,0x00,0x00,0x00,0x00,0x01,0x00,0xB6,0x03,0x70,0x00,0x01,0x00,0x00,0x00,0x00,0x00,0x01,0x00,0xA4,0x00,0x00,
        0x00,0x01,0x00,0x00,0x00,0x00,0x00,0x01,0x00,0xA8,0x02,0xB5,0x00,0x01,0x00,0xA4,0x00,0xFC,0x00,0x01,0x00,0xB1,0x00,0x00,0x00,0x01,0x00,0x00,0x00,0x00,0x00,0x01,
        0x00,0xB6,0x03,0x66,0x00,0x01,0x00,0x00,0x00,0x00,0x00,0x01,0x00,0xA4,0x00,0x00,0x00,0x01,0x00,0x00,0x00,0x00,0x00,0x01,0x00,0xA8,0x02,0xAB,0x00,0x01,0x00,0xA4,
        0x00,0xFC,0x00,0x01,0x00,0xB1,0x00,0x00,0x00,0x01,0x00,0x00,0x00,0x00,0x00,0x01,0x00,0xB6,0x03,0x70,0x00,0x01,0x00,0x00,0x00,0x00,0x00,0x01,0x00,0xA4,0x00,0x00,
        0x00,0x01,0x00,0x00,0x00,0x00,0x00,0x01,0x00,0xA8,0x02,0xB5,0x00,0x01,0x00,0xA4,0x00,0xFC,0x00,0x01,0x01,0x18,0x00,0x00,0x00,0x01,0x00,0x00,0x00,0x00,0x00,0x01,
        0x01,0x27,0x03,0x70,0x00,0x01,0x00,0x00,0x00,0x00,0x00,0x01,0x01,0x22,0x00,0x00,0x00,0x01,0x00,0x00,0x00,0x00,0x00,0x01,0x01,0x22,0x02,0xB5,0x00,0x01,0x00,0x00,
        0x00,0x00,0x00,0x01,0x00,0xC8,0x00,0x00,0x00,0x01,0x01,0x6B,0x00,0x0A,0x00,0x01,0x00,0xC8,0x03,0x70,0x00,0x01,0x00,0xC8,0x01,0x5E,0x00,0x01,0x00,0xBA,0x00,0x00,
        0x00,0x01,0x01,0x4E,0x00,0x0A,0x00,0x01,0x00,0xBA,0x02,0xB5,0x00,0x01,0x00,0xBA,0x00,0xFC,0x00,0x01,0x00,0xB8,0xFF,0x48,0x00,0x01,0x00,0x00,0x00,0x00,0x00,0x01,
        0x00,0xB8,0x02,0xB2,0x00,0x01,0x00,0x00,0x00,0x00,0x00,0x01,0x00,0xAA,0xFF,0x48,0x00,0x01,0x00,0x00,0x00,0x00,0x00,0x01,0x00,0xA7,0x01,0xF7,0x00,0x01,0x00,0x00,
        0x00,0x00,0x00,0x01,0x00,0xB4,0xFF,0x48,0x00,0x01,0x00,0x00,0x00,0x00,0x00,0x01,0x00,0xB4,0x02,0xB2,0x00,0x01,0x00,0xB4,0x01,0x5E,0x00,0x01,0x00,0x9A,0xFF,0x48,
        0x00,0x01,0x00,0x00,0x00,0x00,0x00,0x01,0x00,0x79,0x02,0x7E,0x00,0x01,0x00,0x7F,0x01,0x04,0x00,0x01,0x00,0x55,0xFF,0x65,0x00,0x01,0x00,0x00,0x00,0x00,0x00,0x01,
        0x00,0x55,0x01,0xF7,0x00,0x01,0x00,0x00,0x00,0x00,0x00,0x01,0x00,0xBE,0x00,0x00,0x00,0x01,0x00,0x00,0x00,0x00,0x00,0x01,0x00,0xBE,0x03,0x66,0x00,0x01,0x00,0x00,
        0x00,0x00,0x00,0x01,0x00,0xC1,0x00,0x00,0x00,0x01,0x00,0x00,0x00,0x00,0x00,0x01,0x00,0x55,0x03,0x66,0x00,0x01,0x00,0x00,0x00,0x00,0x00,0x01,0x00,0xC2,0x00,0x00,
        0x00,0x01,0x00,0x00,0x00,0x00,0x00,0x01,0x00,0xC2,0x03,0x66,0x00,0x01,0x00,0x67,0x01,0x6D,0x00,0x01,0x00,0xB9,0x00,0x00,0x00,0x01,0x00,0x00,0x00,0x00,0x00,0x01,
        0x01,0x2A,0x03,0x66,0x00,0x01,0x01,0x1B,0x02,0x58,0x00,0x01,0x00,0xB3,0x00,0x00,0x00,0x01,0x00,0x00,0x00,0x00,0x00,0x01,0x00,0xBA,0x03,0x66,0x00,0x01,0x00,0x00,
        0x00,0x00,0x00,0x01,0x00,0x85,0x00,0x00,0x00,0x01,0x00,0x00,0x00,0x00,0x00,0x01,0x00,0x9C,0x03,0x66,0x00,0x01,0x00,0x00,0x00,0x00,0x00,0x01,0x01,0x08,0x00,0x00,
        0x00,0x01,0x00,0x00,0x00,0x00,0x00,0x01,0x01,0x08,0x03,0x66,0x00,0x01,0x00,0x00,0x00,0x00,0x00,0x01,0x01,0x27,0x00,0x00,0x00,0x01,0x00,0x00,0x00,0x00,0x00,0x01,
        0x01,0x27,0x02,0xAB,0x00,0x01,0x00,0x00,0x00,0x00,0x00,0x01,0x00,0xC4,0x00,0x00,0x00,0x01,0x00,0x00,0x00,0x00,0x00,0x01,0x00,0xBF,0x03,0x66,0x00,0x01,0x00,0x00,
        0x00,0x00,0x00,0x01,0x00,0xC1,0x00,0x00,0x00,0x01,0x00,0x00,0x00,0x00,0x00,0x01,0x00,0xC4,0x02,0xAB,0x00,0x01,0x00,0x00,0x00,0x00,0x00,0x01,0x00,0xB8,0x00,0x00,
        0x00,0x01,0x00,0x00,0x00,0x00,0x00,0x01,0x00,0xB8,0x03,0x66,0x00,0x01,0x00,0x00,0x00,0x00,0x00,0x01,0x00,0xAA,0x00,0x00,0x00,0x01,0x00,0x00,0x00,0x00,0x00,0x01,
        0x00,0xA7,0x02,0xAB,0x00,0x01,0x00,0x00,0x00,0x00,0x00,0x01,0x00,0xB4,0x00,0x00,0x00,0x01,0x00,0x00,0x00,0x00,0x00,0x01,0x00,0xB4,0x03,0x66,0x00,0x01,0x00,0xB4,
        0x01,0x5E,0x00,0x01,0x00,0x9A,0x00,0x00,0x00,0x01,0x00,0x00,0x00,0x00,0x00,0x01,0x00,0x79,0x03,0x32,0x00,0x01,0x00,0x7F,0x01,0x04,0x00,0x01,0x01,0x17,0x00,0x00,
        0x00,0x01,0x00,0x00,0x00,0x00,0x00,0x01,0x01,0x17,0x03,0x70,0x00,0x01,0x00,0x00,0x00,0x00,0x00,0x01,0x01,0x0C,0x00,0x00,0x00,0x01,0x00,0x00,0x00,0x00,0x00,0x01,
        0x01,0x0C,0x02,0xB5,0x00,0x01,0x00,0x00,0x00,0x00,0x00,0x01,0x01,0x17,0x00,0x00,0x00,0x01,0x00,0x00,0x00,0x00,0x00,0x01,0x01,0x17,0x03,0x70,0x00,0x01,0x00,0x00,
        0x00,0x00,0x00,0x01,0x01,0x0C,0x00,0x00,0x00,0x01,0x00,0x00,0x00,0x00,0x00,0x01,0x01,0x0C,0x02,0xB5,0x00,0x01,0x00,0x00,0x00,0x00,0x00,0x01,0x01,0x17,0x00,0x00,
        0x00,0x01,0x00,0x00,0x00,0x00,0x00,0x01,0x01,0x17,0x03,0x66,0x00,0x01,0x00,0x00,0x00,0x00,0x00,0x01,0x01,0x0C,0x00,0x00,0x00,0x01,0x00,0x00,0x00,0x00,0x00,0x01,
        0x01,0x0C,0x02,0xAB,0x00,0x01,0x00,0x00,0x00,0x00,0x00,0x01,0x00,0xC3,0x00,0x00,0x00,0x01,0x00,0x00,0x00,0x00,0x00,0x01,0x00,0xC3,0x03,0x70,0x00,0x01,0x00,0x00,
        0x00,0x00,0x00,0x01,0x00,0xB2,0x00,0x00,0x00,0x01,0x00,0x00,0x00,0x00,0x00,0x01,0x00,0xB2,0x02,0xB5,0x00,0x01,0x00,0x00,0x00,0x00,0x00,0x01,0x00,0x86,0x00,0x00,
        0x00,0x01,0x00,0x00,0x00,0x00,0x00,0x01,0x00,0xA8,0x03,0x70,0x00,0x01,0x00,0x00,0x00,0x00,0x00,0x01,0x00,0x55,0x00,0x00,0x00,0x01,0x00,0x99,0x00,0x00,0x00,0x01,
        0x00,0x55,0x02,0xAB,0x00,0x01,0x00,0x00,0x00,0x00,0x00,0x02,0x00,0x0F,0x00,0x25,0x00,0x3E,0x00,0x00,0x00,0x45,0x00,0x54,0x00,0x1A,0x00,0x56,0x00,0x5E,0x00,0x2A,
        0x00,0x83,0x00,0x99,0x00,0x33,0x00,0x9B,0x00,0xA0,0x00,0x4A,0x00,0xA3,0x00,0xB2,0x00,0x50,0x00,0xB4,0x00,0xB9,0x00,0x60,0x00,0xBB,0x00,0xC0,0x00,0x66,0x00,0xC2,
        0x01,0x0C,0x00,0x6C,0x01,0x0F,0x01,0x14,0x00,0xB7,0x01,0x17,0x01,0x41,0x00,0xBD,0x01,0x43,0x01,0x4B,0x00,0xE8,0x01,0xB7,0x01,0xCA,0x00,0xF1,0x01,0xCC,0x01,0xCD,
        0x01,0x05,0x02,0x1D,0x02,0x1E,0x01,0x07,0x00,0x02,0x00,0x01,0x01,0x56,0x01,0x68,0x00,0x00,0x00,0x13,0x00,0x02,0x00,0x4E,0x00,0x02,0x00,0x54,0x00,0x02,0x00,0x5A,
        0x00,0x02,0x00,0x60,0x00,0x02,0x00,0x66,0x00,0x02,0x00,0x6C,0x00,0x02,0x00,0x72,0x00,0x02,0x00,0x78,0x00,0x02,0x00,0x7E,0x00,0x02,0x00,0x84,0x00,0x02,0x00,0x8A,
        0x00,0x02,0x00,0x90,0x00,0x00,0x00,0x96,0x00,0x00,0x00,0x9C,0x00,0x01,0x00,0xA2,0x00,0x03,0x00,0xA8,0x00,0x03,0x00,0xAE,0x00,0x03,0x00,0xB4,0x00,0x03,0x00,0xBA,
        0x00,0x01,0x00,0x00,0x01,0xF7,0x00,0x01,0x00,0x00,0x01,0xF7,0x00,0x01,0x00,0x00,0x01,0xF7,0x00,0x01,0x00,0x00,0x01,0xF7,0x00,0x01,0x00,0x00,0x01,0xF7,0x00,0x01,
        0x00,0x00,0x01,0xF7,0x00,0x01,0x00,0x00,0x01,0xF7,0x00,0x01,0x00,0x00,0x01,0xF7,0x00,0x01,0x00,0x00,0x01,0xF7,0x00,0x01,0x00,0x00,0x01,0xF7,0x00,0x01,0x00,0x00,
        0x01,0xF7,0x00,0x01,0x00,0x00,0x01,0xF7,0x00,0x01,0x00,0x00,0x00,0x00,0x00,0x01,0x00,0x00,0x00,0x00,0x00,0x01,0x00,0x47,0x00,0x00,0x00,0x01,0x00,0x00,0x01,0x5E,
        0x00,0x01,0x00,0x00,0x01,0x5E,0x00,0x01,0x00,0x00,0x00,0xFC,0x00,0x01,0x00,0x00,0x01,0x5E,0x00,0x01,0x00,0x30,0x00,0x26,0x00,0x01,0x00,0x38,0x00,0x0C,0x00,0x03,
        0x00,0x08,0x00,0x0E,0x00,0x14,0x00,0x01,0x00,0xFF,0xFF,0x65,0x00,0x01,0x00,0x00,0xFF,0x48,0x00,0x01,0x00,0x00,0xFF,0x65,0x00,0x01,0x00,0x03,0x00,0x7B,0x01,0x62,
        0x01,0x63,0x00,0x01,0x00,0x02,0x01,0x62,0x01,0x63,0x00,0x02,0x00,0x00,0x00,0x0A,0x00,0x00,0x00,0x10,0x00,0x01,0x00,0x00,0x00,0x00,0x00,0x01,0x00,0x00,0x00,0x00,
        0x00,0x01,0x00,0xF6,0x00,0xCE,0x00,0x01,0x01,0x00,0x00,0x0C,0x00,0x18,0x00,0x32,0x00,0x38,0x00,0x3E,0x00,0x44,0x00,0x4A,0x00,0x50,0x00,0x56,0x00,0x5C,0x00,0x62,
        0x00,0x68,0x00,0x6E,0x00,0x74,0x00,0x7A,0x00,0x80,0x00,0x86,0x00,0x8C,0x00,0x92,0x00,0x98,0x00,0x9E,0x00,0xA4,0x00,0xAA,0x00,0xB0,0x00,0xB6,0x00,0xBC,0x00,0x01,
        0x00,0xFA,0x02,0xB5,0x00,0x01,0x00,0xFA,0x02,0xAB,0x00,0x01,0x00,0xFA,0x02,0x93,0x00,0x01,0x00,0xFA,0x02,0xB5,0x00,0x01,0x00,0xFA,0x02,0xB5,0x00,0x01,0x00,0xFA,
        0x02,0xB5,0x00,0x01,0x00,0xFA,0x02,0x93,0x00,0x01,0x00,0xFA,0x02,0xAA,0x00,0x01,0x00,0xFA,0x02,0xAB,0x00,0x01,0x00,0xFA,0x02,0xD3,0x00,0x01,0x00,0xFA,0x02,0x9E,
        0x00,0x01,0x00,0xFA,0x02,0xB5,0x00,0x01,0x00,0x00,0x02,0xB5,0x00,0x01,0x00,0x00,0x02,0xB5,0x00,0x01,0x00,0x00,0x02,0xB5,0x00,0x01,0x00,0x00,0x02,0x9E,0x00,0x01,
        0x00,0x00,0x02,0x93,0x00,0x01,0x00,0x00,0x02,0xAA,0x00,0x01,0x00,0x00,0x02,0xAB,0x00,0x01,0x00,0x00,0x02,0xAB,0x00,0x01,0x00,0x00,0x02,0xD3,0x00,0x01,0x00,0x00,
        0x02,0xB5,0x00,0x01,0x00,0x00,0x02,0xB5,0x00,0x01,0x00,0x00,0x02,0xC9,0x00,0x02,0x00,0x06,0x00,0x44,0x00,0x44,0x00,0x00,0x00,0x6B,0x00,0x6B,0x00,0x01,0x00,0x72,
        0x00,0x72,0x00,0x02,0x00,0x77,0x00,0x77,0x00,0x03,0x01,0x4D,0x01,0x52,0x00,0x04,0x01,0x54,0x01,0x61,0x00,0x0A,0x00,0x02,0x00,0x01,0x01,0x56,0x01,0x61,0x00,0x00,
        0x00,0x0C,0x00,0x00,0x00,0x32,0x00,0x00,0x00,0x38,0x00,0x00,0x00,0x3E,0x00,0x00,0x00,0x44,0x00,0x00,0x00,0x4A,0x00,0x00,0x00,0x50,0x00,0x00,0x00,0x56,0x00,0x00,
        0x00,0x5C,0x00,0x00,0x00,0x62,0x00,0x00,0x00,0x68,0x00,0x00,0x00,0x6E,0x00,0x00,0x00,0x74,0x00,0x01,0x00,0x00,0x01,0xF7,0x00,0x01,0x00,0x00,0x01,0xF7,0x00,0x01,
        0x00,0x00,0x01,0xF7,0x00,0x01,0x00,0x00,0x01,0xF7,0x00,0x01,0x00,0x00,0x01,0xF7,0x00,0x01,0x00,0x00,0x01,0xF7,0x00,0x01,0x00,0x00,0x01,0xF7,0x00,0x01,0x00,0x00,
        0x01,0xF7,0x00,0x01,0x00,0x00,0x01,0xF7,0x00,0x01,0x00,0x00,0x01,0xF7,0x00,0x01,0x00,0x00,0x01,0xF7,0x00,0x01,0x00,0x00,0x01,0xF7,0x00,0x00,0x00,0x00,0x00,0x01,
        0x00,0x00,0x00,0x00,0xE5,0x0D,0xB7,0x93,0x00,0x00,0x00,0x00,0xD8,0x92,0x0E,0xBB,0x00,0x00,0x00,0x00,0xE5,0x92,0x7F,0xC1,
    };
}
